adunare cu precizie fp64,adunare cu precizie double2,adunare cu precizie fp128
1.11877580660428,1.1187758066042773896775486264232313,1.1187758066042773896775486264232313
0.979576065449424,0.97957606544942388282493084261659533,0.97957606544942388282493084261659533
1.53954910201648,1.5395491020164785433976817330403719,1.5395491020164785433976817330403719
1.44709801686833,1.4470980168683273969776337253279053,1.4470980168683273969776337253279053
0.676005079728139,0.67600507972813886348184553298779065,0.67600507972813886348184553298779065
1.02722010883459,1.0272201088345888492225910226807173,1.0272201088345888492225910226807173
0.821221782198024,0.82122178219802433041252243128838018,0.82122178219802433041252243128838018
1.49094472766379,1.4909447276637897150664002765552141,1.4909447276637897150664002765552141
1.51788997955476,1.5178899795547569073761451363679953,1.5178899795547569073761451363679953
1.00136648954812,1.0013664895481196870363760353939142,1.0013664895481196870363760353939142
1.76334548423158,1.7633454842315836597066436297609471,1.7633454842315836597066436297609471
1.149479756135,1.1494797561349965331345401864382438,1.1494797561349965331345401864382438
1.06580087075764,1.0658008707576432094743523748547886,1.0658008707576432094743523748547886
1.15000039090025,1.1500003909002523005966622804407962,1.1500003909002523005966622804407962
1.06442883866037,1.0644288386603730778290355374338105,1.0644288386603730778290355374338105
1.54410653799877,1.5441065379987698458208456031570677,1.5441065379987698458208456031570677
1.74921033944366,1.7492103394436554486546242515032645,1.7492103394436554486546242515032645
1.76767131796018,1.7676713179601826197995251277461648,1.7676713179601826197995251277461648
1.66792985840782,1.6679298584078184886081430704507511,1.6679298584078184886081430704507511
1.02326019496215,1.0232601949621504267007310318149393,1.0232601949621504267007310318149393
0.755186303608752,0.75518630360875177442991912357683759,0.75518630360875177442991912357683759
1.26576317269717,1.2657631726971692032179817033465952,1.2657631726971692032179817033465952
1.14849563283611,1.1484956328361066724141892336774617,1.1484956328361066724141892336774617
1.38513159899384,1.3851315989938403072656569747778121,1.3851315989938403072656569747778121
1.64604305070797,1.6460430507079713002838161628460512,1.6460430507079713002838161628460512
0.975792026619723,0.97579202661972322396799484067742014,0.97579202661972322396799484067742014
0.813778635120784,0.81377863512078441043939847077126615,0.81377863512078441043939847077126615
0.599469069294564,0.59946906929456381107890194925857941,0.59946906929456381107890194925857941
1.20232795383322,1.2023279538332192206695481218048371,1.2023279538332192206695481218048371
0.656560205641139,0.65656020564113953819074254170118365,0.65656020564113953819074254170118365
0.736914833525524,0.73691483352552406005386842480220366,0.73691483352552406005386842480220366
1.7615774377204,1.7615774377203990974649627787584905,1.7615774377203990974649627787584905
0.952332251456588,0.95233225145658795263159390742657706,0.95233225145658795263159390742657706
1.71409058727693,1.7140905872769255369192364923947025,1.7140905872769255369192364923947025
1.89165098596051,1.8916509859605122878534189112542663,1.8916509859605122878534189112542663
0.87331332123034,0.87331332123034000058936499044648372,0.87331332123034000058936499044648372
1.19338093818148,1.1933809381814817207612122729187831,1.1933809381814817207612122729187831
1.08312038985468,1.0831203898546774566646888615650823,1.0831203898546774566646888615650823
1.554320286036,1.5543202860360029182729135754925665,1.5543202860360029182729135754925665
1.27539400762628,1.2753940076262781921911937388358638,1.2753940076262781921911937388358638
1.11673605354287,1.1167360535428727530415926594287157,1.1167360535428727530415926594287157
1.12515941140615,1.1251594114061489459999165774206631,1.1251594114061489459999165774206631
0.320506499283826,0.32050649928382565767570611114933854,0.32050649928382565767570611114933854
1.00730721746155,1.0073072174615521623408653795195278,1.0073072174615521623408653795195278
0.460664149319615,0.46066414931961482959188458607968641,0.46066414931961482959188458607968641
0.949451337218172,0.94945133721817173699797365316044306,0.94945133721817173699797365316044306
0.544985295348354,0.54498529534835454812835564553097356,0.54498529534835454812835564553097356
0.69287172293203,0.69287172293203039274978038974950323,0.69287172293203039274978038974950323
0.798768118709836,0.79876811870983621677311248276964761,0.79876811870983621677311248276964761
0.97399464341503,0.9739946434150297815968144732323708,0.9739946434150297815968144732323708
1.33178546001233,1.3317854600123285591095623203727882,1.3317854600123285591095623203727882
0.82758495168339,0.82758495168339019087966335064265877,0.82758495168339019087966335064265877
1.31729036290033,1.3172903629003311909428930448484607,1.3172903629003311909428930448484607
0.338251305485929,0.33825130548592899359938712677831063,0.33825130548592899359938712677831063
0.669668928977587,0.66966892897758689695564271460170858,0.66966892897758689695564271460170858
1.00959557622373,1.0095955762237262265390569382361718,1.0095955762237262265390569382361718
1.21236129005165,1.2123612900516502755010606051655486,1.2123612900516502755010606051655486
1.46984519101264,1.4698451910126403285872243031917606,1.4698451910126403285872243031917606
1.30630070915187,1.3063007091518697988519193131651264,1.3063007091518697988519193131651264
1.4829679833154,1.4829679833153978085746871329320129,1.4829679833153978085746871329320129
1.76792362276421,1.7679236227642123324699241493362933,1.7679236227642123324699241493362933
0.906413986225543,0.90641398622554292252573304722318426,0.90641398622554292252573304722318426
0.863679444650447,0.86367944465044665935948842161451466,0.86367944465044665935948842161451466
1.41050923865098,1.4105092386509811008821202449325938,1.4105092386509811008821202449325938
1.10046475569832,1.1004647556983199185864918945298996,1.1004647556983199185864918945298996
1.68730005019926,1.6873000501992599931000427204708103,1.6873000501992599931000427204708103
1.14493245267544,1.1449324526754445230380952125415206,1.1449324526754445230380952125415206
0.40183114058565,0.40183114058565030934921935568127083,0.40183114058565030934921935568127083
1.18069500481516,1.1806950048151581000865917303599417,1.1806950048151581000865917303599417
0.406004782034811,0.40600478203481069061631103522813646,0.40600478203481069061631103522813646
1.06299140072226,1.0629914007222648342221305028942879,1.0629914007222648342221305028942879
1.17598200306959,1.1759820030695936066145179665909382,1.1759820030695936066145179665909382
0.925563049069763,0.92556304906976279156527454006209155,0.92556304906976279156527454006209155
0.693458715544023,0.6934587155440232741909767355537042,0.6934587155440232741909767355537042
1.52452347119773,1.5245234711977316832687279202218633,1.5245234711977316832687279202218633
1.81938608296165,1.8193860829616450569545804683002643,1.8193860829616450569545804683002643
0.782114721557438,0.7821147215574379973901386620127596,0.7821147215574379973901386620127596
0.53902731438104,0.53902731438103965166952491472329712,0.53902731438103965166952491472329712
1.77981387447292,1.7798138744729183891024604236008599,1.7798138744729183891024604236008599
1.18176350252902,1.1817635025290196271186005105846561,1.1817635025290196271186005105846561
1.15168550439458,1.1516855043945798953153314414521446,1.1516855043945798953153314414521446
1.56267415650863,1.5626741565086275098650503423414193,1.5626741565086275098650503423414193
1.84809228113109,1.8480922811310948050689262345258612,1.8480922811310948050689262345258612
1.10627606684727,1.106276066847274197613160140463151,1.106276066847274197613160140463151
1.10463639152602,1.104636391526019889575138677173527,1.104636391526019889575138677173527
1.72427227507347,1.724272275073466031969360301445704,1.724272275073466031969360301445704
1.09176680810243,1.0917668081024320680949557527128491,1.0917668081024320680949557527128491
1.34324900709985,1.3432490070998526210388490653713234,1.3432490070998526210388490653713234
0.899095582514099,0.89909558251409871232340265123639256,0.89909558251409871232340265123639256
1.62633641140076,1.6263364114007649030568813941499684,1.6263364114007649030568813941499684
0.724894471419405,0.72489447141940482888244901005236898,0.72489447141940482888244901005236898
1.14806691099185,1.1480669109918513193235867220209911,1.1480669109918513193235867220209911
1.02052730965273,1.0205273096527331944116667727939785,1.0205273096527331944116667727939785
1.02131363481691,1.0213136348169070122260393418400781,1.0213136348169070122260393418400781
0.55782421951448,0.55782421951448041275156697338388767,0.55782421951448041275156697338388767
1.45239059904407,1.4523905990440683089204298994445708,1.4523905990440683089204298994445708
1.63617502882982,1.6361750288298226863048512313980609,1.6361750288298226863048512313980609
1.35847416568714,1.3584741656871420767416225316992495,1.3584741656871420767416225316992495
0.796536673267172,0.79653667326717159102855703167733736,0.79653667326717159102855703167733736
0.798060125051157,0.79806012505115697663882201595697552,0.79806012505115697663882201595697552
1.64788829889208,1.6478882988920756647033272201952059,1.6478882988920756647033272201952059
0.645955570004549,0.64595557000454889573504146937921178,0.64595557000454889573504146937921178
0.396211252680634,0.39621125268063435431731278413280961,0.39621125268063435431731278413280961
1.20094581323334,1.2009458132333414859260756202274933,1.2009458132333414859260756202274933
0.630128960565984,0.63012896056598433069950715434970334,0.63012896056598433069950715434970334
1.17080247469223,1.1708024746922262582238261074962793,1.1708024746922262582238261074962793
0.906244681543079,0.90624468154307888378973245835368289,0.90624468154307888378973245835368289
1.24939438474301,1.2493943847430150073662957765918691,1.2493943847430150073662957765918691
0.803707881611602,0.80370788161160178209030391371925361,0.80370788161160178209030391371925361
1.36589359327193,1.3658935932719300510029825090896338,1.3658935932719300510029825090896338
0.907537484138354,0.90753748413835411135153208306292072,0.90753748413835411135153208306292072
0.463542827831386,0.46354282783138595069871712439635303,0.46354282783138595069871712439635303
0.622491578325783,0.62249157832578277949053813244972844,0.62249157832578277949053813244972844
0.540365162089042,0.54036516208904211699959319048502948,0.54036516208904211699959319048502948
0.750479097616585,0.7504790976165848226386856367753353,0.7504790976165848226386856367753353
0.875657689700821,0.87565768970082091815498870346345939,0.87565768970082091815498870346345939
1.25957196466806,1.2595719646680629821844377147499472,1.2595719646680629821844377147499472
1.36486059442725,1.3648605944272478307510709782945924,1.3648605944272478307510709782945924
1.67160154476598,1.6716015447659802184432464855490252,1.6716015447659802184432464855490252
1.36293520786933,1.3629352078693278693677370938530657,1.3629352078693278693677370938530657
1.04244740729943,1.0424474072994340811959546044818126,1.0424474072994340811959546044818126
0.63913102620425,0.63913102620425005229165549280878622,0.63913102620425005229165549280878622
1.30445080886558,1.3044508088655806243849610837060027,1.3044508088655806243849610837060027
0.595168821802624,0.59516882180262431489836671971715987,0.59516882180262431489836671971715987
1.27597032104008,1.2759703210400802353419180690252688,1.2759703210400802353419180690252688
1.15531822401905,1.1553182240190454921346940864168573,1.1553182240190454921346940864168573
1.19924361082933,1.1992436108293315077943930191395339,1.1992436108293315077943930191395339
1.36321627991833,1.3632162799183276113978990906616673,1.3632162799183276113978990906616673
0.879711167052796,0.8797111670527960614052176424593199,0.8797111670527960614052176424593199
0.705682083836148,0.70568208383614755563328913012810517,0.70568208383614755563328913012810517
1.02007898709633,1.0200789870963271610548872558865696,1.0200789870963271610548872558865696
0.575490013081853,0.57549001308185260272765049194276799,0.57549001308185260272765049194276799
0.338802433372955,0.33880243337295486150129164570898865,0.33880243337295486150129164570898865
1.09577832830128,1.0957783283012805242151443962939084,1.0957783283012805242151443962939084
1.45002285969263,1.4500228596926334478922626658459194,1.4500228596926334478922626658459194
1.65048434776585,1.6504843477658504014016216387972236,1.6504843477658504014016216387972236
1.19878666341566,1.1987866634156634226826554368017241,1.1987866634156634226826554368017241
0.678386172091145,0.67838617209114515649304166799993254,0.67838617209114515649304166799993254
0.998228160421799,0.99822816042179940421164019426214509,0.99822816042179940421164019426214509
1.12819728407188,1.1281972840718824668826414381328505,1.1281972840718824668826414381328505
0.981321588212602,0.98132158821260229153438103821827099,0.98132158821260229153438103821827099
0.632615166380171,0.63261516638017056823883876859326847,0.63261516638017056823883876859326847
1.48265590927606,1.4826559092760565050639343098737299,1.4826559092760565050639343098737299
0.380616734262468,0.38061673426246783735749090737954248,0.38061673426246783735749090737954248
1.31713767583451,1.317137675834511356676159721246222,1.317137675834511356676159721246222
1.12067884056455,1.1206788405645541351063343427085783,1.1206788405645541351063343427085783
1.36369525377747,1.3636952537774741367471165176539216,1.3636952537774741367471165176539216
0.880928034532442,0.88092803453244156175472312497731764,0.88092803453244156175472312497731764
1.10792365708762,1.1079236570876247469641384668648243,1.1079236570876247469641384668648243
0.98927742210495,0.98927742210494989949509658799797762,0.98927742210494989949509658799797762
0.786214713306432,0.78621471330643230568391288670682115,0.78621471330643230568391288670682115
1.22486041898204,1.2248604189820377907693682573153637,1.2248604189820377907693682573153637
1.08540501617057,1.0854050161705676158518940610520076,1.0854050161705676158518940610520076
1.57202048196214,1.572020481962142279819261148077203,1.572020481962142279819261148077203
0.768687657360935,0.76868765736093547236151835022610612,0.76868765736093547236151835022610612
0.966714733801158,0.96671473380115846563143122693873011,0.96671473380115846563143122693873011
1.10093159532633,1.1009315953263278387019852289085975,1.1009315953263278387019852289085975
0.689980958649034,0.68998095864903402629764173070725519,0.68998095864903402629764173070725519
1.45537044681026,1.4553704468102587332722919200023171,1.4553704468102587332722919200023171
1.25133515380232,1.2513351538023246289910161976877134,1.2513351538023246289910161976877134
1.27485574820618,1.2748557482061806389594948996091262,1.2748557482061806389594948996091262
1.05058571859966,1.0505857185996596570021210936829448,1.0505857185996596570021210936829448
0.90945838278692,0.90945838278692037182082685831119306,0.90945838278692037182082685831119306
1.22808452771271,1.2280845277127060422017734708788339,1.2280845277127060422017734708788339
1.13371344106014,1.1337134410601369394200332862965297,1.1337134410601369394200332862965297
1.11847658186759,1.1184765818675898030321036458190065,1.1184765818675898030321036458190065
0.624057306659831,0.62405730665983055738266216394549701,0.62405730665983055738266216394549701
1.33703189181385,1.337031891813849182604201359936269,1.337031891813849182604201359936269
1.81048514664139,1.8104851466413910410224730185291264,1.8104851466413910410224730185291264
1.2107441754043,1.2107441754042990167405946522194427,1.2107441754042990167405946522194427
0.982324012942084,0.9823240129420843791407946810068097,0.9823240129420843791407946810068097
1.04458798441538,1.0445879844153767579406633103644708,1.0445879844153767579406633103644708
1.59844429841367,1.5984442984136707499587259917461779,1.5984442984136707499587259917461779
0.860511774837722,0.86051177483772167686737475378322415,0.86051177483772167686737475378322415
1.39542033876084,1.395420338760838596670055267168209,1.395420338760838596670055267168209
1.44767850527695,1.4476785052769525208304912666790187,1.4476785052769525208304912666790187
1.43963881713632,1.4396388171363202479469123318267521,1.4396388171363202479469123318267521
1.45783831190075,1.457838311900746197657952052395558,1.457838311900746197657952052395558
1.03810687233152,1.0381068723315155233333229034542455,1.0381068723315155233333229034542455
1.09144940074376,1.0914494007437592903997369830904063,1.0914494007437592903997369830904063
0.994156288672688,0.99415628867268787671740426503674826,0.99415628867268787671740426503674826
1.2211073530338,1.2211073530337956949409772278158925,1.2211073530337956949409772278158925
0.549553867069967,0.54955386706996721402074257412095903,0.54955386706996721402074257412095903
1.08853906446175,1.0885390644617471966881794287473895,1.0885390644617471966881794287473895
1.15770671044457,1.1577067104445651901656333393475506,1.1577067104445651901656333393475506
1.18750111797909,1.1875011179790898596664305841841269,1.1875011179790898596664305841841269
0.690252007987501,0.6902520079875007485981086574611254,0.6902520079875007485981086574611254
1.11516117108444,1.1151611710844391289754184981575236,1.1151611710844391289754184981575236
1.67248758265541,1.6724875826554088664721575696603395,1.6724875826554088664721575696603395
1.02842795318802,1.0284279531880244906716370678623207,1.0284279531880244906716370678623207
1.24776978736978,1.2477697873697756736355302109586773,1.2477697873697756736355302109586773
1.68726195651055,1.687261956510554439248039670928847,1.687261956510554439248039670928847
1.22278602675825,1.2227860267582544295805746514815837,1.2227860267582544295805746514815837
0.380856063608568,0.38085606360856827379279820888768882,0.38085606360856827379279820888768882
0.418408150523107,0.41840815052310717514494342594844056,0.41840815052310717514494342594844056
1.01243392064288,1.0124339206428815129967802022292744,1.0124339206428815129967802022292744
1.19547366037347,1.1954736603734651412267453451931942,1.1954736603734651412267453451931942
1.51724245688872,1.5172424568887176166143149202980567,1.5172424568887176166143149202980567
1.21053291814968,1.2105329181496805590612098058045376,1.2105329181496805590612098058045376
1.61373695563294,1.6137369556329377306980177309014834,1.6137369556329377306980177309014834
1.70479660220658,1.7047966022065840219212873307697009,1.7047966022065840219212873307697009
1.25022621055513,1.2502262105551349424814588928711601,1.2502262105551349424814588928711601
1.43856774942526,1.4385677494252580022049414765206166,1.4385677494252580022049414765206166
0.975095398335017,0.97509539833501740480059538640489336,0.97509539833501740480059538640489336
0.998671844254662,0.99867184425466226649348300270503387,0.99867184425466226649348300270503387
1.708019570933,1.7080195709329996089920200574852061,1.7080195709329996089920200574852061
1.79114578845891,1.7911457884589145894693729132995941,1.7911457884589145894693729132995941
0.697411581392616,0.6974115813926160534208520402899012,0.6974115813926160534208520402899012
0.447063914629171,0.4470639146291709442593287349154707,0.4470639146291709442593287349154707
0.56207681760909,0.56207681760908984047730996280733962,0.56207681760908984047730996280733962
1.3687863722072,1.3687863722071998973106587982329074,1.3687863722071998973106587982329074
1.37942166252579,1.379421662525788794262382452870952,1.379421662525788794262382452870952
1.69448988739035,1.6944898873903514457950336691283155,1.6944898873903514457950336691283155
0.835770444841805,0.83577044484180532113448691688972758,0.83577044484180532113448691688972758
1.38287960114828,1.3828796011482816785687077754118945,1.3828796011482816785687077754118945
1.18937886490242,1.1893788649024186199198993563186377,1.1893788649024186199198993563186377
0.81680147162084,0.81680147162084007494975423924188362,0.81680147162084007494975423924188362
1.34624843823878,1.3462484382387808201642087624350097,1.3462484382387808201642087624350097
1.03664698822567,1.0366469882256702517153712506114971,1.0366469882256702517153712506114971
1.19251098247424,1.192510982474236036487980072706705,1.192510982474236036487980072706705
1.24273433655111,1.2427343365511078765450747596332803,1.2427343365511078765450747596332803
1.34604182904983,1.346041829049833382647705093404511,1.346041829049833382647705093404511
1.13071817287243,1.1307181728724293168220071947871475,1.1307181728724293168220071947871475
0.710430929575641,0.71043092957564130118797152135812212,0.71043092957564130118797152135812212
1.30790146743551,1.3079014674355079472789498140627984,1.3079014674355079472789498140627984
0.652608339453685,0.65260833945368518227425624900206458,0.65260833945368518227425624900206458
1.19655593358067,1.1965559335806662810686162856654846,1.1965559335806662810686162856654846
0.363503074436274,0.36350307443627374870409596496756421,0.36350307443627374870409596496756421
0.949632923137144,0.9496329231371443135856225126190111,0.9496329231371443135856225126190111
1.57878214386556,1.5787821438655578187848504967405461,1.5787821438655578187848504967405461
0.372524079647836,0.37252407964783579297218807369063143,0.37252407964783579297218807369063143
1.42926559037966,1.4292655903796597227639608718163799,1.4292655903796597227639608718163799
1.15849265594285,1.1584926559428491144032591364521068,1.1584926559428491144032591364521068
1.84971842545982,1.8497184254598174613093419793585781,1.8497184254598174613093419793585781
1.71991454004163,1.7199145400416337992055559880100191,1.7199145400416337992055559880100191
1.0993668578883,1.0993668578883030173543033924943302,1.0993668578883030173543033924943302
0.952415238205764,0.95241523820576357017841928609414026,0.95241523820576357017841928609414026
1.47786706965658,1.4778670696565789910437160870060325,1.4778670696565789910437160870060325
1.44459873603575,1.4445987360357521733789099016576074,1.4445987360357521733789099016576074
1.57979696840275,1.5797969684027464154496556147933006,1.5797969684027464154496556147933006
0.868051536438965,0.86805153643896471038488016347400844,0.86805153643896471038488016347400844
0.502762752896805,0.50276275289680527613711547019192949,0.50276275289680527613711547019192949
0.596377814679408,0.59637781467940839674746200671506813,0.59637781467940839674746200671506813
1.60934017369657,1.6093401736965702308879144766251557,1.6093401736965702308879144766251557
0.741163854267838,0.74116385426783826240182406763778999,0.74116385426783826240182406763778999
0.669296851317255,0.66929685131725530355950581906654406,0.66929685131725530355950581906654406
0.576391484082466,0.57639148408246576593683130340650678,0.57639148408246576593683130340650678
1.27356027775799,1.2735602777579893007953160122269765,1.2735602777579893007953160122269765
0.335676965780069,0.33567696578006889218670494301477447,0.33567696578006889218670494301477447
1.01347476148337,1.0134747614833713169613105264943442,1.0134747614833713169613105264943442
1.08369727741779,1.0836972774177896505776175217761192,1.0836972774177896505776175217761192
0.92922775480797,0.92922775480797009661770857746887486,0.92922775480797009661770857746887486
1.50508368626086,1.5050836862608605315472232177853584,1.5050836862608605315472232177853584
1.04291494694041,1.0429149469404123129478989540075418,1.0429149469404123129478989540075418
1.04294037391187,1.0429403739118736360591555012433673,1.0429403739118736360591555012433673
1.95604363170495,1.9560436317049547660928965342463925,1.9560436317049547660928965342463925
0.675193985379208,0.6751939853792076617899908796971431,0.6751939853792076617899908796971431
1.36511915463033,1.3651191546303274026996632528607734,1.3651191546303274026996632528607734
1.58220740958597,1.5822074095859732789648433026741259,1.5822074095859732789648433026741259
0.750604169872467,0.75060416987246714182191453801351599,0.75060416987246714182191453801351599
1.0945459125344,1.0945459125344016992897877571522258,1.0945459125344016992897877571522258
1.1811546037911,1.1811546037911003770304319004935678,1.1811546037911003770304319004935678
0.757982649775706,0.75798264977570597999978474490490044,0.75798264977570597999978474490490044
0.717480052252631,0.71748005225263133954882732723490335,0.71748005225263133954882732723490335
1.40589109432801,1.4058910943280082950224141313810833,1.4058910943280082950224141313810833
1.15009211851592,1.150092118515924299870789582200814,1.150092118515924299870789582200814
0.899897618403419,0.89989761840341853105229574794066139,0.89989761840341853105229574794066139
1.07477281362457,1.0747728136245718877361809973081108,1.0747728136245718877361809973081108
1.11140569821876,1.1114056982187587863109001773409545,1.1114056982187587863109001773409545
0.360637389371433,0.36063738937143269280838353552098852,0.36063738937143269280838353552098852
0.808644663863744,0.80864466386374378448209654379752465,0.80864466386374378448209654379752465
1.50160316854992,1.5016031685499239278769323391315993,1.5016031685499239278769323391315993
1.13951381280327,1.139513812803271464169085902540246,1.139513812803271464169085902540246
0.885587105122645,0.8855871051226448242843503066978883,0.8855871051226448242843503066978883
0.8771176840371,0.87711768403710024810671086470392765,0.87711768403710024810671086470392765
0.939070583149776,0.93907058314977553958868838890339248,0.93907058314977553958868838890339248
1.56755190114361,1.56755190114360587472219776827842,1.56755190114360587472219776827842
0.996611970528463,0.9966119705284630647668109304504469,0.9966119705284630647668109304504469
0.726782091460247,0.72678209146024708164901539930724539,0.72678209146024708164901539930724539
1.24046933438873,1.2404693343887287504401228943606839,1.2404693343887287504401228943606839
1.2551550628322,1.2551550628321996860847775678848848,1.2551550628321996860847775678848848
1.19692712544545,1.1969271254454511010933970283076633,1.1969271254454511010933970283076633
1.1176601088689,1.1176601088688976615159731409221422,1.1176601088688976615159731409221422
1.14938660724586,1.1493866072458566729430629038688494,1.1493866072458566729430629038688494
0.772418020751082,0.77241802075108223490929049148689955,0.77241802075108223490929049148689955
1.2920886110258,1.2920886110257956413960300778853707,1.2920886110257956413960300778853707
1.2581161620424,1.2581161620423970681770242663333192,1.2581161620423970681770242663333192
1.38894080261012,1.388940802610118097071278953080764,1.388940802610118097071278953080764
1.22905445797708,1.2290544579770793509609916327462997,1.2290544579770793509609916327462997
0.85696335470412,0.85696335470411999502005073736654595,0.85696335470411999502005073736654595
0.976890281798485,0.97689028179848469424229051583097316,0.97689028179848469424229051583097316
1.03354540692555,1.0335454069255523013026731860009022,1.0335454069255523013026731860009022
0.716653819661996,0.71665381966199642738146735609916504,0.71665381966199642738146735609916504
1.23826010013979,1.2382601001397948170534846212831326,1.2382601001397948170534846212831326
1.58936347899063,1.5893634789906334603415416495408863,1.5893634789906334603415416495408863
1.37392487390302,1.3739248739030238688485496822977439,1.3739248739030238688485496822977439
0.579818288842482,0.57981828884248176603222191261011176,0.57981828884248176603222191261011176
1.20742660162266,1.2074266016226629094632016858668067,1.2074266016226629094632016858668067
1.3792375968392,1.3792375968391999974116401972423773,1.3792375968391999974116401972423773
1.0346293712248,1.0346293712247957574668077995738713,1.0346293712247957574668077995738713
0.330943374699001,0.33094337469900064752081902952340897,0.33094337469900064752081902952340897
1.58686413444479,1.5868641344447890206836859761097003,1.5868641344447890206836859761097003
1.45252024373826,1.4525202437382650488828517154615838,1.4525202437382650488828517154615838
0.971038612780227,0.9710386127802268507736016545095481,0.9710386127802268507736016545095481
1.34677041422149,1.3467704142214891316342573190922849,1.3467704142214891316342573190922849
0.645378547135225,0.64537854713522518901314128925150726,0.64537854713522518901314128925150726
1.77613357796389,1.7761335779638938170421624818118289,1.7761335779638938170421624818118289
0.843736594307756,0.84373659430775588274897813789721113,0.84373659430775588274897813789721113
1.03807762709451,1.0380776270945072936591202505951514,1.0380776270945072936591202505951514
0.345684659170059,0.34568465917005922194427114391146461,0.34568465917005922194427114391146461
0.432045673461378,0.43204567346137792704929836418159539,0.43204567346137792704929836418159539
1.60933496562758,1.6093349656275751646816729589772876,1.6093349656275751646816729589772876
1.57546555450372,1.5754655545037242747596906156104524,1.5754655545037242747596906156104524
1.1067256390207,1.1067256390207004246306610184547026,1.1067256390207004246306610184547026
1.52967303020168,1.5296730302016805502773877378785983,1.5296730302016805502773877378785983
0.865713274743564,0.86571327474356435383029406693822239,0.86571327474356435383029406693822239
1.43569653775885,1.4356965377588456478363809765141923,1.4356965377588456478363809765141923
1.57607126954841,1.5760712695484077050522842000646051,1.5760712695484077050522842000646051
0.926044416514568,0.92604441651456825823629515070933849,0.92604441651456825823629515070933849
1.06721529386852,1.0672152938685166845278473601865699,1.0672152938685166845278473601865699
0.595935381243305,0.59593538124330514005322356752003543,0.59593538124330514005322356752003543
0.62545029807575,0.62545029807575037994471500724102953,0.62545029807575037994471500724102953
0.774897221183528,0.77489722118352752366909896863944596,0.77489722118352752366909896863944596
1.00918759645046,1.0091875964504606333349556734901853,1.0091875964504606333349556734901853
1.51297588759334,1.5129758875933444484118695072538685,1.5129758875933444484118695072538685
0.909748444951362,0.90974844495136164557180791234713979,0.90974844495136164557180791234713979
0.902206665393393,0.90220666539339328116042793226370122,0.90220666539339328116042793226370122
1.13775556521105,1.1377555652110539208266004607139621,1.1377555652110539208266004607139621
0.908232250071032,0.90823225007103181027900973276700824,0.90823225007103181027900973276700824
0.751188251103312,0.75118825110331222116855087733711116,0.75118825110331222116855087733711116
0.746410277986245,0.74641027798624481892630910806474276,0.74641027798624481892630910806474276
1.37151575955508,1.3715157595550780955662162341468502,1.3715157595550780955662162341468502
0.771839465846802,0.77183946584680207525508421895210631,0.77183946584680207525508421895210631
1.44861155982088,1.4486115598208818555647781067818869,1.4486115598208818555647781067818869
1.11574495988148,1.1157449598814843660932183411205187,1.1157449598814843660932183411205187
0.489861695993703,0.48986169599370324445608559926768066,0.48986169599370324445608559926768066
1.43477286961577,1.4347728696157709959990711467980873,1.4347728696157709959990711467980873
0.849098626479068,0.84909862647906783617024473187484546,0.84909862647906783617024473187484546
1.10417616717415,1.1041761671741503469945655524497852,1.1041761671741503469945655524497852
0.855301608752208,0.85530160875220781480088305670506088,0.85530160875220781480088305670506088
0.644762936413862,0.64476293641386206445531570352613926,0.64476293641386206445531570352613926
1.23210148566891,1.2321014856689096461650478886440396,1.2321014856689096461650478886440396
1.03679467899819,1.036794678998191110430582284607226,1.036794678998191110430582284607226
1.2695442351304,1.2695442351304033756775879737688228,1.2695442351304033756775879737688228
0.747310162447062,0.74731016244706216511417551373597234,0.74731016244706216511417551373597234
1.00403489988381,1.0040348998838104499498058430617675,1.0040348998838104499498058430617675
0.96350940167885,0.96350940167884990827928959333803505,0.96350940167884990827928959333803505
1.2290976281614,1.2290976281614025555910529874381609,1.2290976281614025555910529874381609
1.14501373583671,1.1450137358367077355936203275632579,1.1450137358367077355936203275632579
1.11589342980963,1.1158934298096293558089087127882522,1.1158934298096293558089087127882522
0.861917659796766,0.86191765979676565612166427854390349,0.86191765979676565612166427854390349
1.10772738437811,1.1077273843781135775898860629240517,1.1077273843781135775898860629240517
0.980349082711767,0.98034908271176679495084727022913285,0.98034908271176679495084727022913285
1.07360924271424,1.0736092427142353011859654543513898,1.0736092427142353011859654543513898
1.12925939623384,1.1292593962338428881242435863896389,1.1292593962338428881242435863896389
0.789388053370517,0.78938805337051676236370667538722046,0.78938805337051676236370667538722046
0.753825266992087,0.75382526699208657339212891201896127,0.75382526699208657339212891201896127
0.967463352157232,0.96746335215723244793650792416883633,0.96746335215723244793650792416883633
1.40551930660821,1.4055193066082148911632998533605132,1.4055193066082148911632998533605132
1.31608301073951,1.3160830107395095067701618063438218,1.3160830107395095067701618063438218
1.2933756743201,1.2933756743201000327658789501583669,1.2933756743201000327658789501583669
1.05418726450526,1.0541872645052601242809942050371319,1.0541872645052601242809942050371319
1.61946723512706,1.6194672351270613663842823370941915,1.6194672351270613663842823370941915
0.364297645001001,0.36429764500100117463610160939424532,0.36429764500100117463610160939424532
0.938754108048523,0.93875410804852288393362869101110846,0.93875410804852288393362869101110846
0.908971284279019,0.90897128427901924263565547335019801,0.90897128427901924263565547335019801
0.606021960067954,0.60602196006795411298284648182743695,0.60602196006795411298284648182743695
0.674072503700213,0.67407250370021323804259338885458419,0.67407250370021323804259338885458419
0.472070857998101,0.47207085799810077908489347464637831,0.47207085799810077908489347464637831
1.07887410416639,1.0788741041663886255363991040212568,1.0788741041663886255363991040212568
1.8234269288051,1.823426928805102154029782468569465,1.823426928805102154029782468569465
0.799101539848399,0.79910153984839862872924243220040808,0.79910153984839862872924243220040808
0.817588941063042,0.81758894106304202953339199666515924,0.81758894106304202953339199666515924
0.968107770591704,0.96810777059170405323129671160131693,0.96810777059170405323129671160131693
1.42533953722442,1.4253395372244160865804474269680213,1.4253395372244160865804474269680213
0.397172784827994,0.39717278482799375782796857947687386,0.39717278482799375782796857947687386
1.22870508085642,1.2287050808564171644476914480037522,1.2287050808564171644476914480037522
0.438228919189316,0.43822891918931580756968457990296884,0.43822891918931580756968457990296884
1.11485962602555,1.1148596260255461132260279555339366,1.1148596260255461132260279555339366
1.267329478478,1.2673294784779969290866574738174677,1.2673294784779969290866574738174677
0.815107407811917,0.81510740781191659554139050669618882,0.81510740781191659554139050669618882
1.61157134687148,1.611571346871480070461757350130938,1.611571346871480070461757350130938
0.994856857227476,0.9948568572274763821550180864505819,0.9948568572274763821550180864505819
1.30965109263353,1.3096510926335267477327306551160291,1.3096510926335267477327306551160291
0.437776996135728,0.43777699613572812475936757437011693,0.43777699613572812475936757437011693
1.02678105544645,1.0267810554464452121870010614657076,1.0267810554464452121870010614657076
1.31789444111613,1.3178944411161348515548752402537502,1.3178944411161348515548752402537502
1.66483186773267,1.6648318677326724435161509063618723,1.6648318677326724435161509063618723
1.15515897557034,1.1551589755703358108895884015510092,1.1551589755703358108895884015510092
1.16032605070208,1.1603260507020810576861435947648715,1.1603260507020810576861435947648715
0.457912768250868,0.45791276825086765778216602029715432,0.45791276825086765778216602029715432
1.81731177346789,1.8173117734678868595565859322960023,1.8173117734678868595565859322960023
0.92117472622152,0.92117472622152007932783135402132757,0.92117472622152007932783135402132757
1.47388130156511,1.4738813015651144322504251249483787,1.4738813015651144322504251249483787
0.781047721337452,0.78104772133745181683650571358157322,0.78104772133745181683650571358157322
0.839508866333733,0.83950886633373289491544255724875256,0.83950886633373289491544255724875256
1.09089128835186,1.0908912883518590286602290007067495,1.0908912883518590286602290007067495
0.416125430966173,0.41612543096617277127435841066471767,0.41612543096617277127435841066471767
0.873804445816402,0.87380444581640254186893912446976174,0.87380444581640254186893912446976174
0.384533586369953,0.38453358636995302322070244827045826,0.38453358636995302322070244827045826
1.28415320342842,1.2841532034284246499566961574601009,1.2841532034284246499566961574601009
1.59848500496584,1.5984850049658433368549026454275008,1.5984850049658433368549026454275008
0.776900798334427,0.77690079833442726719994197992491536,0.77690079833442726719994197992491536
0.71824053836693,0.7182405383669297482818194566789316,0.7182405383669297482818194566789316
1.86887943889911,1.8688794388991092354501688532764092,1.8688794388991092354501688532764092
1.2684150755184,1.2684150755184007697273784742719727,1.2684150755184007697273784742719727
1.34069803617242,1.3406980361724227801545339389122091,1.3406980361724227801545339389122091
1.08124874149579,1.0812487414957866471709735378681216,1.0812487414957866471709735378681216
0.835140513738904,0.83514051373890413332290449943684507,0.83514051373890413332290449943684507
1.25738093869533,1.2573809386953269662257071104249917,1.2573809386953269662257071104249917
1.7197406478503,1.7197406478502981208578148653032258,1.7197406478502981208578148653032258
0.592807967435152,0.59280796743515190572182405048806686,0.59280796743515190572182405048806686
0.981314663640839,0.98131466364083927422790054606593912,0.98131466364083927422790054606593912
0.717650258308426,0.71765025830842568699274863774917321,0.71765025830842568699274863774917321
1.61190175992848,1.6119017599284782837898433172085788,1.6119017599284782837898433172085788
0.987165354055392,0.98716535405539207470582141468185,0.98716535405539207470582141468185
1.01816392760612,1.0181639276061161814013189541583415,1.0181639276061161814013189541583415
1.2241906381165,1.2241906381165003070421448683191556,1.2241906381165003070421448683191556
0.418601209695275,0.41860120969527464529491567191143986,0.41860120969527464529491567191143986
0.823761331783097,0.82376133178309651761139775771880522,0.82376133178309651761139775771880522
1.76179864660597,1.7617986466059720740418015338946134,1.7617986466059720740418015338946134
1.20192602232235,1.2019260223223539041370599989022594,1.2019260223223539041370599989022594
0.787191705667169,0.78719170566716945014462680774158798,0.78719170566716945014462680774158798
0.952974836850966,0.95297483685096617822551934295915999,0.95297483685096617822551934295915999
1.07831850798946,1.0783185079894568314529124108958058,1.0783185079894568314529124108958058
1.81873589700558,1.8187358970055799156639864122553263,1.8187358970055799156639864122553263
1.62384036734058,1.6238403673405825689002313083619811,1.6238403673405825689002313083619811
1.06660701526227,1.0666070152622720568214020886443905,1.0666070152622720568214020886443905
1.43663081865237,1.4366308186523706336146233297768049,1.4366308186523706336146233297768049
0.955349378809247,0.95534937880924664099779874959494919,0.95534937880924664099779874959494919
0.785927208670963,0.78592720867096277359564737707842141,0.78592720867096277359564737707842141
1.33643532647377,1.3364353264737699467090692451165523,1.3364353264737699467090692451165523
1.13698178507004,1.1369817850700426054011415999411838,1.1369817850700426054011415999411838
0.575066133182848,0.57506613318284775793198804194616969,0.57506613318284775793198804194616969
1.13964692714465,1.1396469271446544313519666502543259,1.1396469271446544313519666502543259
1.51566881849064,1.5156688184906429439635644484951627,1.5156688184906429439635644484951627
0.840281471438667,0.84028147143866682711177418241277337,0.84028147143866682711177418241277337
1.56963059848661,1.5696305984866053551129994048096705,1.5696305984866053551129994048096705
0.858061374800338,0.85806137480033770059684172792913159,0.85806137480033770059684172792913159
0.483036247286891,0.48303624728689079081966895046207355,0.48303624728689079081966895046207355
0.85891418964005,0.85891418964005028513497563835699111,0.85891418964005028513497563835699111
1.3278373370204,1.32783733702039696833452353530447,1.32783733702039696833452353530447
1.28555229484135,1.285552294841348364151656369358534,1.285552294841348364151656369358534
1.20895959708526,1.2089595970852595741007462493143976,1.2089595970852595741007462493143976
1.77729332436672,1.7772933243667171643309643513930496,1.7772933243667171643309643513930496
0.813766522647869,0.81376652264786941692875643639126793,0.81376652264786941692875643639126793
1.12149058472144,1.1214905847214385881116527343692724,1.1214905847214385881116527343692724
1.21085807602656,1.210858076026555485427138592058327,1.210858076026555485427138592058327
0.71984714702736,0.71984714702735982938541781095409533,0.71984714702735982938541781095409533
1.60537128649167,1.6053712864916701574813373554206919,1.6053712864916701574813373554206919
0.999968860843993,0.99996886084399294603031194128561765,0.99996886084399294603031194128561765
1.40106951280706,1.4010695128070579373869009032205213,1.4010695128070579373869009032205213
1.34793249920905,1.3479324992090524482080127199878916,1.3479324992090524482080127199878916
1.32956921715526,1.3295692171552557780955794441979378,1.3295692171552557780955794441979378
0.745009940689035,0.74500994068903525491265327218570746,0.74500994068903525491265327218570746
1.1576328868293,1.1576328868292965479369627246342134,1.1576328868292965479369627246342134
1.17328233597081,1.1732823359708081101260290779464412,1.1732823359708081101260290779464412
1.1193052336954,1.1193052336953988046275298984255642,1.1193052336953988046275298984255642
1.32772364853299,1.3277236485329928505905172642087564,1.3277236485329928505905172642087564
0.986666566355589,0.98666656635558946941699787203106098,0.98666656635558946941699787203106098
1.19893934453764,1.1989393445376356761578051646210952,1.1989393445376356761578051646210952
0.775528418553726,0.77552841855372567358983815211104229,0.77552841855372567358983815211104229
0.736577008548321,0.73657700854832103276592647489451338,0.73657700854832103276592647489451338
0.892532492838983,0.89253249283898250521218642461462878,0.89253249283898250521218642461462878
1.144817180004,1.1448171800039960988026876975709456,1.1448171800039960988026876975709456
1.05602058894536,1.0560205889453594396698576929338742,1.0560205889453594396698576929338742
1.26322707465072,1.2632270746507229253197124307916965,1.2632270746507229253197124307916965
1.15440819399424,1.1544081939942449632763299405269208,1.1544081939942449632763299405269208
1.04349160916567,1.0434916091656722958447289784089662,1.0434916091656722958447289784089662
1.17384875314563,1.1738487531456346102398669017929933,1.1738487531456346102398669017929933
0.406040754886866,0.40604075488686627859458155853644712,0.40604075488686627859458155853644712
1.53686987177935,1.5368698717793488617289199282822665,1.5368698717793488617289199282822665
0.295585761921591,0.2955857619215912224230891069964855,0.2955857619215912224230891069964855
1.08991979355014,1.089919793550138571447405411163345,1.089919793550138571447405411163345
1.8100444178741,1.8100444178740984213504816580098122,1.8100444178740984213504816580098122
1.6296696305075,1.6296696305074985788863273228344042,1.6296696305074985788863273228344042
1.63711067991382,1.6371106799138194221043818288308103,1.6371106799138194221043818288308103
1.52877447899468,1.5287744789946760004539783039945178,1.5287744789946760004539783039945178
0.878573397458952,0.87857339745895240978867946068930905,0.87857339745895240978867946068930905
1.49960231736335,1.499602317363345260758933363831602,1.499602317363345260758933363831602
0.781715016784876,0.7817150167848756214805661102218437,0.7817150167848756214805661102218437
1.53913194871063,1.5391319487106274177534714908688329,1.5391319487106274177534714908688329
1.16879866019418,1.1687986601941836306561839364803745,1.1687986601941836306561839364803745
1.15744697952597,1.1574469795259711979440453433198854,1.1574469795259711979440453433198854
0.964705712014913,0.9647057120149133968567412011907436,0.9647057120149133968567412011907436
1.34696884148495,1.3469688414849548818708058206539135,1.3469688414849548818708058206539135
1.3846589736978,1.3846589736978043294612916724872775,1.3846589736978043294612916724872775
0.410000897873612,0.41000089787361196358439485720737139,0.41000089787361196358439485720737139
0.981928007980658,0.98192800798065804634973119391361251,0.98192800798065804634973119391361251
1.71224400500564,1.7122440050056361160457640835375059,1.7122440050056361160457640835375059
0.563403285366133,0.56340328536613337728766737200203352,0.56340328536613337728766737200203352
0.535228236177984,0.53522823617798420681168636292568408,0.53522823617798420681168636292568408
1.17409146785443,1.1740914678544345228772272093920037,1.1740914678544345228772272093920037
1.50972335814229,1.5097233581422857540133009024430066,1.5097233581422857540133009024430066
1.17499179613292,1.1749917961329193749620003472955432,1.1749917961329193749620003472955432
0.417758197759769,0.4177581977597692453052502514765365,0.4177581977597692453052502514765365
0.831087455553953,0.83108745555395324711156490593566559,0.83108745555395324711156490593566559
1.64262762362706,1.6426276236270619390822389505046885,1.6426276236270619390822389505046885
1.10728731490217,1.1072873149021698058191987001919188,1.1072873149021698058191987001919188
1.60516910972744,1.6051691097274386477167240627750289,1.6051691097274386477167240627750289
1.01824350854577,1.0182435085457689494248256778519135,1.0182435085457689494248256778519135
0.732696808617403,0.73269680861740293931205769695225172,0.73269680861740293931205769695225172
1.16667041418513,1.1666704141851298448528950757463463,1.1666704141851298448528950757463463
1.45119462241734,1.4511946224173378761079789001087192,1.4511946224173378761079789001087192
0.820948659854164,0.82094865985416409781549873514450155,0.82094865985416409781549873514450155
0.904305810330196,0.90430581033019633019343075375218177,0.90430581033019633019343075375218177
1.28617636697393,1.2861763669739346704901095108652953,1.2861763669739346704901095108652953
0.943947521408053,0.94394752140805265883116703662381042,0.94394752140805265883116703662381042
1.40356267247046,1.403562672470456185180864849826321,1.403562672470456185180864849826321
1.12956303245208,1.1295630324520810616739652232354274,1.1295630324520810616739652232354274
0.874062150266044,0.87406215026604433537826821520866361,0.87406215026604433537826821520866361
1.53196338522119,1.5319633852211923530362014389538672,1.5319633852211923530362014389538672
1.12561738491618,1.1256173849161773548033238512289245,1.1256173849161773548033238512289245
0.916712779534724,0.9167127795347236318690420375787653,0.9167127795347236318690420375787653
1.0348489894343,1.0348489894343030348622392011748161,1.0348489894343030348622392011748161
0.776833677659976,0.77683367765997607401473601385077927,0.77683367765997607401473601385077927
1.18809671786911,1.1880967178691070884610780922230333,1.1880967178691070884610780922230333
1.22225515304946,1.2222551530494647487046222522621974,1.2222551530494647487046222522621974
1.43657137679428,1.4365713767942782652653477271087468,1.4365713767942782652653477271087468
0.740336177343958,0.74033617734395751330822577074286528,0.74033617734395751330822577074286528
0.717220650367584,0.71722065036758381184611721437249798,0.71722065036758381184611721437249798
1.49230706497667,1.4923070649766652095991048554424196,1.4923070649766652095991048554424196
0.938080366337805,0.93808036633780500501700316817732528,0.93808036633780500501700316817732528
1.33829486226214,1.3382948622621414491717928285652306,1.3382948622621414491717928285652306
1.3903977679965,1.3903977679964978353410742784035392,1.3903977679964978353410742784035392
0.617357149684669,0.61735714968466853802553373498085421,0.61735714968466853802553373498085421
0.530886523736964,0.53088652373696432196226169253350236,0.53088652373696432196226169253350236
1.08385572856911,1.0838557285691137188621269160648808,1.0838557285691137188621269160648808
1.29994732342026,1.2999473234202590932184762095857877,1.2999473234202590932184762095857877
0.795143249323002,0.79514324932300162185327963015879504,0.79514324932300162185327963015879504
0.599851725408924,0.59985172540892379988708427163146553,0.59985172540892379988708427163146553
1.01403145766997,1.0140314576699690496397465722111519,1.0140314576699690496397465722111519
1.11429067798247,1.1142906779824713892068643872335088,1.1142906779824713892068643872335088
1.54828126303324,1.5482812630332414283174102820339613,1.5482812630332414283174102820339613
1.73378105500317,1.7337810550031672596205112313327845,1.7337810550031672596205112313327845
0.637181082611424,0.6371810826114239212358825170667842,0.6371810826114239212358825170667842
1.75724374291373,1.7572437429137302000725640027667396,1.7572437429137302000725640027667396
1.00564524227086,1.005645242270862271816156408021925,1.005645242270862271816156408021925
1.49797769506881,1.4979776950688054037996721490344498,1.4979776950688054037996721490344498
1.41008899846693,1.4100889984669343624190673835983034,1.4100889984669343624190673835983034
1.59876872918707,1.5987687291870681383088026450423058,1.5987687291870681383088026450423058
1.31272658652457,1.3127265865245653087001187486748677,1.3127265865245653087001187486748677
1.43993580072806,1.4399358007280647075987189964507706,1.4399358007280647075987189964507706
1.80252675122451,1.8025267512245140011373223387636244,1.8025267512245140011373223387636244
1.15829217869195,1.1582921786919491147216376702999696,1.1582921786919491147216376702999696
0.613125225789927,0.61312522578992667554587114864261821,0.61312522578992667554587114864261821
1.22349489371986,1.2234948937198587282093598105348065,1.2234948937198587282093598105348065
0.454424045194994,0.45442404519499374204727359938260633,0.45442404519499374204727359938260633
0.392399902073768,0.39239990207376751474299680921831168,0.39239990207376751474299680921831168
0.644357565382991,0.64435756538299074347442285670695128,0.64435756538299074347442285670695128
1.3792137335066,1.3792137335066001480043951232801192,1.3792137335066001480043951232801192
1.07083946669812,1.0708394666981227438817825259320671,1.0708394666981227438817825259320671
0.799929373614672,0.79992937361467214563148786510282662,0.79992937361467214563148786510282662
0.650897762010394,0.65089776201039445391316462519171182,0.65089776201039445391316462519171182
1.41501489667817,1.4150148966781743720133590613841079,1.4150148966781743720133590613841079
1.45279223667482,1.4527922366748232674282803600362968,1.4527922366748232674282803600362968
1.26230340022656,1.2623034002265619557547893236915115,1.2623034002265619557547893236915115
1.40276272669163,1.4027627266916350423642256828316022,1.4027627266916350423642256828316022
1.47351295662127,1.4735129566212712415307350966031663,1.4735129566212712415307350966031663
1.22649985564235,1.2264998556423489795008663350017741,1.2264998556423489795008663350017741
0.972054166240267,0.97205416624026719230045046060695313,0.97205416624026719230045046060695313
1.0319756056993,1.0319756056992965831398123555118218,1.0319756056992965831398123555118218
0.787555549528854,0.78755554952885439834453507046418963,0.78755554952885439834453507046418963
0.395593016889896,0.39559301688989628731363268343557138,0.39559301688989628731363268343557138
1.02124375589905,1.0212437558990495045652124872503919,1.0212437558990495045652124872503919
0.541650435619408,0.54165043561940773297891382753732614,0.54165043561940773297891382753732614
0.600912238894765,0.60091223889476491626382426147756632,0.60091223889476491626382426147756632
0.754753355620075,0.75475335562007495049385852325940505,0.75475335562007495049385852325940505
0.877014997460898,0.87701499746089800479964537771593314,0.87701499746089800479964537771593314
1.06694197089224,1.0669419708922390221950138311513001,1.0669419708922390221950138311513001
0.843922194692708,0.84392219469270851606168548642017413,0.84392219469270851606168548642017413
0.704448090934749,0.70444809093474913819221683297655545,0.70444809093474913819221683297655545
1.73524352571847,1.7352435257184665173824100747879129,1.7352435257184665173824100747879129
1.4550546026042,1.4550546026042042724313319013162982,1.4550546026042042724313319013162982
0.970696768624885,0.97069676862488540880491427742526866,0.97069676862488540880491427742526866
1.04233418574634,1.0423341857463437332143030289444141,1.0423341857463437332143030289444141
1.37921623334955,1.3792162333495495696311650135612581,1.3792162333495495696311650135612581
0.79707355447912,0.79707355447912037194058143541042227,0.79707355447912037194058143541042227
1.15982324922463,1.159823249224629759801530326512875,1.159823249224629759801530326512875
0.884049065252254,0.88404906525225412927682100416859612,0.88404906525225412927682100416859612
1.03251839895612,1.032518398956119631826311433542287,1.032518398956119631826311433542287
0.821229916407155,0.8212299164071547030729902871826198,0.8212299164071547030729902871826198
1.37626718930162,1.3762671893016168445100788630952593,1.3762671893016168445100788630952593
0.860969943042503,0.86096994304250307195047753339167684,0.86096994304250307195047753339167684
1.54495076153253,1.5449507615325286380425495735835284,1.5449507615325286380425495735835284
1.35841736167921,1.3584173616792141192632925594807602,1.3584173616792141192632925594807602
1.32816414626721,1.3281641462672091336116864113137126,1.3281641462672091336116864113137126
0.902366494967814,0.90236649496781440316084399455576204,0.90236649496781440316084399455576204
1.25246187736334,1.2524618773633430235392438589769881,1.2524618773633430235392438589769881
1.07208037076867,1.0720803707686747119343095846488723,1.0720803707686747119343095846488723
0.917253573778464,0.917253573778464170729307625151705,0.917253573778464170729307625151705
0.316188120112588,0.31618812011258760896748043478510226,0.31618812011258760896748043478510226
1.6062224026991,1.6062224026991009928622133884346113,1.6062224026991009928622133884346113
0.989574624850707,0.98957462485070690760835532273631543,0.98957462485070690760835532273631543
0.358775733277888,0.35877573327788850332531467302032979,0.35877573327788850332531467302032979
0.55145603217863,0.55145603217862987355246673359943088,0.55145603217862987355246673359943088
1.4770889641362,1.4770889641362047184358630147471558,1.4770889641362047184358630147471558
0.838178259020624,0.83817825902062444154427822695652139,0.83817825902062444154427822695652139
1.77177218143908,1.7717721814390788859228109686227981,1.7717721814390788859228109686227981
0.632795739758547,0.63279573975854713774324977748619858,0.63279573975854713774324977748619858
1.12709321043348,1.1270932104334817902557830393561744,1.1270932104334817902557830393561744
1.22204241405719,1.2220424140571909399355376990570221,1.2220424140571909399355376990570221
0.654662492371262,0.65466249237126217241922176981461234,0.65466249237126217241922176981461234
1.12840665221299,1.1284066522129937437668445454619359,1.1284066522129937437668445454619359
0.508859291638848,0.50885929163884813242191285098670051,0.50885929163884813242191285098670051
1.10650505926627,1.1065050592662682982236788120644633,1.1065050592662682982236788120644633
0.939467218919463,0.93946721891946313731658335655083647,0.93946721891946313731658335655083647
0.309118326598952,0.30911832659895177588538217605673708,0.30911832659895177588538217605673708
1.4495554176164,1.4495554176164032744722476309107151,1.4495554176164032744722476309107151
0.898521271362356,0.89852127136235607207659370487817796,0.89852127136235607207659370487817796
1.33248103510683,1.3324810351068276936814527289243415,1.3324810351068276936814527289243415
0.969127447594086,0.96912744759408642192255456393468194,0.96912744759408642192255456393468194
0.704840168895583,0.70484016889558259721937361064192373,0.70484016889558259721937361064192373
0.919415427708221,0.91941542770822104468919633291079663,0.91941542770822104468919633291079663
0.95395708314141,0.95395708314141050565559964979911456,0.95395708314141050565559964979911456
1.24934338212478,1.2493433821247824644373736191482749,1.2493433821247824644373736191482749
1.36942744042025,1.3694274404202523287565895770967472,1.3694274404202523287565895770967472
1.42017660515132,1.4201766051513237121284305430890527,1.4201766051513237121284305430890527
1.18601399621559,1.1860139962155903103901977146961144,1.1860139962155903103901977146961144
0.748161108078748,0.74816110807874780519455271132756025,0.74816110807874780519455271132756025
0.848005475031435,0.84800547503143497429789476882433519,0.84800547503143497429789476882433519
0.699196218974424,0.69919621897442418845258771398221143,0.69919621897442418845258771398221143
0.793459695376269,0.79345969537626870327073902444681153,0.79345969537626870327073902444681153
0.923552748227186,0.92355274822718644300856283280154457,0.92355274822718644300856283280154457
1.63369605605284,1.6336960560528410724145942367613316,1.6336960560528410724145942367613316
0.951357437449029,0.95135743744902889762471431822632439,0.95135743744902889762471431822632439
1.65909058923988,1.6590905892398767340623066957050469,1.6590905892398767340623066957050469
1.38161162220849,1.3816116222084857678709113315562718,1.3816116222084857678709113315562718
1.21528894287274,1.2152889428727361442739152153080795,1.2152889428727361442739152153080795
1.46017537969119,1.4601753796911919325296480565157253,1.4601753796911919325296480565157253
1.26592868328639,1.2659286832863931859805006752139889,1.2659286832863931859805006752139889
1.57388102897578,1.5738810289757797500342917373927776,1.5738810289757797500342917373927776
1.30996990758722,1.3099699075872179854229671036591753,1.3099699075872179854229671036591753
0.76606847902726,0.76606847902725999643891441337473225,0.76606847902725999643891441337473225
1.37454050913208,1.3745405091320750390337934732087888,1.3745405091320750390337934732087888
1.26746823066566,1.2674682306656566144198450274416246,1.2674682306656566144198450274416246
1.35530861161742,1.355308611617420000428069215558935,1.355308611617420000428069215558935
1.20938425964616,1.2093842596461633620563702606887091,1.2093842596461633620563702606887091
0.966432212164389,0.96643221216438943144133588702970883,0.96643221216438943144133588702970883
0.717847460543424,0.71784746054342371546219681022193981,0.71784746054342371546219681022193981
0.858523210993489,0.85852321099348949395846375409746543,0.85852321099348949395846375409746543
0.875032569502435,0.87503256950243496481434135603194591,0.87503256950243496481434135603194591
1.21972168477576,1.2197216847757638147342618140100967,1.2197216847757638147342618140100967
1.17670809682707,1.1767080968270746677006854952196591,1.1767080968270746677006854952196591
0.613208504344156,0.6132085043441556082566279428647249,0.6132085043441556082566279428647249
1.00646275239143,1.006462752391429460452343391807517,1.006462752391429460452343391807517
1.1828962603598,1.1828962603598006109173468303197296,1.1828962603598006109173468303197296
0.53916145930669,0.53916145930669007180213725405337755,0.53916145930669007180213725405337755
1.41207729283021,1.4120772928302068871531105287431274,1.4120772928302068871531105287431274
1.14460187464675,1.1446018746467487847695565506001003,1.1446018746467487847695565506001003
0.91429688107765,0.9142968810776497257108985650120303,0.9142968810776497257108985650120303
0.859908989507699,0.85990898950769933950510903741815127,0.85990898950769933950510903741815127
1.32610182604816,1.3261018260481567399011737506953068,1.3261018260481567399011737506953068
1.30499147750671,1.3049914775067079086845467372768326,1.3049914775067079086845467372768326
0.805071099663054,0.80507109966305434589628475805511698,0.80507109966305434589628475805511698
0.926001518644832,0.92600151864483237762470935194869526,0.92600151864483237762470935194869526
1.76628799128531,1.7662879912853095554226001695496961,1.7662879912853095554226001695496961
0.989813491231073,0.98981349123107342791172413853928447,0.98981349123107342791172413853928447
0.99929602237215,0.99929602237215028881500700208562193,0.99929602237215028881500700208562193
0.961588504528272,0.96158850452827249188914038313669153,0.96158850452827249188914038313669153
0.756869963131487,0.75686996313148691140071377958520316,0.75686996313148691140071377958520316
0.709323981433239,0.70932398143323888151101641597051639,0.70932398143323888151101641597051639
0.855455988652246,0.85545598865224581341948351109749638,0.85545598865224581341948351109749638
1.14609629841447,1.1460962984144748011416936606110539,1.1460962984144748011416936606110539
1.06019476836618,1.0601947683661822052769707624975126,1.0601947683661822052769707624975126
1.20115230437085,1.2011523043708546287788863082823809,1.2011523043708546287788863082823809
0.612534713503248,0.6125347135032481737937359866918996,0.6125347135032481737937359866918996
0.333069833732088,0.33306983373208842724721989725367166,0.33306983373208842724721989725367166
1.30821923419009,1.30821923419008978584088254137896,1.30821923419008978584088254137896
0.828127568234357,0.8281275682343566257870293156884145,0.8281275682343566257870293156884145
0.679026846245648,0.67902684624564829674042698570701759,0.67902684624564829674042698570701759
0.781737914003331,0.78173791400333114687271063303342089,0.78173791400333114687271063303342089
1.64127126030896,1.6412712603089566476555205554177519,1.6412712603089566476555205554177519
0.88115572139826,0.88115572139826031650144955165160354,0.88115572139826031650144955165160354
1.23349649428959,1.2334964942895887407559030179982074,1.2334964942895887407559030179982074
0.950214663399191,0.9502146633991909174810075455752667,0.9502146633991909174810075455752667
1.78900889248975,1.789008892489750257581704317999538,1.789008892489750257581704317999538
0.574351517891666,0.57435151789166655200702393813116942,0.57435151789166655200702393813116942
1.11844013605521,1.1184401360552148618765500032168347,1.1184401360552148618765500032168347
1.02692511069743,1.0269251106974279230676927454624092,1.0269251106974279230676927454624092
1.29469318563238,1.294693185632378451543900155229494,1.294693185632378451543900155229494
0.421276132931238,0.42127613293123777893356418644543737,0.42127613293123777893356418644543737
1.62457828964992,1.624578289649915907588706431852188,1.624578289649915907588706431852188
0.66844128924934,0.66844128924934043123329274749266915,0.66844128924934043123329274749266915
1.01282362955797,1.0128236295579748915685058818780817,1.0128236295579748915685058818780817
1.51571323220709,1.5157132322070890895204797743645031,1.5157132322070890895204797743645031
0.896439995633568,0.89643999563356802084967966948170215,0.89643999563356802084967966948170215
1.29620661684428,1.2962066168442837321705951580952387,1.2962066168442837321705951580952387
1.0814424744548,1.0814424744548029044821646493801381,1.0814424744548029044821646493801381
1.27034107033408,1.270341070334080058046311023645103,1.270341070334080058046311023645103
1.27147452784634,1.2714745278463404631885680373670766,1.2714745278463404631885680373670766
0.85973335219837,0.85973335219836966025752644782187417,0.85973335219836966025752644782187417
1.47093986133007,1.4709398613300687097549257487116847,1.4709398613300687097549257487116847
0.93908635258913,0.93908635258913036869543589091335889,0.93908635258913036869543589091335889
0.448651186577607,0.4486511865776070528966101846890524,0.4486511865776070528966101846890524
1.0698108299038,1.0698108299037974444622989267372759,1.0698108299037974444622989267372759
1.27687644652099,1.2768764465209919700683371956984047,1.2768764465209919700683371956984047
1.21166807171283,1.2116680717128334165977321390528232,1.2116680717128334165977321390528232
1.07844218511929,1.0784421851192921293360882373235654,1.0784421851192921293360882373235654
1.65747258208739,1.6574725820873872361715939405257814,1.6574725820873872361715939405257814
1.33245909223384,1.332459092233844177854962254059501,1.332459092233844177854962254059501
1.73529635023071,1.7352963502307106047339857468614355,1.7352963502307106047339857468614355
1.49237389875332,1.4923738987533190503143032401567325,1.4923738987533190503143032401567325
1.17580002482248,1.1758000248224799166862908350594807,1.1758000248224799166862908350594807
1.09052448500612,1.0905244850061153183418127810000442,1.0905244850061153183418127810000442
0.971196709909852,0.97119670990985151881602632784051821,0.97119670990985151881602632784051821
0.884739443286913,0.88473944328691256355767791319522075,0.88473944328691256355767791319522075
0.721605668333765,0.72160566833376516004960876671248116,0.72160566833376516004960876671248116
0.567687119146183,0.5676871191461830556956869031637325,0.5676871191461830556956869031637325
0.807694477290443,0.80769447729044274719711893339990638,0.80769447729044274719711893339990638
0.79325401084442,0.79325401084441982124673131693270989,0.79325401084441982124673131693270989
0.9403751326453,0.94037513264530003809227309830021113,0.94037513264530003809227309830021113
1.4357911881978,1.435791188197798273762373355566524,1.435791188197798273762373355566524
0.739859948873112,0.73985994887311240519878197119396646,0.73985994887311240519878197119396646
1.51498743534468,1.5149874353446778352250134958012495,1.5149874353446778352250134958012495
1.2573265618137,1.257326561813698950764717210404342,1.257326561813698950764717210404342
1.12409849337188,1.124098493371884555092066193537903,1.124098493371884555092066193537903
1.37352726082592,1.3735272608259153637177973905636463,1.3735272608259153637177973905636463
0.422005341049106,0.42200534104910639165986196985613788,0.42200534104910639165986196985613788
1.71878954472585,1.7187895447258505488008495376561768,1.7187895447258505488008495376561768
1.2976529702704,1.2976529702703983870648585252638441,1.2976529702703983870648585252638441
0.949684694733438,0.94968469473343786191321669321041554,0.94968469473343786191321669321041554
1.49869569577147,1.4986956957714689941951746732229367,1.4986956957714689941951746732229367
0.938932885106763,0.93893288510676287117462379683274776,0.93893288510676287117462379683274776
1.12259665850811,1.1225966585081099124998615934600821,1.1225966585081099124998615934600821
1.24203830987044,1.2420383098704352864416478041675873,1.2420383098704352864416478041675873
1.1643787623345,1.1643787623344973303218807814118918,1.1643787623344973303218807814118918
0.432225033046584,0.43222503304658360656631543861294631,0.43222503304658360656631543861294631
1.36294108261812,1.3629410826181213023389204863633495,1.3629410826181213023389204863633495
1.15212322629798,1.1521232262979798077751070195517968,1.1521232262979798077751070195517968
1.23162392084574,1.2316239208457444576083616993855685,1.2316239208457444576083616993855685
1.18649026373938,1.1864902637393813789046248530212324,1.1864902637393813789046248530212324
1.13009218999605,1.1300921899960481575853066260606283,1.1300921899960481575853066260606283
0.671581184874693,0.67158118487469256607802492453629384,0.67158118487469256607802492453629384
0.773486476877383,0.77348647687738278366786914830299793,0.77348647687738278366786914830299793
0.734035216089052,0.73403521608905175632742157176835462,0.73403521608905175632742157176835462
1.22598589933582,1.2259858993358211387558753813209478,1.2259858993358211387558753813209478
1.34212986264687,1.3421298626468668446776177916035522,1.3421298626468668446776177916035522
0.831578594191616,0.83157859419161583858226549637038261,0.83157859419161583858226549637038261
1.24059129016734,1.240591290167335103422630027125706,1.240591290167335103422630027125706
0.998919081033985,0.9989190810339845238985390096786432,0.9989190810339845238985390096786432
0.628684923639084,0.62868492363908426434626619538903469,0.62868492363908426434626619538903469
1.76546896186983,1.7654689618698287123521595276542939,1.7654689618698287123521595276542939
0.577357945279605,0.57735794527960543343070298760721926,0.57735794527960543343070298760721926
1.42417270917433,1.4241727091743261457423841420677491,1.4241727091743261457423841420677491
0.957993026952583,0.95799302695258312101422859541344224,0.95799302695258312101422859541344224
1.30854450169445,1.3085445016944531326785750025010202,1.3085445016944531326785750025010202
1.10997565806537,1.1099756580653680204662236974400003,1.1099756580653680204662236974400003
0.481892046494862,0.48189204649486244713685323404206429,0.48189204649486244713685323404206429
1.27887242020937,1.2788724202093748605335576939978637,1.2788724202093748605335576939978637
0.630561051699987,0.63056105169998688531052266625920311,0.63056105169998688531052266625920311
1.15946764050307,1.1594676405030682753150017560983542,1.1594676405030682753150017560983542
1.19378283016195,1.1937828301619527460175618216453586,1.1937828301619527460175618216453586
0.436019768071156,0.43601976807115583323337659749086015,0.43601976807115583323337659749086015
0.715870862759964,0.71587086275996358875062242077547126,0.71587086275996358875062242077547126
0.963180038176892,0.96318003817689212819885824501398019,0.96318003817689212819885824501398019
1.71096818544465,1.7109681854446479043474482750752941,1.7109681854446479043474482750752941
1.80315482679996,1.8031548267999611967482564978126902,1.8031548267999611967482564978126902
0.885262133290632,0.88526213329063174750643838706309907,0.88526213329063174750643838706309907
1.44310803801971,1.4431080380197057744240396459645126,1.4431080380197057744240396459645126
1.20612160287536,1.2061216028753551920971176514285617,1.2061216028753551920971176514285617
0.564642325070748,0.56464232507074835210048036060470622,0.56464232507074835210048036060470622
1.81069430039152,1.8106943003915201284570457573863678,1.8106943003915201284570457573863678
0.963618493540044,0.96361849354004401602136198334846995,0.96361849354004401602136198334846995
1.8374162903782,1.8374162903781963152027856267523021,1.8374162903781963152027856267523021
1.05328673286707,1.053286732867074970698695324244909,1.053286732867074970698695324244909
1.66871284066242,1.6687128406624219811860143636295106,1.6687128406624219811860143636295106
0.393024848116523,0.3930248481165235230339050076509011,0.3930248481165235230339050076509011
1.66453122652918,1.6645312265291831721469861804507673,1.6645312265291831721469861804507673
1.29005823896226,1.290058238962259684612376986478921,1.290058238962259684612376986478921
1.85499775252839,1.8549977525283859458582469414977822,1.8549977525283859458582469414977822
1.07491541516423,1.0749154151642321686210834741359577,1.0749154151642321686210834741359577
1.37251326054606,1.3725132605460553802956269464630168,1.3725132605460553802956269464630168
1.39662857066102,1.3966285706610245265224534705339465,1.3966285706610245265224534705339465
0.849664790616755,0.84966479061675533046571473505537142,0.84966479061675533046571473505537142
0.971100229914634,0.97110022991463407215917413850547746,0.97110022991463407215917413850547746
1.00630243638768,1.0063024363876825750807597614766564,1.0063024363876825750807597614766564
1.24916647865468,1.2491664786546790022470077019534074,1.2491664786546790022470077019534074
0.936938022034751,0.93693802203475085033090863362303935,0.93693802203475085033090863362303935
0.507018018302426,0.50701801830242586299757334700188949,0.50701801830242586299757334700188949
1.89896690993166,1.8989669099316609512939635351358447,1.8989669099316609512939635351358447
1.26164455618902,1.2616445561890170523611232056282461,1.2616445561890170523611232056282461
1.09246426905961,1.0924642690596089167343052395153791,1.0924642690596089167343052395153791
1.0083878078136,1.0083878078135984912577782779408153,1.0083878078135984912577782779408153
1.10151801196126,1.1015180119612574816123640175646869,1.1015180119612574816123640175646869
0.89541584599117,0.89541584599116963438802940800087526,0.89541584599116963438802940800087526
0.832412458410654,0.83241245841065433785921356957260286,0.83241245841065433785921356957260286
1.26364624390144,1.2636462439014445324758639799256343,1.2636462439014445324758639799256343
0.730903954490434,0.73090395449043366049579617538256571,0.73090395449043366049579617538256571
0.740941302608423,0.74094130260842266944010248153063003,0.74094130260842266944010248153063003
0.920949024109075,0.9209490241090748652297293119772803,0.9209490241090748652297293119772803
0.922042745760446,0.92204274576044586986256490490632132,0.92204274576044586986256490490632132
0.741404760410945,0.74140476041094466319592015679518227,0.74140476041094466319592015679518227
1.28482049720201,1.2848204972020070835370120221341494,1.2848204972020070835370120221341494
1.59919404242193,1.5991940424219267535832500470860396,1.5991940424219267535832500470860396
0.477157624956288,0.47715762495628805117675597102788743,0.47715762495628805117675597102788743
1.3083816155022,1.3083816155021961158411158976377919,1.3083816155021961158411158976377919
0.611599757989327,0.61159975798932691981590892282838468,0.61159975798932691981590892282838468
1.23933209436293,1.2393320943629324570878225131309591,1.2393320943629324570878225131309591
1.32458406312258,1.3245840631225790362535121857945342,1.3245840631225790362535121857945342
1.6377602063955,1.6377602063955003508510799292707816,1.6377602063955003508510799292707816
1.14056023558028,1.1405602355802834102505016744544264,1.1405602355802834102505016744544264
0.721571789961221,0.72157178996122084413400443736463785,0.72157178996122084413400443736463785
0.867660783803937,0.86766078380393740765441634721355513,0.86766078380393740765441634721355513
1.31970307755345,1.3197030775534470681265020175487734,1.3197030775534470681265020175487734
1.79620843213483,1.7962084321348256166217538520868402,1.7962084321348256166217538520868402
1.41672127453682,1.4167212745368205073503986568539403,1.4167212745368205073503986568539403
1.8436575176183,1.8436575176183032098720104841049761,1.8436575176183032098720104841049761
1.58917433364548,1.5891743336454776658328569283185061,1.5891743336454776658328569283185061
1.12191834116387,1.1219183411638727898562706286611501,1.1219183411638727898562706286611501
1.3165381660372,1.3165381660371996419556239743542392,1.3165381660371996419556239743542392
1.74057592808235,1.740575928082345291691979127790546,1.740575928082345291691979127790546
1.18181398494328,1.1818139849432812704677075998915825,1.1818139849432812704677075998915825
0.878204136755783,0.87820413675578282153288967037951807,0.87820413675578282153288967037951807
1.32006771057637,1.3200677105763660712511864403495565,1.3200677105763660712511864403495565
1.37963858470577,1.3796385847057744955534985820122529,1.3796385847057744955534985820122529
1.10770220478549,1.1077022047854870878680344503663946,1.1077022047854870878680344503663946
1.07506649389697,1.0750664938969722861372702027438208,1.0750664938969722861372702027438208
1.28891542822803,1.288915428228029624868611335841706,1.288915428228029624868611335841706
1.80562186245735,1.8056218624573520115106362027290743,1.8056218624573520115106362027290743
0.451620687279688,0.45162068727968809889183887662511552,0.45162068727968809889183887662511552
1.00981226973363,1.0098122697336338049467485689092427,1.0098122697336338049467485689092427
1.11011037422445,1.1101103742244483596479653897404205,1.1101103742244483596479653897404205
0.972127329559227,0.97212732955922653843572334153577685,0.97212732955922653843572334153577685
1.00179280316026,1.0017928031602597593874293124827091,1.0017928031602597593874293124827091
0.914650561573083,0.91465056157308322060117689034086652,0.91465056157308322060117689034086652
0.680027003949517,0.68002700394951726137193759313959163,0.68002700394951726137193759313959163
1.44591260080301,1.4459126008030147580996072065318003,1.4459126008030147580996072065318003
1.27739257612906,1.2773925761290622071797429271100555,1.2773925761290622071797429271100555
0.699836050432128,0.69983605043212757101933618741895771,0.69983605043212757101933618741895771
0.972158819368249,0.97215881936824929954177321178576676,0.97215881936824929954177321178576676
0.910368049596285,0.91036804959628481181965753421536647,0.91036804959628481181965753421536647
1.21095429356033,1.2109542935603275770617415219021495,1.2109542935603275770617415219021495
0.870661834722452,0.87066183472245173291526043612975627,0.87066183472245173291526043612975627
1.36565890470489,1.3656589047048878216017442355223466,1.3656589047048878216017442355223466
0.712184493873634,0.71218449387363438884968047659640433,0.71218449387363438884968047659640433
1.53111916149905,1.5311191614990524723083353819674812,1.5311191614990524723083353819674812
0.941933353704462,0.94193335370446176768588486538646976,0.94193335370446176768588486538646976
1.03986460478336,1.0398646047833581818053971801418811,1.0398646047833581818053971801418811
1.06873571413683,1.0687357141368288848681800118356477,1.0687357141368288848681800118356477
1.22881955060215,1.2288195506021496461457331861311104,1.2288195506021496461457331861311104
0.681332314860682,0.68133231486068163151870180627156515,0.68133231486068163151870180627156515
1.4324667456428,1.4324667456427954137510027976532001,1.4324667456427954137510027976532001
0.863507901747304,0.86350790174730446269180106355634052,0.86350790174730446269180106355634052
0.487399743299775,0.48739974329977511779965482219267869,0.48739974329977511779965482219267869
0.866272245117627,0.86627224511762662695346648433769587,0.86627224511762662695346648433769587
1.02978125894814,1.0297812589481399880853018657944631,1.0297812589481399880853018657944631
0.934092720024056,0.93409272002405550894277297402368276,0.93409272002405550894277297402368276
0.599038870002324,0.59903887000232447501701926739769988,0.59903887000232447501701926739769988
1.479642753084,1.4796427530839975084120396786602214,1.4796427530839975084120396786602214
1.12587700636731,1.1258770063673120276348527113441378,1.1258770063673120276348527113441378
1.26696233565033,1.2669623356503324496102891316695604,1.2669623356503324496102891316695604
1.32286949678453,1.3228694967845306962317408761009574,1.3228694967845306962317408761009574
0.980674168425924,0.9806741684259239200116553547559306,0.9806741684259239200116553547559306
1.26756096821915,1.2675609682191506522030977066606283,1.2675609682191506522030977066606283
0.753636681004134,0.75363668100413400141590614111919422,0.75363668100413400141590614111919422
1.73709071973192,1.7370907197319245263145148783223704,1.7370907197319245263145148783223704
0.609200974206676,0.60920097420667546073147491370036732,0.60920097420667546073147491370036732
1.06907171366155,1.0690717136615518756403986344594159,1.0690717136615518756403986344594159
0.872795098291804,0.87279509829180412783244946695049293,0.87279509829180412783244946695049293
1.81356681241813,1.8135668124181268945349643217923585,1.8135668124181268945349643217923585
0.897052721179103,0.897052721179103063064985690289177,0.897052721179103063064985690289177
1.50449234753352,1.5044923475335173490563533960084897,1.5044923475335173490563533960084897
1.21928453565051,1.2192845356505050968820569323725067,1.2192845356505050968820569323725067
0.41657000220478,0.41657000220478013208236234277137555,0.41657000220478013208236234277137555
0.807374587223486,0.80737458722348637296661877371661831,0.80737458722348637296661877371661831
1.45010616484235,1.4501061648423471117652638895378914,1.4501061648423471117652638895378914
1.09028419402123,1.0902841940212327220827148721582489,1.0902841940212327220827148721582489
0.389324967258496,0.3893249672584964404808971494276193,0.3893249672584964404808971494276193
0.963667517162074,0.96366751716207360578536622597312089,0.96366751716207360578536622597312089
0.536043617477409,0.53604361747740852939259070808475371,0.53604361747740852939259070808475371
0.597085942736921,0.59708594273692106035866800084477291,0.59708594273692106035866800084477291
0.932663559543477,0.93266355954347701651130364552955143,0.93266355954347701651130364552955143
1.33279661939895,1.3327966193989513321582762728212401,1.3327966193989513321582762728212401
1.35360049870299,1.353600498702989374244509690470295,1.353600498702989374244509690470295
1.47176729211596,1.4717672921159589138895285032049287,1.4717672921159589138895285032049287
1.33059975684203,1.3305997568420292465063425879634451,1.3305997568420292465063425879634451
0.877240520726405,0.87724052072640534838399162254063413,0.87724052072640534838399162254063413
0.567478624032409,0.56747862403240903472756428982393118,0.56747862403240903472756428982393118
1.20427185259811,1.2042718525981077615227832211530767,1.2042718525981077615227832211530767
1.07012720670729,1.0701272067072893356964868871727958,1.0701272067072893356964868871727958
1.63780087561864,1.6378008756186367422813532357395161,1.6378008756186367422813532357395161
1.47552608494239,1.4755260849423926794443673315981869,1.4755260849423926794443673315981869
1.27386741936449,1.2738674193644884402587535987549927,1.2738674193644884402587535987549927
1.47616620083004,1.4761662008300365789281727302295621,1.4761662008300365789281727302295621
0.502618725386139,0.50261872538613872052337683271616697,0.50261872538613872052337683271616697
0.445563711055634,0.44556371105563405410343591483979253,0.44556371105563405410343591483979253
1.14861036206303,1.1486103620630333521646093686285894,1.1486103620630333521646093686285894
1.69579997464498,1.6957999746449810007931091604405083,1.6957999746449810007931091604405083
0.746371827943589,0.74637182794358888915375871420110343,0.74637182794358888915375871420110343
1.74104567287331,1.7410456728733144649012842819502112,1.7410456728733144649012842819502112
0.561482899118302,0.56148289911830234766298985960020218,0.56148289911830234766298985960020218
1.19425257030528,1.1942525703052770946754890246666037,1.1942525703052770946754890246666037
1.04937317217071,1.0493731721707081350203338843130041,1.0493731721707081350203338843130041
1.00891783733098,1.0089178373309824893189201588938886,1.0089178373309824893189201588938886
0.796171636436595,0.79617163643659538685426468873629346,0.79617163643659538685426468873629346
0.634529631855183,0.6345296318551829628518134995829314,0.6345296318551829628518134995829314
1.16055740969668,1.1605574096966845831779835407360224,1.1605574096966845831779835407360224
0.670199342375741,0.6701993423757410528462941101679462,0.6701993423757410528462941101679462
0.967399987357141,0.96739998735714045896560975279498962,0.96739998735714045896560975279498962
1.08009983044432,1.0800998304443238939853699775994755,1.0800998304443238939853699775994755
1.54423384160915,1.5442338416091503372484794454067014,1.5442338416091503372484794454067014
1.10664695227948,1.1066469522794807889276569312642096,1.1066469522794807889276569312642096
0.555389121119067,0.55538912111906706126074340090781334,0.55538912111906706126074340090781334
1.46260753172134,1.4626075317213396154158999706851318,1.4626075317213396154158999706851318
1.2003965173756,1.2003965173755998252502763534721453,1.2003965173755998252502763534721453
1.36230190705618,1.3623019070561788179674067578162067,1.3623019070561788179674067578162067
0.883708265319917,0.88370826531991730767856552120065317,0.88370826531991730767856552120065317
1.23884718574003,1.2388471857400323306030998082860606,1.2388471857400323306030998082860606
0.921746787006385,0.92174678700638484896145996572158765,0.92174678700638484896145996572158765
1.14892891780136,1.148928917801357862948918864276493,1.148928917801357862948918864276493
0.73118550378051,0.73118550378051005989021859932108782,0.73118550378051005989021859932108782
1.10652240564312,1.1065224056431192389826634325800114,1.1065224056431192389826634325800114
0.730879283763219,0.73087928376321906198676003896252951,0.73087928376321906198676003896252951
1.30073537416357,1.3007353741635735433490594914474059,1.3007353741635735433490594914474059
1.66647507688283,1.6664750768828328064685706522141118,1.6664750768828328064685706522141118
1.06001105437315,1.0600110543731480206020023615565151,1.0600110543731480206020023615565151
1.14242215847728,1.1424221584772840110133529378799722,1.1424221584772840110133529378799722
0.91500147479002,0.91500147479001975314716332832176704,0.91500147479001975314716332832176704
0.974029723121891,0.97402972312189059489462295005068881,0.97402972312189059489462295005068881
0.691928089259334,0.69192808925933407815378473060263786,0.69192808925933407815378473060263786
0.53843458538837,0.53843458538837030147305995342321694,0.53843458538837030147305995342321694
1.01857223136077,1.0185722313607721289940855058375746,1.0185722313607721289940855058375746
0.586440564383687,0.58644056438368696859697593026794493,0.58644056438368696859697593026794493
1.2378199010208,1.2378199010208036368041462083056103,1.2378199010208036368041462083056103
1.19523035166772,1.1952303516677237338328154692135286,1.1952303516677237338328154692135286
1.18689121157278,1.1868912115727819900357076221553143,1.1868912115727819900357076221553143
1.6642177111734,1.6642177111733975625185166791197844,1.6642177111733975625185166791197844
1.2159387666603,1.2159387666602995414777410587703343,1.2159387666602995414777410587703343
0.83320057869864,0.8332005786986399903382150000652473,0.8332005786986399903382150000652473
1.84386140740391,1.8438614074039058055021200743794907,1.8438614074039058055021200743794907
1.45362404776212,1.4536240477621165112509515893179923,1.4536240477621165112509515893179923
1.11182955720603,1.1118295572060266085401281088707037,1.1118295572060266085401281088707037
1.04748799842611,1.0474879984261147303215011561405845,1.0474879984261147303215011561405845
1.52888464984368,1.5288846498436794441033725888701156,1.5288846498436794441033725888701156
0.954914557296151,0.95491455729615154490730333236570004,0.95491455729615154490730333236570004
1.83508701878192,1.8350870187819192658196243428392336,1.8350870187819192658196243428392336
1.52514513139736,1.5251451313973568568727046113053802,1.5251451313973568568727046113053802
0.743412960550632,0.74341296055063216252634106240293477,0.74341296055063216252634106240293477
1.05509734307202,1.0550973430720202439481170131330146,1.0550973430720202439481170131330146
0.881742041485731,0.88174204148573054329318665622849949,0.88174204148573054329318665622849949
1.06979758656566,1.0697975865656648153390051447786391,1.0697975865656648153390051447786391
0.951591889934628,0.95159188993462801020584151956427377,0.95159188993462801020584151956427377
1.38245376856517,1.382453768565166885018413722718833,1.382453768565166885018413722718833
0.431115781812453,0.43111578181245291396805896511068568,0.43111578181245291396805896511068568
1.64084600793922,1.6408460079392191977021298043837305,1.6408460079392191977021298043837305
1.08690876497725,1.0869087649772521952939996481291018,1.0869087649772521952939996481291018
1.8505302465898,1.8505302465897974784070356690790504,1.8505302465897974784070356690790504
1.61129535488672,1.6112953548867225972429650937556289,1.6112953548867225972429650937556289
1.49654047292482,1.4965404729248165116572977240139153,1.4965404729248165116572977240139153
1.64230750969128,1.6423075096912839176965803744678851,1.6423075096912839176965803744678851
1.05358629388984,1.0535862938898446355961979747917212,1.0535862938898446355961979747917212
0.85171037541177,0.85171037541176972118783794485352701,0.85171037541176972118783794485352701
0.992725918550826,0.99272591855082603640170191283687018,0.99272591855082603640170191283687018
1.06030817437003,1.0603081743700284444997805621824227,1.0603081743700284444997805621824227
1.34100646793931,1.3410064679393125519624163644039072,1.3410064679393125519624163644039072
1.57322763906313,1.5732276390631299012312638296862133,1.5732276390631299012312638296862133
1.65129368814656,1.6512936881465568594862247664423194,1.6512936881465568594862247664423194
1.76252386172992,1.7625238617299202603661001376167405,1.7625238617299202603661001376167405
0.527577115886527,0.52757711588652672629606854570738506,0.52757711588652672629606854570738506
0.690436854637116,0.69043685463711601535408135532634333,0.69043685463711601535408135532634333
0.747429789549347,0.74742978954934741198101733061776031,0.74742978954934741198101733061776031
1.68704209593778,1.6870420959377780967258786404272541,1.6870420959377780967258786404272541
0.470083942780083,0.47008394278008285016579037574047106,0.47008394278008285016579037574047106
0.926443320425664,0.92644332042566390761351158289471641,0.92644332042566390761351158289471641
1.34819615608046,1.3481961560804592847873095706745517,1.3481961560804592847873095706745517
0.64939992285278,0.64939992285277962913436766712038661,0.64939992285277962913436766712038661
0.973043384628814,0.97304338462881412308291828594519757,0.97304338462881412308291828594519757
0.662695426313671,0.66269542631367062135439027770189568,0.66269542631367062135439027770189568
0.689880879191619,0.68988087919161855676719596885959618,0.68988087919161855676719596885959618
1.31824414863121,1.3182441486312105327627364204090554,1.3182441486312105327627364204090554
1.13726299546764,1.1372629954676357622034288397117052,1.1372629954676357622034288397117052
1.62181374312856,1.6218137431285627458876774653617758,1.6218137431285627458876774653617758
1.27874849930492,1.2787484993049210713067509459506255,1.2787484993049210713067509459506255
1.05079455487537,1.05079455487537146152199341031519,1.05079455487537146152199341031519
1.10175452787669,1.1017545278766927574487510810286039,1.1017545278766927574487510810286039
1.36800618100569,1.3680061810056853843775570567231625,1.3680061810056853843775570567231625
1.11027366974731,1.110273669747307567767791169899283,1.110273669747307567767791169899283
1.1242200327623,1.1242200327622982741759827263194893,1.1242200327622982741759827263194893
0.875709407483892,0.87570940748389158869713355670683086,0.87570940748389158869713355670683086
0.690665704962731,0.69066570496273102519602105076046428,0.69066570496273102519602105076046428
1.00619215829686,1.0061921582968551547310198657214642,1.0061921582968551547310198657214642
1.31827018974858,1.318270189748575571542232864885591,1.318270189748575571542232864885591
1.57302928417194,1.5730292841719376584208589520130772,1.5730292841719376584208589520130772
0.80280070850684,0.80280070850683993288754436434828676,0.80280070850683993288754436434828676
1.3069568838996,1.3069568838995966331140152760781348,1.3069568838995966331140152760781348
0.939114606131473,0.93911460613147274001377695640258025,0.93911460613147274001377695640258025
1.67101334652341,1.6710133465234123795184473237895872,1.6710133465234123795184473237895872
0.923954045630176,0.92395404563017557997284256998682395,0.92395404563017557997284256998682395
0.6158290503264,0.61582905032640039566516065860923845,0.61582905032640039566516065860923845
1.12583175156221,1.1258317515622116022910859101102687,1.1258317515622116022910859101102687
1.40273835940383,1.4027383594038261849235027511895169,1.4027383594038261849235027511895169
1.05457855106107,1.0545785510610743429538160853553563,1.0545785510610743429538160853553563
1.3967293405874,1.3967293405874022793611288761894684,1.3967293405874022793611288761894684
1.3211304468373,1.3211304468372969678213735278404783,1.3211304468372969678213735278404783
1.11659703954743,1.1165970395474300869143036152308923,1.1165970395474300869143036152308923
1.2813071686239,1.2813071686238985957828617756604217,1.2813071686238985957828617756604217
1.00144379954563,1.0014437995456334645760776425049698,1.0014437995456334645760776425049698
0.785574044852277,0.785574044852276498485110778347007,0.785574044852276498485110778347007
0.453227412728424,0.4532274127284244003011082213561167,0.4532274127284244003011082213561167
