scadere cu precizie fp64,scadere cu precizie double2,scadere cu precizie fp128
0.683502677304651,0.68350267730465069648815301661670674,0.68350267730465069648815301661670674
-0.708008971744817,-0.70800897174481702833759300119709224,-0.70800897174481702833759300119709224
-0.381808852200638,-0.38180885220063787155453383093117736,-0.38180885220063787155453383093117736
-0.415630662492429,-0.41563066249242908156702469568699598,-0.41563066249242908156702469568699598
0.197053039396602,0.19705303939660154255442137127829483,0.19705303939660154255442137127829483
0.7789985991334,0.77899859913340015193927712289223564,0.77899859913340015193927712289223564
-0.0965174826067525,-0.096517482606752524887383515306282789,-0.096517482606752524887383515306282789
0.162174946739819,0.16217494673981880382029885367956012,0.16217494673981880382029885367956012
0.31637483587113,0.31637483587113046645811209600651637,0.31637483587113046645811209600651637
0.710488167129659,0.71048816712965867647966433651163243,0.71048816712965867647966433651163243
-0.112122763033835,-0.11212276303383528208712505147559568,-0.11212276303383528208712505147559568
-0.29422650224813,-0.29422650224812962882481315318727866,-0.29422650224812962882481315318727866
-0.633034645430986,-0.63303464543098583727775974239193602,-0.63303464543098583727775974239193602
-0.376963673931214,-0.37696367393121432698421813256572932,-0.37696367393121432698421813256572932
0.209756519519239,0.20975651951923901528118676651502028,0.20975651951923901528118676651502028
0.0868404790302345,0.086840479030234507540342292486457154,0.086840479030234507540342292486457154
-0.0698282661635564,-0.069828266163556418355540245102019981,-0.069828266163556418355540245102019981
-0.07025257065684,-0.070252570656839985474562126910313964,-0.070252570656839985474562126910313964
0.286914603223551,0.28691460322355089029855435001081787,0.28691460322355089029855435001081787
0.638321019744068,0.63832101974406768585268423521483783,0.63832101974406768585268423521483783
-0.127635079276209,-0.12763507927620915127775447217572946,-0.12763507927620915127775447217572946
0.192861725632753,0.19286172563275294500328982394421473,0.19286172563275294500328982394421473
-0.201095613473047,-0.20109561347304660827717270876746625,-0.20109561347304660827717270876746625
0.181590391487782,0.18159039148778177708010161950369366,0.18159039148778177708010161950369366
-0.197823369065693,-0.19782336906569275569722776708658785,-0.19782336906569275569722776708658785
-0.731488942837497,-0.73148894283749696376695226263109362,-0.73148894283749696376695226263109362
0.0759907894666724,0.075990789466672370444655371102271602,0.075990789466672370444655371102271602
-0.388134301427431,-0.38813430142743063355759147725621006,-0.38813430142743063355759147725621006
0.325959150749504,0.32595915074950410073029161139857024,0.32595915074950410073029161139857024
0.431288833833242,0.43128883383324229106037250858207699,0.43128883383324229106037250858207699
-0.0879285989884479,-0.087928598988447903561649354742257856,-0.087928598988447903561649354742257856
-0.127541417991156,-0.12754141799115614741566560041974299,-0.12754141799115614741566560041974299
-0.571392526315893,-0.57139252631589276809620514541165903,-0.57139252631589276809620514541165903
0.243496226962531,0.24349622696253081510775473361718468,0.24349622696253081510775473361718468
0.0215254279331439,0.021525427933143936876092539023375139,0.021525427933143936876092539023375139
0.0647423591356971,0.064742359135697147287658026471035555,0.064742359135697147287658026471035555
0.391014128288638,0.39101412828863768567089209682308137,0.39101412828863768567089209682308137
-0.73428440144042,-0.7342844014404195651657403232093202,-0.7342844014404195651657403232093202
0.0628823033550187,0.062882303355018653867603006801800802,0.062882303355018653867603006801800802
-0.276211661980005,-0.27621166198000524083511209028074518,-0.27621166198000524083511209028074518
0.267480939410377,0.26748093941037676124494737450731918,0.26748093941037676124494737450731918
-0.244178052088603,-0.24417805208860254850833371165208519,-0.24417805208860254850833371165208519
-0.0203602157342454,-0.02036021573424542929764413656812394,-0.02036021573424542929764413656812394
-0.641881833042552,-0.64188183304255164163265590104856528,-0.64188183304255164163265590104856528
-0.143110724770434,-0.14311072477043443318400761654629605,-0.14311072477043443318400761654629605
-0.475612278308671,-0.47561227830867083832266928311582888,-0.47561227830867083832266928311582888
-0.118259312349313,-0.11825931234931258417830690632399637,-0.11825931234931258417830690632399637
0.295470022614332,0.29547002261433238934351663829147583,0.29547002261433238934351663829147583
-0.0325492437326566,-0.03254924373265655201947765817749314,-0.03254924373265655201947765817749314
0.596062512386089,0.59606251238608892739634370627754834,0.59606251238608892739634370627754834
0.54484312783721,0.54484312783721000617020990830496885,0.54484312783721000617020990830496885
0.140359228194388,0.14035922819438839681538411241490394,0.14035922819438839681538411241490394
0.301307223659103,0.30130722365910345139639048284152523,0.30130722365910345139639048284152523
0.0115731222902992,0.011573122290299248104972207329410594,0.011573122290299248104972207329410594
0.123879728573181,0.12387972857318085839750665400060825,0.12387972857318085839750665400060825
0.698561930147193,0.69856193014719267231349419944308465,0.69856193014719267231349419944308465
-0.014738800676521,-0.014738800676521002230856538517400622,-0.014738800676521002230856538517400622
-0.438046689411911,-0.43804668941191071684926328089204617,-0.43804668941191071684926328089204617
-0.485707631049418,-0.48570763104941760968102926199208014,-0.48570763104941760968102926199208014
-0.507095729589105,-0.50709572958910509310470615673693828,-0.50709572958910509310470615673693828
-0.127017393971433,-0.12701739397143252396915613644523546,-0.12701739397143252396915613644523546
-0.0233506804205974,-0.023350680420597402786597740487195551,-0.023350680420597402786597740487195551
-0.147281865657697,-0.1472818656576967422111579253396485,-0.1472818656576967422111579253396485
0.166690747261939,0.1666907472619393315582669856667053,0.1666907472619393315582669856667053
-0.219843170361036,-0.21984317036103584452888526357128285,-0.21984317036103584452888526357128285
-0.156789188997025,-0.15678918899702531941642291712923907,-0.15678918899702531941642291712923907
0.0128540313522325,0.012854031352232508922384113247971982,0.012854031352232508922384113247971982
-0.0171744606495103,-0.017174460649510309151466458388313185,-0.017174460649510309151466458388313185
0.177958992727918,0.17795899272791837475438114779535681,0.17795899272791837475438114779535681
-0.0686198172714185,-0.068619817271418498405566310793801676,-0.068619817271418498405566310793801676
-0.71987705246274,-0.71987705246273969716952478847815655,-0.71987705246273969716952478847815655
-0.685329080841596,-0.68532908084159566142190556092828047,-0.68532908084159566142190556092828047
-0.719120403058251,-0.71912040305825124242300461219201679,-0.71912040305825124242300461219201679
0.0529010914113428,0.052901091411342804349260404706001282,0.052901091411342804349260404706001282
0.0582560840618179,0.058256084061817925423554243025137112,0.058256084061817925423554243025137112
-0.0242687995846071,-0.024268799584607148034365309285931289,-0.024268799584607148034365309285931289
-0.176555596782512,-0.17655559678251164790196980902692303,-0.17655559678251164790196980902692303
-0.040475265718939,-0.040475265718939029691014752643241081,-0.040475265718939029691014752643241081
-0.0679969682568426,-0.067996968256842649225291097536683083,-0.067996968256842649225291097536683083
0.245101136417478,0.24510113641747821588978695217519999,0.24510113641747821588978695217519999
-0.551854513070335,-0.55185451307033456247452818388410378,-0.55185451307033456247452818388410378
0.0354522460055482,0.03545224600554819360809233330655843,0.03545224600554819360809233330655843
-0.102428292799987,-0.10242829279998721947464446202502586,-0.10242829279998721947464446202502586
-0.16834907721416,-0.16834907721415959258592920377850533,-0.16834907721415959258592920377850533
0.424559203615774,0.42455920361577403898678539917455055,0.42455920361577403898678539917455055
-0.15063276803876,-0.15063276803876024523276555555639789,-0.15063276803876024523276555555639789
0.682672710791766,0.68267271079176586323633557640278013,0.68267271079176586323633557640278013
0.597871611136552,0.59787161113655207245187739317771047,0.59787161113655207245187739317771047
0.397132901547895,0.39713290154789504526888777036219835,0.39713290154789504526888777036219835
0.118830293430969,0.11883029343096851437877603530068882,0.11883029343096851437877603530068882
-0.407682890903153,-0.40768289090315262823693842619832139,-0.40768289090315262823693842619832139
0.123807222131133,0.12380722213113326546363168745301664,0.12380722213113326546363168745301664
0.245507846043427,0.2455078460434274578716440373682417,0.2455078460434274578716440373682417
0.654383522557945,0.6543835225579445746824092111637583,0.6543835225579445746824092111637583
-0.0394581973755082,-0.039458197375508208271099874764331616,-0.039458197375508208271099874764331616
-0.399022712259889,-0.39902271225988850122945450493716635,-0.39902271225988850122945450493716635
0.348589257084131,0.34858925708413113220274226478068158,0.34858925708413113220274226478068158
0.498529421138706,0.49852942113870624130100850379676558,0.49852942113870624130100850379676558
-0.582493236957869,-0.58249323695786892063352979675983079,-0.58249323695786892063352979675983079
-0.295564468038855,-0.29556446803885538798795096226967871,-0.29556446803885538798795096226967871
-0.0244412064734011,-0.024441206473401089205310654506320134,-0.024441206473401089205310654506320134
0.214218620429715,0.21421862042971456796536244837625418,0.21421862042971456796536244837625418
0.158599016186204,0.1585990161862040198625933840048674,0.1585990161862040198625933840048674
0.139433321797541,0.13943332179754097666091183782555163,0.13943332179754097666091183782555163
-0.0477320515522348,-0.047732051552234810998243119684047997,-0.047732051552234810998243119684047997
-0.630855963604009,-0.63085596360400947313351593948027585,-0.63085596360400947313351593948027585
0.582813161986717,0.5828131619867169821436192478358862,0.5828131619867169821436192478358862
-0.607245300022246,-0.60724530002224608171701447645318694,-0.60724530002224608171701447645318694
-0.234878904479529,-0.23487890447952886052718213250045665,-0.23487890447952886052718213250045665
0.207634311860465,0.2076343118604651039049713290296495,0.2076343118604651039049713290296495
0.284302331651501,0.28430233165150142760069229552755132,0.28430233165150142760069229552755132
0.233219891330853,0.23321989133085324619187872485781554,0.23321989133085324619187872485781554
0.337895114560398,0.33789511456039761361225259861384984,0.33789511456039761361225259861384984
-0.233805841131339,-0.23380584113133934254236123706505168,-0.23380584113133934254236123706505168
0.247031879845811,0.247031879845810764528835079545388,0.247031879845810764528835079545388
-0.133268145938931,-0.13326814593893054894380156838451512,-0.13326814593893054894380156838451512
-0.208025664325838,-0.20802566432583824429514152143383399,-0.20802566432583824429514152143383399
0.0962914427748678,0.096291442774867785914238993427716196,0.096291442774867785914238993427716196
0.279681142629573,0.27968114262957333160386497183935717,0.27968114262957333160386497183935717
0.417131622265818,0.41713162226581823599502740762545727,0.41713162226581823599502740762545727
0.594087276713096,0.59408727671309580209424439090071246,0.59408727671309580209424439090071246
0.0308962935471495,0.03089629354714945597137898403161671,0.03089629354714945597137898403161671
-0.146037201528779,-0.14603720152877941451663446059683338,-0.14603720152877941451663446059683338
0.0439898807019923,0.043989880701992278844159045547712594,0.043989880701992278844159045547712594
0.346285981846573,0.346285981846572776809978222445352,0.346285981846572776809978222445352
-0.172172543883141,-0.17217254388314062740761301029124297,-0.17217254388314062740761301029124297
0.222627247730847,0.22262724773084674456669063147273846,0.22262724773084674456669063147273846
-0.631896350215002,-0.63189635021500167866292940743733197,-0.63189635021500167866292940743733197
-0.324616351380653,-0.32461635138065270123064465224160813,-0.32461635138065270123064465224160813
0.34592075839534,0.34592075839534003334208023261453491,0.34592075839534003334208023261453491
-0.257542704937381,-0.2575427049373806287491106559173204,-0.2575427049373806287491106559173204
-0.286879091832212,-0.28687909183221210751568719388160389,-0.28687909183221210751568719388160389
0.0920154409233538,0.092015440923353827851194353115715785,0.092015440923353827851194353115715785
0.422029700497856,0.42202970049785637485229017329402268,0.42202970049785637485229017329402268
0.0306403728085605,0.030640372808560467632332802168093622,0.030640372808560467632332802168093622
0.0266741188878827,0.026674118887882736217420642788056284,0.026674118887882736217420642788056284
0.0915810909087187,0.0915810909087186875154884546645917,0.0915810909087186875154884546645917
0.296871500656705,0.29687150065670475651558035679045133,0.29687150065670475651558035679045133
0.0775175537505862,0.077517553750586221106289031013147905,0.077517553750586221106289031013147905
0.128711237917156,0.12871123791715610718000561973894946,0.12871123791715610718000561973894946
-0.360259412041832,-0.36025941204183209443101532087894157,-0.36025941204183209443101532087894157
-0.0199968277947827,-0.019996827794782734422085468395380303,-0.019996827794782734422085468395380303
0.478771101123197,0.47877110112319720691687052749330178,0.47877110112319720691687052749330178
-0.0350187082250209,-0.035018708225020900304258475443930365,-0.035018708225020900304258475443930365
-0.284136851839008,-0.28413685183900849740012972688418813,-0.28413685183900849740012972688418813
-0.203389001431723,-0.20338900143172289336490621280972846,-0.20338900143172289336490621280972846
0.273505619966664,0.27350561996666378217213377865846269,0.27350561996666378217213377865846269
-0.613643355574564,-0.61364335557456389791397555200092029,-0.61364335557456389791397555200092029
0.340092881289981,0.34009288128998083067244806443341076,0.34009288128998083067244806443341076
0.716560248303128,0.71656024830312764484219201222003903,0.71656024830312764484219201222003903
0.547069651039274,0.54706965103927432392261209770367714,0.54706965103927432392261209770367714
0.310321606797606,0.31032160679760645294322785048279911,0.31032160679760645294322785048279911
0.049841924878859,0.049841924878858967495887100085383281,0.049841924878858967495887100085383281
-0.15861373318643,-0.15861373318643046115283823382924311,-0.15861373318643046115283823382924311
0.000201946194290259,0.00020194619429025895129825585172511637,0.00020194619429025895129825585172511637
-0.465465999252768,-0.46546599925276754827763170396792702,-0.46546599925276754827763170396792702
0.571885683806338,0.57188568380633847398897273706097621,0.57188568380633847398897273706097621
-0.427909067617859,-0.42790906761785868495095996877353173,-0.42790906761785868495095996877353173
0.145561411636941,0.14556141163694136242412469073315151,0.14556141163694136242412469073315151
0.641005591075013,0.64100559107501331457257265356020071,0.64100559107501331457257265356020071
0.334377734105531,0.3343777341055305107886397308902815,0.3343777341055305107886397308902815
0.399146876825962,0.39914687682596183826433389185694978,0.39914687682596183826433389185694978
0.203730800306085,0.20373080030608547996706647609244101,0.20373080030608547996706647609244101
-0.634689996397358,-0.63468999639735768081294509102008305,-0.63468999639735768081294509102008305
0.467050114758308,0.4670501147583078216385388259368483,0.4670501147583078216385388259368483
-0.509651691753732,-0.50965169175373203902523755459696986,-0.50965169175373203902523755459696986
-0.105384693206229,-0.10538469320622939617848601301375311,-0.10538469320622939617848601301375311
0.333870708929738,0.33387070892973758073907220023102127,0.33387070892973758073907220023102127
-0.0807636446337238,-0.08076364463372376345517977824783884,-0.08076364463372376345517977824783884
-0.655915421232404,-0.65591542123240442752063472653389908,-0.65591542123240442752063472653389908
-0.0602336199573487,-0.060233619957348660811646823276532814,-0.060233619957348660811646823276532814
-0.439898725259887,-0.43989872525988665818985623445769306,-0.43989872525988665818985623445769306
-0.245252573406907,-0.24525257340690653773407348126056604,-0.24525257340690653773407348126056604
0.231285475129916,0.23128547512991615153765678769559599,0.23128547512991615153765678769559599
0.0290633912697609,0.029063391269760874280336793162859976,0.029063391269760874280336793162859976
0.135770715750213,0.13577071575021260052551497210515663,0.13577071575021260052551497210515663
0.0331331770001718,0.033133177000171820658636079315328971,0.033133177000171820658636079315328971
-0.38737747620845,-0.38737747620844975582343749920255505,-0.38737747620844975582343749920255505
-0.787987943791297,-0.78798794379129702414310543190367753,-0.78798794379129702414310543190367753
-0.0887325136957494,-0.088732513695749415383318137173773721,-0.088732513695749415383318137173773721
-0.759015309815916,-0.75901530981591616709103220728138695,-0.75901530981591616709103220728138695
0.12149388130214,0.12149388130214000547368868865305558,0.12149388130214000547368868865305558
0.342124653258374,0.34212465325837361496130739624277339,0.34212465325837361496130739624277339
0.435521437105415,0.4355214371054147992623484242358245,0.4355214371054147992623484242358245
0.791671685739554,0.79167168573955437604894314063130878,0.79167168573955437604894314063130878
-0.150097036359392,-0.1500970363593917555888879178382922,-0.1500970363593917555888879178382922
0.206074456830196,0.2060744568301964285694793943548575,0.2060744568301964285694793943548575
-0.0535104875205186,-0.053510487520518568160809991240967065,-0.053510487520518568160809991240967065
0.240873392971642,0.24087339297164200857537252886686474,0.24087339297164200857537252886686474
-0.00442252970637846,-0.0044225297063784640982930795871652663,-0.0044225297063784640982930795871652663
-0.725070239050404,-0.72507023905040385303166772246186156,-0.72507023905040385303166772246186156
0.310504268792207,0.31050426879220704989847945398651063,0.31050426879220704989847945398651063
0.437204705820785,0.43720470582078507781886855809716508,0.43720470582078507781886855809716508
-0.0698835266946617,-0.069883526694661690648047169815981761,-0.069883526694661690648047169815981761
0.146395397048212,0.14639539704821238896848001331818523,0.14639539704821238896848001331818523
0.455802453140532,0.4558024531405319157428834841994103,0.4558024531405319157428834841994103
-0.53746323186168,-0.53746323186168021290853857863112353,-0.53746323186168021290853857863112353
-0.134006443098025,-0.13400644309802511866536178786191158,-0.13400644309802511866536178786191158
-0.442918890772864,-0.44291889077286372700115180123248138,-0.44291889077286372700115180123248138
0.179781783755601,0.17978178375560061041937842674087733,0.17978178375560061041937842674087733
-0.0704861445713508,-0.070486144571350828336164795473450795,-0.070486144571350828336164795473450795
-0.478593025637876,-0.47859302563787586848320643184706569,-0.47859302563787586848320643184706569
0.210207902203861,0.21020790220386076363467964256415144,0.21020790220386076363467964256415144
-0.58386274537157,-0.58386274537156973574170137908367906,-0.58386274537156973574170137908367906
0.475092101581113,0.47509210158111292443550155439879745,0.47509210158111292443550155439879745
0.0237235144025049,0.023723514402504863873843987676082179,0.023723514402504863873843987676082179
0.0507560656229817,0.050756065622981738627572667610365897,0.050756065622981738627572667610365897
-0.110420963608748,-0.11042096360874786853401019470766187,-0.11042096360874786853401019470766187
-0.176079817065262,-0.17607981706526187881678424673737027,-0.17607981706526187881678424673737027
-0.137307306243193,-0.13730730624319270605226961379230488,-0.13730730624319270605226961379230488
-0.379088985107418,-0.37908898510741828591363855593954213,-0.37908898510741828591363855593954213
-0.598163142226356,-0.59816314222635591502097440752550028,-0.59816314222635591502097440752550028
0.243021036793282,0.24302103679328201923937058381852694,0.24302103679328201923937058381852694
0.570735515675155,0.57073551567515454219226000986964209,0.57073551567515454219226000986964209
0.230942281668648,0.23094228166864827489490608058986254,0.23094228166864827489490608058986254
0.221918375252101,0.2219183752521014518777064949972555,0.2219183752521014518777064949972555
-0.544842282762877,-0.54484228276287735570626580283715157,-0.54484228276287735570626580283715157
-0.122630261566578,-0.12263026156657763632296109790331684,-0.12263026156657763632296109790331684
0.430090750553523,0.43009075055352308236678027242305689,0.43009075055352308236678027242305689
0.779917255418771,0.77991725541877088279107965718139894,0.77991725541877088279107965718139894
-0.672890012321703,-0.67289001232170297939205738657619804,-0.67289001232170297939205738657619804
0.536205534658338,0.53620553465833820094843531478545628,0.53620553465833820094843531478545628
0.743822391574256,0.74382239157425639186627108756511007,0.74382239157425639186627108756511007
-0.283801517756248,-0.28380151775624778975881667975045275,-0.28380151775624778975881667975045275
0.0138594319205737,0.013859431920573705987465018552029505,0.013859431920573705987465018552029505
-0.146576655829493,-0.14657665582949325200345924713474233,-0.14657665582949325200345924713474233
-0.728211113424023,-0.72821111342402264354767282839020481,-0.72821111342402264354767282839020481
-0.0472043324399426,-0.047204332439942625621043248429486994,-0.047204332439942625621043248429486994
0.0795916043567975,0.079591604356797462926920161407906562,0.079591604356797462926920161407906562
0.334803962402002,0.33480396240200205326686955231707543,0.33480396240200205326686955231707543
0.0687719174330018,0.068771917433001761299493637125124224,0.068771917433001761299493637125124224
-0.0499459030324506,-0.049945903032450611469528212182922289,-0.049945903032450611469528212182922289
-0.229963483492929,-0.22996348349292905499652306389180012,-0.22996348349292905499652306389180012
-0.129360429272478,-0.12936042927247826117564954984118231,-0.12936042927247826117564954984118231
0.199315106749386,0.19931510674938568428160579060204327,0.19931510674938568428160579060204327
-0.369860355795294,-0.36986035579529363825912469110335223,-0.36986035579529363825912469110335223
0.148889978751826,0.14888997875182607977251336706103757,0.14888997875182607977251336706103757
-0.335332227602741,-0.33533222760274106200029109459137544,-0.33533222760274106200029109459137544
0.442021070979669,0.44202107097966880644435150315985084,0.44202107097966880644435150315985084
-0.0727372351779536,-0.07273723517795360749005340039730072,-0.07273723517795360749005340039730072
-0.315259599881462,-0.31525959988146179391321766161127016,-0.31525959988146179391321766161127016
-0.034459252922226,-0.034459252922225958037927284749457613,-0.034459252922225958037927284749457613
0.293557730420538,0.29355773042053781574090010053623701,0.29355773042053781574090010053623701
-0.188425465640444,-0.18842546564044360124512422771658748,-0.18842546564044360124512422771658748
0.0778397245736171,0.077839724573617097291844402207061648,0.077839724573617097291844402207061648
-0.254055017942593,-0.2540550179425930532595145905361278,-0.2540550179425930532595145905361278
0.229807832804455,0.22980783280445504779265775141539052,0.22980783280445504779265775141539052
0.0606673387756782,0.060667338775678203433017188217490911,0.060667338775678203433017188217490911
0.00106077405244742,0.0010607740524474218446471240895334631,0.0010607740524474218446471240895334631
0.793764482330205,0.79376448233020471811904883452370996,0.79376448233020471811904883452370996
0.253465026789052,0.25346502678905247218921203966601752,0.25346502678905247218921203966601752
-0.488319552391571,-0.488319552391571376492862555096508,-0.488319552391571376492862555096508
0.245250451954834,0.24525045195483352600263060594443232,0.24525045195483352600263060594443232
0.789419186147662,0.78941918614766237727309317051549442,0.78941918614766237727309317051549442
0.5870829471477,0.58708294714769973521306667407770874,0.58708294714769973521306667407770874
0.0381242863373923,0.03812428633739228800436649180483073,0.03812428633739228800436649180483073
-0.0191946121274227,-0.019194612127422738812043689904385246,-0.019194612127422738812043689904385246
0.408476038812457,0.40847603881245730939042459795018658,0.40847603881245730939042459795018658
0.384488245572455,0.38448824557245453448217631375882775,0.38448824557245453448217631375882775
-0.079812931285718,-0.079812931285717980678384719794848934,-0.079812931285717980678384719794848934
0.288069301843312,0.28806930184331225319738223333843052,0.28806930184331225319738223333843052
-0.551090121934056,-0.55109012193405571000681675286614336,-0.55109012193405571000681675286614336
0.403284821096738,0.40328482109673799427262963490647962,0.40328482109673799427262963490647962
0.265617707392632,0.26561770739263190765910849222564138,0.26561770739263190765910849222564138
-0.0475372695218577,-0.047537269521857661302988162788096815,-0.047537269521857661302988162788096815
0.0702428008607257,0.070242800860725651546090375632047653,0.070242800860725651546090375632047653
-0.358061851187451,-0.35806185118745126327866046267445199,-0.35806185118745126327866046267445199
0.103889118014453,0.10388911801445288585199477893183939,0.10388911801445288585199477893183939
-0.263625567130633,-0.26362556713063312052724995737662539,-0.26362556713063312052724995737662539
-0.00174847754803686,-0.0017484775480368641709105759218800813,-0.0017484775480368641709105759218800813
-0.0606928453044994,-0.060692845304499365433059665519976988,-0.060692845304499365433059665519976988
-0.358838120614731,-0.35883812061473119303656176271033473,-0.35883812061473119303656176271033473
0.338771931373972,0.33877193137397221267548275136505254,0.33877193137397221267548275136505254
0.219440206073782,0.2194402060737822290903409339080099,0.2194402060737822290903409339080099
0.601139355148111,0.60113935514811142613034178339148639,0.60113935514811142613034178339148639
0.110729077846402,0.11072907784640151351851500294287689,0.11072907784640151351851500294287689
-0.214615436491391,-0.21461543649139058764774290466448292,-0.21461543649139058764774290466448292
0.347892615002506,0.34789261500250634462361176701961085,0.34789261500250634462361176701961085
-0.0907659006086549,-0.090765900608654859205159937118878588,-0.090765900608654859205159937118878588
0.593988179816015,0.59398817981601514937040064978646114,0.59398817981601514937040064978646114
0.720227761304033,0.72022776130403332039975339284865186,0.72022776130403332039975339284865186
0.617180097339902,0.61718009733990208953713363371207379,0.61718009733990208953713363371207379
0.110807848477146,0.11080784847714608698510119211277924,0.11080784847714608698510119211277924
0.652056177517264,0.6520561775172638019348880789038958,0.6520561775172638019348880789038958
0.460304709769666,0.46030470976966553209308585792314261,0.46030470976966553209308585792314261
0.111571881427691,0.11157188142769092209505288337823004,0.11157188142769092209505288337823004
0.434440579474382,0.43444057947438152744723538489779457,0.43444057947438152744723538489779457
0.329156207750009,0.32915620775000886677474909447482787,0.32915620775000886677474909447482787
0.491633969283148,0.49163396928314784251057290020980872,0.49163396928314784251057290020980872
-0.592414669257898,-0.592414669257897541498891769151669,-0.592414669257897541498891769151669
0.251512097690701,0.25151209769070070887408974158461206,0.25151209769070070887408974158461206
-0.559294081677338,-0.55929408167733840606672401918331161,-0.55929408167733840606672401918331161
-0.441855609823464,-0.44185560982346411273979924771992955,-0.44185560982346411273979924771992955
-0.197908517262153,-0.19790851726215308303835627157241106,-0.19790851726215308303835627157241106
-0.233926766318076,-0.23392676631807551856923055311199278,-0.23392676631807551856923055311199278
0.433544228268939,0.43354422826893923570423794444650412,0.43354422826893923570423794444650412
-0.188951989384006,-0.18895198938400648014379612504853867,-0.18895198938400648014379612504853867
0.560572460198459,0.5605724601984589661185509612550959,0.5605724601984589661185509612550959
0.319295523361851,0.31929552336185140770652424180298112,0.31929552336185140770652424180298112
-0.664064941146684,-0.66406494114668418449198838970914949,-0.66406494114668418449198838970914949
-0.0693884122462463,-0.069388412246246311543274032374029048,-0.069388412246246311543274032374029048
-0.20209243176462,-0.2020924317646198842268745465844404,-0.2020924317646198842268745465844404
-0.526757948026224,-0.5267579480262244429056295302871149,-0.5267579480262244429056295302871149
0.0447516513709039,0.044751651370903866578032648249063641,0.044751651370903866578032648249063641
0.128165065240131,0.12816506524013093759606363164493814,0.12816506524013093759606363164493814
0.00797412384818347,0.0079741238481834675333459472312824801,0.0079741238481834675333459472312824801
-0.136131546025649,-0.13613154602564869755099152826005593,-0.13613154602564869755099152826005593
0.355675558258928,0.35567555825892777088270690910576377,0.35567555825892777088270690910576377
0.440984220405455,0.44098422040545465216965226318279747,0.44098422040545465216965226318279747
0.0278211234757454,0.027821123475745418440752132482884917,0.027821123475745418440752132482884917
0.185380157097175,0.18538015709717489687413660703896312,0.18538015709717489687413660703896312
0.0937123055667594,0.093712305566759357411399378179339692,0.093712305566759357411399378179339692
0.0130090689780992,0.013009068978099169733297912898706272,0.013009068978099169733297912898706272
0.119016418413447,0.11901641841344734462637688920949586,0.11901641841344734462637688920949586
-0.0464976573851514,-0.046497657385151436315595674386713654,-0.046497657385151436315595674386713654
-0.3310149468942,-0.33101494689420002393021036368736532,-0.33101494689420002393021036368736532
-0.356493311286513,-0.35649331128651284839037316487520002,-0.35649331128651284839037316487520002
-0.204474230674088,-0.20447423067408798669220004740054719,-0.20447423067408798669220004740054719
-0.719462113246173,-0.71946211324617337368181324563920498,-0.71946211324617337368181324563920498
0.754740570520096,0.75474057052009577151174823939072667,0.75474057052009577151174823939072667
-0.0762924244990467,-0.07629242449904671818927681670174934,-0.07629242449904671818927681670174934
-0.381726929477905,-0.3817269294779053051547279551414249,-0.3817269294779053051547279551414249
0.510213697150035,0.51021369715003497824490352741122479,0.51021369715003497824490352741122479
-0.215949753667376,-0.21594975366737623190260819683317095,-0.21594975366737623190260819683317095
0.120589947143266,0.12058994714326598529652301294845529,0.12058994714326598529652301294845529
0.132602112259344,0.13260211225934448453500635878299363,0.13260211225934448453500635878299363
-0.514942421634488,-0.51494242163448805671421837359957863,-0.51494242163448805671421837359957863
0.107068002653198,0.10706800265319793563634220845415257,0.10706800265319793563634220845415257
-0.12214297997867,-0.12214297997866951916989819437731057,-0.12214297997866951916989819437731057
-0.00895780285153236,-0.0089578028515323593339303442917298526,-0.0089578028515323593339303442917298526
0.243988016123208,0.24398801612320830667357540733064525,0.24398801612320830667357540733064525
-0.204603269472973,-0.20460326947297324817753860770608298,-0.20460326947297324817753860770608298
0.0974258135569971,0.097425813556997087339084373525111005,0.097425813556997087339084373525111005
0.313304693636185,0.31330469363618507205870855614193715,0.31330469363618507205870855614193715
0.121479714490122,0.12147971449012207045825562090612948,0.12147971449012207045825562090612948
-0.190235485130211,-0.19023548513021124040101028640492586,-0.19023548513021124040101028640492586
-0.363660464088574,-0.36366046408857399807601495922426693,-0.36366046408857399807601495922426693
-0.64331665181408,-0.64331665181407962639248410141590284,-0.64331665181407962639248410141590284
-0.291166677435462,-0.29116667743546176261304481158731505,-0.29116667743546176261304481158731505
-0.364758524502221,-0.36475852450222093215081997641391354,-0.36475852450222093215081997641391354
0.196262084038381,0.1962620840383813014540237418259494,0.1962620840383813014540237418259494
0.487977946849292,0.48797794684929240993653820623876527,0.48797794684929240993653820623876527
0.362334803384905,0.36233480338490531291739671360119246,0.36233480338490531291739671360119246
-0.55457987025402,-0.55457987025401989100714672531466931,-0.55457987025401989100714672531466931
0.187421907380673,0.18742190738067332489436012110672891,0.18742190738067332489436012110672891
0.457710575656618,0.45771057565661776855847620026906952,0.45771057565661776855847620026906952
-0.0315118594053998,-0.031511859405399800238001262187026441,-0.031511859405399800238001262187026441
-0.142920571739083,-0.14292057173908268019602019194280729,-0.14292057173908268019602019194280729
0.206502771387095,0.20650277138709516311365632645902224,0.20650277138709516311365632645902224
-0.8007942685311,-0.8007942685311001396186725287407171,-0.8007942685311001396186725287407171
-0.199412234489467,-0.19941223448946715501861604025179986,-0.19941223448946715501861604025179986
-0.605439936465498,-0.60543993646549798537392916841781698,-0.60543993646549798537392916841781698
0.670620937421114,0.67062093742111417160600694842287339,0.67062093742111417160600694842287339
-0.44454215158039,-0.44454215158039012134594258895958774,-0.44454215158039012134594258895958774
-0.648603410614431,-0.64860341061443135823871841694199247,-0.64860341061443135823871841694199247
-0.0150859267293225,-0.015085926729322518546894116298062727,-0.015085926729322518546894116298062727
0.492692227699124,0.49269222769912374149114953070238698,0.49269222769912374149114953070238698
0.00220232026616207,0.0022023202661620722153656970476731658,0.0022023202661620722153656970476731658
-0.497614673898049,-0.49761467389804880934178754614549689,-0.49761467389804880934178754614549689
-0.393588525098016,-0.39358852509801589558691148340585642,-0.39358852509801589558691148340585642
-0.0794613190645413,-0.079461319064541346968155721697257832,-0.079461319064541346968155721697257832
0.296461064271092,0.29646106427109186753909852996002883,0.29646106427109186753909852996002883
-0.259154424301868,-0.25915442430186796940461135818623006,-0.25915442430186796940461135818623006
-0.112410097219147,-0.1124100972191473257755234271826339,-0.1124100972191473257755234271826339
-0.43136336637497,-0.43136336637497030288557198218768463,-0.43136336637497030288557198218768463
-0.519649775731367,-0.51964977573136689192878634457883891,-0.51964977573136689192878634457883891
-0.224229541179082,-0.22422954117908183713225866995344404,-0.22422954117908183713225866995344404
-0.451308288972567,-0.45130828897256711207397472662705695,-0.45130828897256711207397472662705695
0.0442699688471262,0.04426996884712619539925526623846963,0.04426996884712619539925526623846963
0.300975164064951,0.30097516406495061769277299390523694,0.30097516406495061769277299390523694
0.0774660514448404,0.077466051444840422490756282059010118,0.077466051444840422490756282059010118
-0.300094732758063,-0.3000947327580628376519911171271815,-0.3000947327580628376519911171271815
-0.310903816340345,-0.31090381634034469637839492861530744,-0.31090381634034469637839492861530744
-0.0256685365993607,-0.02566853659936074727454524690983817,-0.02566853659936074727454524690983817
0.333044555855653,0.33304455585565262420999488313100301,0.33304455585565262420999488313100301
0.0949597255843578,0.094959725584357806971169679854938295,0.094959725584357806971169679854938295
-0.458922390828117,-0.45892239082811714379062095758854412,-0.45892239082811714379062095758854412
-0.220510204875427,-0.22051020487542685732940128673362778,-0.22051020487542685732940128673362778
0.294236877945919,0.29423687794591857347370478237280622,0.29423687794591857347370478237280622
0.225186130378326,0.22518613037832624357292843342293054,0.22518613037832624357292843342293054
-0.0506112639726576,-0.050611263972657583032344064122298732,-0.050611263972657583032344064122298732
0.34676371069369,0.34676371069369027466677835036534816,0.34676371069369027466677835036534816
-0.63480933403801,-0.63480933403801045877834496877767378,-0.63480933403801045877834496877767378
-0.0696792739629934,-0.069679273962993448776614968664944172,-0.069679273962993448776614968664944172
-0.125668002694487,-0.12566800269448680227313275281630922,-0.12566800269448680227313275281630922
-0.546102890740386,-0.54610289074038570467095610183605459,-0.54610289074038570467095610183605459
-0.635340209717063,-0.63534020971706262059797154506668448,-0.63534020971706262059797154506668448
-0.184424745982228,-0.1844247459822278001340123410045635,-0.1844247459822278001340123410045635
-0.484579716469475,-0.48457971646947511912273398593242746,-0.48457971646947511912273398593242746
-0.48140627559031,-0.48140627559030957360874936057371087,-0.48140627559030957360874936057371087
0.0322486529720491,0.032248652972049124398878916508692782,0.032248652972049124398878916508692782
-0.160595687728399,-0.16059568772839927230933199098217301,-0.16059568772839927230933199098217301
-0.0422073126837469,-0.04220731268374688927025317752850242,-0.04220731268374688927025317752850242
0.117170382622278,0.11717038262227807976501026132609695,0.11717038262227807976501026132609695
0.124917396747055,0.12491739674705537588295101159019396,0.12491739674705537588295101159019396
-0.407126272129802,-0.40712627212980168067701924883294851,-0.40712627212980168067701924883294851
-0.683796623330961,-0.68379662333096144499755553169961786,-0.68379662333096144499755553169961786
0.0850698022889019,0.085069802288901874565141270068124868,0.085069802288901874565141270068124868
-0.215479898843247,-0.2154798988432468642706396622088505,-0.2154798988432468642706396622088505
-0.0942582119931411,-0.094258211993141133300255773974640761,-0.094258211993141133300255773974640761
0.68627649593502,0.68627649593502004776723879331257194,0.68627649593502004776723879331257194
-0.270832604173105,-0.2708326041731047295613166170369368,-0.2708326041731047295613166170369368
-0.557600741644154,-0.55760074164415363018321158961043693,-0.55760074164415363018321158961043693
-0.370301081668366,-0.37030108166836556149448256292089354,-0.37030108166836556149448256292089354
-0.0230528292622594,-0.023052829262259377784971547953318805,-0.023052829262259377784971547953318805
0.668065218179309,0.66806521817930936135709885093092453,0.66806521817930936135709885093092453
0.0854360950729567,0.085436095072956685925191777641884983,0.085436095072956685925191777641884983
-0.441159538496961,-0.44115953849696054600570960246841423,-0.44115953849696054600570960246841423
0.197867264329264,0.19786726432926354801722368392802309,0.19786726432926354801722368392802309
-0.518382563274963,-0.51838256327496345932104304665699601,-0.51838256327496345932104304665699601
0.01671532682911,0.016715326829110033202141494257375598,0.016715326829110033202141494257375598
0.0997597566383689,0.099759756638368946024542083250707947,0.099759756638368946024542083250707947
0.717110838653425,0.71711083865342453713687120853137458,0.71711083865342453713687120853137458
0.230476477634524,0.23047647763452402958073150784912286,0.23047647763452402958073150784912286
0.0999530052360716,0.099953005236071645889239789539715275,0.099953005236071645889239789539715275
0.475317712243956,0.47531771224395569230836144924978726,0.47531771224395569230836144924978726
0.411778828374183,0.41177882837418289252440217751427554,0.41177882837418289252440217751427554
-0.713699837326563,-0.7136998373265625028594172363227699,-0.7136998373265625028594172363227699
0.104917221499959,0.10491722149995869051153363216144498,0.10491722149995869051153363216144498
0.176664781618885,0.17666478161888510278743069648044184,0.17666478161888510278743069648044184
0.137638919031567,0.13763891903156655338591463078046218,0.13763891903156655338591463078046218
-0.367674172644198,-0.36767417264419777200856742638279684,-0.36767417264419777200856742638279684
0.253911154509304,0.25391115450930390462502828086144291,0.25391115450930390462502828086144291
0.0299728178972575,0.029972817897257475472372334479587153,0.029972817897257475472372334479587153
-0.315844127329925,-0.31584412732992461769754299893975258,-0.31584412732992461769754299893975258
0.0500775141753967,0.05007751417539674232415336518897675,0.05007751417539674232415336518897675
0.219948800778269,0.21994880077826883812974756438052282,0.21994880077826883812974756438052282
0.809746811032857,0.80974681103285731098573307917831698,0.80974681103285731098573307917831698
0.393031895433088,0.3930318954330875858005356349167414,0.3930318954330875858005356349167414
0.487178315904427,0.48717831590442717271116634947247803,0.48717831590442717271116634947247803
0.223881294297145,0.2238812942971446506845722979051061,0.2238812942971446506845722979051061
-0.611405656596757,-0.61140565659675660814542652587988414,-0.61140565659675660814542652587988414
-0.626443177476682,-0.6264431774766820448796522668999387,-0.6264431774766820448796522668999387
-0.357794737433611,-0.35779473743361119020267580026484211,-0.35779473743361119020267580026484211
0.758998736492583,0.75899873649258264851624744551372714,0.75899873649258264851624744551372714
0.190771381849224,0.19077138184922437513790782759315334,0.19077138184922437513790782759315334
-0.12138386469515,-0.12138386469515016763409676059382036,-0.12138386469515016763409676059382036
-0.43012210587262,-0.43012210587262045269341115272254683,-0.43012210587262045269341115272254683
-0.644412278815567,-0.64441227881556675805008183033351088,-0.64441227881556675805008183033351088
-0.112916784856398,-0.11291678485639830564757346564874751,-0.11291678485639830564757346564874751
-0.462252266546043,-0.46225226654604312237495378212770447,-0.46225226654604312237495378212770447
-0.202027394706078,-0.20202739470607833371929018539958633,-0.20202739470607833371929018539958633
0.512276967395742,0.51227696739574224427116178048891015,0.51227696739574224427116178048891015
-0.332405398534466,-0.33240539853446615659038343437714502,-0.33240539853446615659038343437714502
0.200834405802043,0.20083440580204336978198398355743848,0.20083440580204336978198398355743848
0.418695965809844,0.41869596580984369538214195927139372,0.41869596580984369538214195927139372
0.228130508489094,0.22813050848909355305949020475964062,0.22813050848909355305949020475964062
0.121507169776146,0.12150716977614628433457255596294999,0.12150716977614628433457255596294999
-0.275763731561462,-0.27576373156146175014136190384306246,-0.27576373156146175014136190384306246
0.145672450434592,0.14567245043459176034872371019446291,0.14567245043459176034872371019446291
0.479031378078941,0.47903137807894102806471892108675092,0.47903137807894102806471892108675092
-0.250288569902105,-0.25028856990210501809457355193444528,-0.25028856990210501809457355193444528
-0.142837849419546,-0.14283784941954569269739749870495871,-0.14283784941954569269739749870495871
-0.547219987756722,-0.54721998775672164860850443801609799,-0.54721998775672164860850443801609799
0.110306636247442,0.11030663624744152517820339198806323,0.11030663624744152517820339198806323
0.627476419219586,0.62747641921958619004584534195601009,0.62747641921958619004584534195601009
-0.120449245285349,-0.12044924528534861618567219920805655,-0.12044924528534861618567219920805655
0.669579866037672,0.6695798660376721667120136771700345,0.6695798660376721667120136771700345
-0.232733204554201,-0.23273320455420054564399379160022363,-0.23273320455420054564399379160022363
0.415870307165842,0.41587030716584194589557910148869269,0.41587030716584194589557910148869269
0.603052657222808,0.60305265722280837481505955111060757,0.60305265722280837481505955111060757
0.367038801891857,0.36703880189185733584622539638075978,0.36703880189185733584622539638075978
-0.205727841077395,-0.20572784107739544579018797776370775,-0.20572784107739544579018797776370775
0.213327276386782,0.21332727638678161685703571492922492,0.21332727638678161685703571492922492
-0.842232391875172,-0.84223239187517243142799827637645649,-0.84223239187517243142799827637645649
-0.0289730489492158,-0.028973048949215818304026015539420769,-0.028973048949215818304026015539420769
-0.110304232056535,-0.11030423205653516749435993915540166,-0.11030423205653516749435993915540166
-0.705688927901251,-0.70568892790125128944289656374166952,-0.70568892790125128944289656374166952
0.617481369396293,0.61748136939629261199513621249934658,0.61748136939629261199513621249934658
-0.703311675164029,-0.70331167516402884332116229870734969,-0.70331167516402884332116229870734969
-0.108867124938331,-0.10886712493833053394531873436790192,-0.10886712493833053394531873436790192
-0.383412467826214,-0.38341246782621418720538031266187318,-0.38341246782621418720538031266187318
-0.0832423330770477,-0.083242333077047675482518229728157166,-0.083242333077047675482518229728157166
0.371891340143518,0.37189134014351843404710962204262614,0.37189134014351843404710962204262614
-0.176930963028499,-0.17693096302849942169643782108323649,-0.17693096302849942169643782108323649
-0.0985664987031382,-0.098566498703138161197045974404318258,-0.098566498703138161197045974404318258
0.185755480375001,0.18575548037500089204598907599574886,0.18575548037500089204598907599574886
0.100658128744081,0.10065812874408130994652310619130731,0.10065812874408130994652310619130731
0.446727035809355,0.44672703580935541056717852370638866,0.44672703580935541056717852370638866
0.380233556908204,0.38023355690820381802552674344042316,0.38023355690820381802552674344042316
-0.315240067940141,-0.31524006794014083898680667061853455,-0.31524006794014083898680667061853455
-0.160242949326345,-0.16024294932634508548119356419192627,-0.16024294932634508548119356419192627
-0.671508549716214,-0.67150854971621401490189384730911115,-0.67150854971621401490189384730911115
-0.544586246178752,-0.54458624617875162066127359139500186,-0.54458624617875162066127359139500186
0.0781057977738542,0.078105797773854179766317429312039167,0.078105797773854179766317429312039167
0.43100193515844,0.43100193515843965297307249784353189,0.43100193515843965297307249784353189
0.183606469832856,0.18360646983285611177905138902133331,0.18360646983285611177905138902133331
0.0787365732712148,0.078736573271214777003379481357114855,0.078736573271214777003379481357114855
0.160683206771698,0.16068320677169767307645997789222747,0.16068320677169767307645997789222747
-0.109432436392682,-0.10943243639268229738803483996889554,-0.10943243639268229738803483996889554
-0.167602008311703,-0.16760200831170346535969883916550316,-0.16760200831170346535969883916550316
-0.138864163508499,-0.13886416350849872802797335680224933,-0.13886416350849872802797335680224933
-0.424666357189684,-0.42466635718968448465204801323125139,-0.42466635718968448465204801323125139
-0.295601994588045,-0.29560199458804525818322872510179877,-0.29560199458804525818322872510179877
-0.426457142383993,-0.42645714238399257123290908566559665,-0.42645714238399257123290908566559665
0.00579708290445519,0.0057970829044551863695744486904004589,0.0057970829044551863695744486904004589
-0.251339257410729,-0.25133925741072904447293012708541937,-0.25133925741072904447293012708541937
-0.029374717879859,-0.029374717879859013613952356536174193,-0.029374717879859013613952356536174193
0.305332412670196,0.3053324126701961738206136942608282,0.3053324126701961738206136942608282
-0.00908896194927034,-0.0090889619492703355163598644139710814,-0.0090889619492703355163598644139710814
-0.17383959971662,-0.17383959971661988586077995933010243,-0.17383959971661988586077995933010243
-0.186209066178117,-0.18620906617811716632360230505582877,-0.18620906617811716632360230505582877
0.707248368776308,0.70724836877630847808973157953005284,0.70724836877630847808973157953005284
0.358112668730258,0.3581126687302583766481234306411352,0.3581126687302583766481234306411352
0.376859396336447,0.37685939633644716106886107809259556,0.37685939633644716106886107809259556
0.485856670432032,0.48585667043203159543018898602895206,0.48585667043203159543018898602895206
-0.346335612519208,-0.34633561251920819135108331465744413,-0.34633561251920819135108331465744413
-0.312050972808311,-0.31205097280831112227517110113694798,-0.31205097280831112227517110113694798
-0.489029779936664,-0.48902977993666363332181390433106571,-0.48902977993666363332181390433106571
0.712662417451137,0.71266241745113673156097888750082348,0.71266241745113673156097888750082348
-0.184161798459379,-0.18416179845937891146334663972083945,-0.18416179845937891146334663972083945
-0.163291765560911,-0.16329176556091062888498299798811786,-0.16329176556091062888498299798811786
0.553579799892967,0.553579799892967128194243286998244,0.553579799892967128194243286998244
-0.126675270796241,-0.12667527079624063546248180500697345,-0.12667527079624063546248180500697345
0.343318376093931,0.34331837609393078825092970873811282,0.34331837609393078825092970873811282
0.163208304804906,0.16320830480490550185024289930879604,0.16320830480490550185024289930879604
-0.613536436168114,-0.6135364361681139300230825028847903,-0.6135364361681139300230825028847903
-0.63018772578989,-0.63018772578988957455692343501141295,-0.63018772578988957455692343501141295
0.00736623741890408,0.007366237418904075795467178977560252,0.007366237418904075795467178977560252
0.0494431618325363,0.049443161832536275390737046109279618,0.049443161832536275390737046109279618
0.202784459049679,0.20278445904967917767791618643968832,0.20278445904967917767791618643968832
0.0205146926085613,0.020514692608561313491577493550721556,0.020514692608561313491577493550721556
-0.0426546690944232,-0.042654669094423169894980674143880606,-0.042654669094423169894980674143880606
0.341053273910886,0.34105327391088569033428257171181031,0.34105327391088569033428257171181031
-0.265211602589285,-0.26521160258928500041974984924308956,-0.26521160258928500041974984924308956
-0.0265267184788341,-0.026526718478834088177364947114256211,-0.026526718478834088177364947114256211
-0.118743046625592,-0.11874304662559187484305311954813078,-0.11874304662559187484305311954813078
0.291201685267472,0.29120168526747214343686209758743644,0.29120168526747214343686209758743644
0.184123167061129,0.18412316706112863418098868351080455,0.18412316706112863418098868351080455
-0.438784101110319,-0.43878410111031873608311570933437906,-0.43878410111031873608311570933437906
-0.370618557416123,-0.37061855741612285963793027576684835,-0.37061855741612285963793027576684835
0.76558733583805,0.76558733583804972067099470223183744,0.76558733583804972067099470223183744
-0.0734261873741274,-0.073426187374127427354153496708022431,-0.073426187374127427354153496708022431
-0.0265942905051157,-0.026594290505115747436093442956916988,-0.026594290505115747436093442956916988
-0.0291715121649155,-0.029171512164915536224896186467958614,-0.029171512164915536224896186467958614
-0.304727169936694,-0.30472716993669357599117120116716251,-0.30472716993669357599117120116716251
-0.0605410271395748,-0.060541027139574765669749467633664608,-0.060541027139574765669749467633664608
0.0514808639595804,0.051480863959580402955396039033075795,0.051480863959580402955396039033075795
-0.38306740742673,-0.3830674074267298445661822370311711,-0.3830674074267298445661822370311711
0.229242479537766,0.22924247953776644148859986671595834,0.22924247953776644148859986671595834
0.0937545062987918,0.09375450629879178432446451552095823,0.09375450629879178432446451552095823
-0.338674514700224,-0.33867451470022358339662105208844878,-0.33867451470022358339662105208844878
0.293216593681196,0.29321659368119634692106956208590418,0.29321659368119634692106956208590418
0.174925435666861,0.17492543566686058476022935792570934,0.17492543566686058476022935792570934
-0.232186324053443,-0.23218632405344274971525919681880623,-0.23218632405344274971525919681880623
-0.175880891178443,-0.17588089117844307729399133677361533,-0.17588089117844307729399133677361533
-0.764579532255515,-0.76457953225551547604688096271274844,-0.76457953225551547604688096271274844
0.0483447325983444,0.048344732598344430929415693753981031,0.048344732598344430929415693753981031
0.048483442788318,0.048483442788317954175170143571449444,0.048483442788317954175170143571449444
0.259283583215146,0.25928358321514563544774034653528361,0.25928358321514563544774034653528361
0.26860347340678,0.26860347340677970251476835983339697,0.26860347340677970251476835983339697
0.451721890850556,0.45172189085055619583997099653061014,0.45172189085055619583997099653061014
0.368331318281537,0.36833131828153736764264181147154886,0.36833131828153736764264181147154886
-0.0600452960583122,-0.060045296058312158660186241831979714,-0.060045296058312158660186241831979714
-0.0154789419276522,-0.015478941927652201115961361210793257,-0.015478941927652201115961361210793257
-0.0124888232016999,-0.012488823201699861265012714284239337,-0.012488823201699861265012714284239337
-0.151626080507944,-0.15162608050794401659544519134215079,-0.15162608050794401659544519134215079
-0.0981804421150388,-0.098180442115038846218055823555914685,-0.098180442115038846218055823555914685
-0.0349504632863509,-0.034950463286350874625441065290942788,-0.034950463286350874625441065290942788
0.53939228846011,0.53939228846011011420102931879227981,0.53939228846011011420102931879227981
-0.186257005116212,-0.18625700511621212651647283564670943,-0.18625700511621212651647283564670943
-0.0579636630212998,-0.057963663021299849376077872875612229,-0.057963663021299849376077872875612229
-0.303812070970786,-0.30381207097078569145942594786902191,-0.30381207097078569145942594786902191
0.0858959040654383,0.085895904065438288821354717583744787,0.085895904065438288821354717583744787
-0.633145789157335,-0.63314578915733529806963986175105674,-0.63314578915733529806963986175105674
0.0909713477449828,0.090971347744982833383176057395758107,0.090971347744982833383176057395758107
0.254646563095324,0.25464656309532368583248285176523495,0.25464656309532368583248285176523495
0.194329997168949,0.19432999716894916453213681961642578,0.19432999716894916453213681961642578
-0.50231855801891,-0.5023185580189096222092359766975278,-0.5023185580189096222092359766975278
-0.579360147825914,-0.57936014782591443994519408988708165,-0.57936014782591443994519408988708165
-0.550571386081684,-0.55057138608168404436682408231718,-0.55057138608168404436682408231718
0.179516010443596,0.17951601044359566383690207658219151,0.17951601044359566383690207658219151
-0.134322501433118,-0.1343225014331183020388493787322659,-0.1343225014331183020388493787322659
0.149024929218881,0.14902492921888066401692185536376201,0.14902492921888066401692185536376201
0.0951039521590445,0.095103952159044546910138251405442134,0.095103952159044546910138251405442134
0.802649970841281,0.8026499708412808686830430815462023,0.8026499708412808686830430815462023
-0.510894756459611,-0.51089475645961124339322623200132512,-0.51089475645961124339322623200132512
-0.486136764621832,-0.48613676462183191828714257098909002,-0.48613676462183191828714257098909002
-0.28084067076074,-0.28084067076073970792293721387977712,-0.28084067076073970792293721387977712
0.132329046876013,0.13232904687601343418634769477648661,0.13232904687601343418634769477648661
0.396234051588165,0.39623405158816471516303181488183327,0.39623405158816471516303181488183327
-0.283971881317296,-0.28397188131729589333218655156088062,-0.28397188131729589333218655156088062
0.142937856816876,0.14293785681687631861080944872810505,0.14293785681687631861080944872810505
0.0661260017603498,0.066126001760349772951030900003388524,0.066126001760349772951030900003388524
0.28012063655809,0.28012063655809038564825641515199095,0.28012063655809038564825641515199095
0.0666465765640412,0.066646576564041160040119393670465797,0.066646576564041160040119393670465797
0.458724049403715,0.45872404940371480641658763488521799,0.45872404940371480641658763488521799
0.0119385460234079,0.011938546023407936580440491525223479,0.011938546023407936580440491525223479
-0.0167332542419415,-0.016733254241941497575396624597487971,-0.016733254241941497575396624597487971
-0.580199899798888,-0.5801998997988876138887093247831217,-0.5801998997988876138887093247831217
0.165546386637053,0.1655463866370525671811719803372398,0.1655463866370525671811719803372398
-0.0754874140909382,-0.075487414090938245725403987762547331,-0.075487414090938245725403987762547331
-0.128258971671556,-0.12825897167155564382312604720937088,-0.12825897167155564382312604720937088
-0.106683645908681,-0.10668364590868129049283652420854196,-0.10668364590868129049283652420854196
0.0191845748068407,0.019184574806840687388742594521318097,0.019184574806840687388742594521318097
0.103052295103365,0.10305229510336549880733514328312594,0.10305229510336549880733514328312594
0.337042149772886,0.33704214977288626808871185858151875,0.33704214977288626808871185858151875
-0.596148645457855,-0.59614864545785477278894148867038894,-0.59614864545785477278894148867038894
-0.168846181460181,-0.16884618146018126605412135177175514,-0.16884618146018126605412135177175514
0.228861796241953,0.22886179624195274184828008401382249,0.22886179624195274184828008401382249
-0.843655045261378,-0.84365504526137810592523180730495369,-0.84365504526137810592523180730495369
-0.0658862091480564,-0.065886209148056429363293773349141702,-0.065886209148056429363293773349141702
-0.292591966091793,-0.29259196609179316528326353363809176,-0.29259196609179316528326353363809176
0.504816000433803,0.50481600043380303599604985720361583,0.50481600043380303599604985720361583
0.206187098514907,0.20618709851490657491979163751238957,0.20618709851490657491979163751238957
0.106439967866474,0.10643996786647436092465568435727619,0.10643996786647436092465568435727619
-0.703610039020495,-0.70361003902049526481654595500003779,-0.70361003902049526481654595500003779
0.0395794469734054,0.039579446973405429943682065641041845,0.039579446973405429943682065641041845
-0.348148300526006,-0.34814830052600587162459078172105365,-0.34814830052600587162459078172105365
0.400721925852532,0.40072192585253227359309846633550478,0.40072192585253227359309846633550478
-0.408850556509975,-0.40885055650997537135538095753872767,-0.40885055650997537135538095753872767
-0.693246469732744,-0.69324646973274417494081944823847152,-0.69324646973274417494081944823847152
-0.0643369244077511,-0.064336924407751128196508716428070329,-0.064336924407751128196508716428070329
0.15321967814205,0.15321967814204995317339808025280945,0.15321967814204995317339808025280945
-0.540061374190644,-0.5400613741906435671946695720180287,-0.5400613741906435671946695720180287
0.301033797109221,0.30103379710922129053329854286857881,0.30103379710922129053329854286857881
0.422661371950819,0.42266137195081909805338682417641394,0.42266137195081909805338682417641394
0.0848859879604086,0.08488598796040858207589963058126159,0.08488598796040858207589963058126159
0.691538555203126,0.69153855520312604299171255206601927,0.69153855520312604299171255206601927
0.00038780994429044,0.00038780994429044035598508344264701009,0.00038780994429044035598508344264701009
-0.0328267140774512,-0.032826714077451191187151380290742964,-0.032826714077451191187151380290742964
-0.14027964570188,-0.14027964570187989590266397499362938,-0.14027964570187989590266397499362938
-0.17031406760932,-0.17031406760931999677666226489236578,-0.17031406760931999677666226489236578
0.609857746144304,0.60985774614430413032017952446039999,0.60985774614430413032017952446039999
-0.228558430247745,-0.22855843024774458172032609581947327,-0.22855843024774458172032609581947327
0.396960836755685,0.39696083675568460957805427824496292,0.39696083675568460957805427824496292
0.222050137638761,0.2220501376387612468832344347902108,0.2220501376387612468832344347902108
0.106462094692639,0.10646209469263911984171500080265105,0.10646209469263911984171500080265105
-0.148681121494797,-0.14868112149479706385335475715692155,-0.14868112149479706385335475715692155
-0.498958767926241,-0.49895876792624138662546329214819707,-0.49895876792624138662546329214819707
-0.371501752197113,-0.37150175219711312202264252846362069,-0.37150175219711312202264252846362069
-0.349437802246801,-0.34943780224680109913748538019717671,-0.34943780224680109913748538019717671
-0.307449557229946,-0.30744955722994649072177253401605412,-0.30744955722994649072177253401605412
0.123210027935452,0.12321002793545249298645671842677984,0.12321002793545249298645671842677984
0.0484915566581572,0.04849155665815718663225197815336287,0.04849155665815718663225197815336287
-0.652873812524371,-0.65287381252437115541908951854566112,-0.65287381252437115541908951854566112
-0.123449110090046,-0.1234491100900458881994836701778695,-0.1234491100900458881994836701778695
0.0237084001906264,0.02370840019062636638835783742251806,0.02370840019062636638835783742251806
-0.665426751146946,-0.66542675114694596616438104774715612,-0.66542675114694596616438104774715612
-0.417782416026039,-0.41778241602603863324993938022089424,-0.41778241602603863324993938022089424
-0.224857967750019,-0.22485796775001865022147740091895685,-0.22485796775001865022147740091895685
0.323256025338388,0.32325602533838787566722317023959477,0.32325602533838787566722317023959477
0.614372325395869,0.61437232539586850155188813005224802,0.61437232539586850155188813005224802
-0.780719367020503,-0.78071936702050348522163858433486894,-0.78071936702050348522163858433486894
0.123419087119323,0.12341908711932339515193746137811104,0.12341908711932339515193746137811104
0.177731126944147,0.17773112694414650025720447956700809,0.17773112694414650025720447956700809
0.801398903965725,0.80139890396572516229056759584636893,0.80139890396572516229056759584636893
0.121583039029769,0.12158303902976913546396531273785513,0.12158303902976913546396531273785513
-0.400533918700368,-0.40053391870036814115252354895346798,-0.40053391870036814115252354895346798
-0.412229023269147,-0.41222902326914723225570469367085025,-0.41222902326914723225570469367085025
0.270811183103258,0.27081118310325780207392654119757935,0.27081118310325780207392654119757935
-0.517743735853208,-0.51774373585320809798560048875515349,-0.51774373585320809798560048875515349
0.163015290950414,0.16301529095041367156682099448516965,0.16301529095041367156682099448516965
0.643040896751653,0.6430408967516532681152341410779627,0.6430408967516532681152341410779627
-0.466147029311451,-0.46614702931145135522683631279505789,-0.46614702931145135522683631279505789
-0.0304451399617972,-0.030445139961797207384108787664445117,-0.030445139961797207384108787664445117
-0.217726357024101,-0.21772635702410148006435974821215495,-0.21772635702410148006435974821215495
-0.0935134969560845,-0.093513496956084463107572446460835636,-0.093513496956084463107572446460835636
-0.740493087787475,-0.74049308778747516268659012439457001,-0.74049308778747516268659012439457001
0.303352993471851,0.30335299347185118445935358977294527,0.30335299347185118445935358977294527
0.467179922204096,0.46717992220409632064814786645001732,0.46717992220409632064814786645001732
0.467932669965102,0.46793266996510224364769214844272938,0.46793266996510224364769214844272938
-0.522554325464763,-0.5225543254647634361376162814849522,-0.5225543254647634361376162814849522
-0.445024598490878,-0.44502459849087794285793506787740625,-0.44502459849087794285793506787740625
-0.0904872348858495,-0.090487234885849532339818779291817918,-0.090487234885849532339818779291817918
-0.275529664960685,-0.27552966496068498347682407256797887,-0.27552966496068498347682407256797887
0.00471690975022687,0.0047169097502268719779294769978150725,0.0047169097502268719779294769978150725
-0.012856409000065,-0.012856409000064961123399598363903351,-0.012856409000064961123399598363903351
-0.0226854274466088,-0.022685427446608841250963450875133276,-0.022685427446608841250963450875133276
0.0422950458908918,0.042295045890891835860259106993908063,0.042295045890891835860259106993908063
0.311245845744633,0.31124584574463282082845694276329596,0.31124584574463282082845694276329596
-0.281089235200241,-0.2810892352002409833033880204311572,-0.2810892352002409833033880204311572
0.0711289093598962,0.071128909359896241859644305804977193,0.071128909359896241859644305804977193
0.310976188222379,0.31097618822237921287765516353829298,0.31097618822237921287765516353829298
-0.0239517635107052,-0.023951763510705159632152572157792747,-0.023951763510705159632152572157792747
-0.106785491859725,-0.10678549185972519008913650395697914,-0.10678549185972519008913650395697914
-0.0651311232988081,-0.065131123298808102362045246991328895,-0.065131123298808102362045246991328895
-0.135630356028803,-0.13563035602880296748296018449764233,-0.13563035602880296748296018449764233
0.0215168153987301,0.021516815398730071429156396334292367,0.021516815398730071429156396334292367
0.474717160876859,0.47471716087685905671733621602470521,0.47471716087685905671733621602470521
0.471706288568725,0.47170628856872509615527633286546916,0.47170628856872509615527633286546916
-0.121164519058105,-0.12116451905810476930014374374877661,-0.12116451905810476930014374374877661
-0.180306728372088,-0.18030672837208761016825064871227369,-0.18030672837208761016825064871227369
-0.352520612640312,-0.35252061264031231413440536925918423,-0.35252061264031231413440536925918423
0.0939720220703859,0.093972022070385907710488027078099549,0.093972022070385907710488027078099549
0.136279081463165,0.1362790814631654745525679572892841,0.1362790814631654745525679572892841
0.0753672352989876,0.075367235298987589331431991013232619,0.075367235298987589331431991013232619
0.489869229943755,0.48986922994375492468321908745565452,0.48986922994375492468321908745565452
0.544219610679554,0.54421961067955415547459097069804557,0.54421961067955415547459097069804557
-0.633874835915017,-0.63387483591501703195092431997181848,-0.63387483591501703195092431997181848
-0.630251034717909,-0.63025103471790905329541487844835501,-0.63025103471790905329541487844835501
0.454585734010931,0.45458573401093116395088600256713107,0.45458573401093116395088600256713107
0.0155637367554252,0.015563736755425217062054343841737136,0.015563736755425217062054343841737136
0.275449893742678,0.2754498937426784199722362700413214,0.2754498937426784199722362700413214
0.042294740493446,0.042294740493446003615218842242029496,0.042294740493446003615218842242029496
0.485481439980518,0.48548143998051757064260414153977763,0.48548143998051757064260414153977763
0.323548939007083,0.32354893900708303622337780325324275,0.32354893900708303622337780325324275
-0.543381316047613,-0.54338131604761308324214041931554675,-0.54338131604761308324214041931554675
-0.108623995894909,-0.10862399589490900897459368934505619,-0.10862399589490900897459368934505619
0.239979709288606,0.23997970928860579142849474010290578,0.23997970928860579142849474010290578
-0.337800896603279,-0.33780089660327949907525635353522375,-0.33780089660327949907525635353522375
0.0744743845439302,0.07447438454393018325561115489108488,0.07447438454393018325561115489108488
-0.105702396413452,-0.10570239641345180459097718994598836,-0.10570239641345180459097718994598836
0.331759266095759,0.3317592660957590089410018663329538,0.3317592660957590089410018663329538
0.215162409467703,0.2151624094677029308542159924400039,0.2151624094677029308542159924400039
-0.00051139123213817,-0.00051139123213816972679524042177945375,-0.00051139123213816972679524042177945375
0.612987506143815,0.61298750614381514179029863953473978,0.61298750614381514179029863953473978
0.063028804349153,0.063028804349153033648178734438261017,0.063028804349153033648178734438261017
-0.166886058332527,-0.16688605833252748156247946553776274,-0.16688605833252748156247946553776274
-0.183960520979178,-0.18396052097917825474127084817155264,-0.18396052097917825474127084817155264
-0.24490394953534,-0.24490394953534011523998970005777664,-0.24490394953534011523998970005777664
-0.578276905349546,-0.57827690534954578893689358665142208,-0.57827690534954578893689358665142208
-0.23809823418983,-0.23809823418983033782581060222582892,-0.23809823418983033782581060222582892
-0.151022637977752,-0.15102263797775211662255401279253419,-0.15102263797775211662255401279253419
-0.156764721049359,-0.15676472104935890161669931330834515,-0.15676472104935890161669931330834515
0.686717899194067,0.68671789919406733826434674483607523,0.68671789919406733826434674483607523
0.66428693360357,0.66428693360357032871021942810330074,0.66428693360357032871021942810330074
0.358560409577654,0.35856040957765433763171358805266209,0.35856040957765433763171358805266209
0.014676975777972,0.014676975777971973391444748813228216,0.014676975777971973391444748813228216
-0.16479260175225,-0.16479260175224985651709630474215373,-0.16479260175224985651709630474215373
0.343945381568078,0.34394538156807807904868923287722282,0.34394538156807807904868923287722282
-0.125134870420443,-0.1251348704204429118647112773032859,-0.1251348704204429118647112773032859
0.195200303404272,0.19520030340427152459881199320079759,0.19520030340427152459881199320079759
-0.663890346113078,-0.66389034611307784494727002311265096,-0.66389034611307784494727002311265096
0.671898717117436,0.67189871711743603954758441432204563,0.67189871711743603954758441432204563
0.366184890822572,0.36618489082257177358314947923645377,0.36618489082257177358314947923645377
-0.24613482376897,-0.24613482376896966830059909625560977,-0.24613482376896966830059909625560977
-0.0691869526927637,-0.069186952692763703520739682062412612,-0.069186952692763703520739682062412612
0.568045699367764,0.56804569936776416749779627934913151,0.56804569936776416749779627934913151
-0.170322860460308,-0.1703228604603080897916811409231741,-0.1703228604603080897916811409231741
-0.426552213978769,-0.42655221397876852407193837279919535,-0.42655221397876852407193837279919535
0.165864529943628,0.16586452994362754775892199177178554,0.16586452994362754775892199177178554
0.787207249882645,0.78720724988264539900839622532657813,0.78720724988264539900839622532657813
-0.377244342847192,-0.37724434284719152166154287897370523,-0.37724434284719152166154287897370523
-0.402400732827548,-0.40240073282754831862639832706918241,-0.40240073282754831862639832706918241
-0.120883291134534,-0.12088329113453433194536046357825398,-0.12088329113453433194536046357825398
0.281663080274317,0.28166308027431685712116404829430394,0.28166308027431685712116404829430394
-0.650806927677108,-0.6508069276771081268506691230868455,-0.6508069276771081268506691230868455
0.278118837225732,0.2781188372257317187319358708919026,0.2781188372257317187319358708919026
-0.744601919559937,-0.7446019195599366535809338074614061,-0.7446019195599366535809338074614061
0.422321827672684,0.42232182767268366951896041427971795,0.42232182767268366951896041427971795
-0.133592691492922,-0.13359269149292204992285348907898879,-0.13359269149292204992285348907898879
0.169200531690612,0.16920053169061155529107054462656379,0.16920053169061155529107054462656379
0.194482264868964,0.19448226486896430520445733236556407,0.19448226486896430520445733236556407
0.230570814493038,0.23057081449303806763850843708496541,0.23057081449303806763850843708496541
0.54857350504207,0.5485735050420703917684051020842162,0.5485735050420703917684051020842162
0.181227816805349,0.18122781680534860715425793387112208,0.18122781680534860715425793387112208
0.212053267151014,0.21205326715101435741672730728168972,0.21205326715101435741672730728168972
0.0489570855086653,0.048957085508665343365208855175296776,0.048957085508665343365208855175296776
-0.570785321415013,-0.57078532141501336916178388491971418,-0.57078532141501336916178388491971418
-0.0399450743625307,-0.039945074362530696987505507422611117,-0.039945074362530696987505507422611117
-0.589908482904654,-0.58990848290465425218798145579057746,-0.58990848290465425218798145579057746
-0.157139449784396,-0.15713944978439597921493486865074374,-0.15713944978439597921493486865074374
0.154376357069737,0.15437635706973729110558224419946782,0.15437635706973729110558224419946782
0.02323365839059,0.023233658390589995157426983496407047,0.023233658390589995157426983496407047
0.0267221123434093,0.026722112343409265555749243503669277,0.026722112343409265555749243503669277
0.166409288965271,0.16640928896527129587923354847589508,0.16640928896527129587923354847589508
-0.101633404575087,-0.10163340457508740488634657594957389,-0.10163340457508740488634657594957389
-0.345485884002695,-0.34548588400269453213553560999571346,-0.34548588400269453213553560999571346
0.115148066249512,0.11514806624951157143499358426197432,0.11514806624951157143499358426197432
-0.27033039443789,-0.27033039443789030897846714651677758,-0.27033039443789030897846714651677758
0.124862704749186,0.12486270474918576001144288056821097,0.12486270474918576001144288056821097
-0.0239438625295403,-0.023943862529540282935158757027238607,-0.023943862529540282935158757027238607
-0.756826452144464,-0.75682645214446388204354576600962901,-0.75682645214446388204354576600962901
0.0478798317330229,0.047879831733022903961227711988613009,0.047879831733022903961227711988613009
0.827051736990725,0.82705173699072487281114263169001788,0.82705173699072487281114263169001788
0.203281810385322,0.20328181038532233682047944967052899,0.20328181038532233682047944967052899
-0.0546816647319125,-0.054681664731912521526524528781010304,-0.054681664731912521526524528781010304
0.0866673772462685,0.086667377246268495483150218205992132,0.086667377246268495483150218205992132
0.137932388712644,0.13793238871264446032682826626114547,0.13793238871264446032682826626114547
-0.114377068718858,-0.11437706871885844339686855164472945,-0.11437706871885844339686855164472945
-0.324186760884564,-0.32418676088456432893281089491210878,-0.32418676088456432893281089491210878
0.196805679438249,0.19680567943824944787678532520658337,0.19680567943824944787678532520658337
-0.459242571317671,-0.45924257131767098893959655470098369,-0.45924257131767098893959655470098369
0.63894166891813,0.63894166891812957664864569551355089,0.63894166891812957664864569551355089
0.15920605298866,0.15920605298865986299006181070581079,0.15920605298865986299006181070581079
-0.469538010240159,-0.46953801024015884291173961173626594,-0.46953801024015884291173961173626594
0.392902077578781,0.39290207757878059524614400288555771,0.39290207757878059524614400288555771
0.095765541079106,0.095765541079105953592431887955171987,0.095765541079105953592431887955171987
0.284759611306936,0.2847596113069356255076414186078182,0.2847596113069356255076414186078182
-0.100786913994414,-0.10078691399441430665007146671996452,-0.10078691399441430665007146671996452
-0.296016825069691,-0.29601682506969106967176230682525784,-0.29601682506969106967176230682525784
0.635630093272198,0.63563009327219832655941900156904012,0.63563009327219832655941900156904012
-0.105819085495866,-0.10581908549586638290662676809006371,-0.10581908549586638290662676809006371
0.490351815962892,0.49035181596289173500125002647109795,0.49035181596289173500125002647109795
-0.0634837919245894,-0.063483791924589416666435681690927595,-0.063483791924589416666435681690927595
-0.575591608147601,-0.57559160814760104707410448554583127,-0.57559160814760104707410448554583127
0.692112318541341,0.69211231854134125374145014575333335,0.69211231854134125374145014575333335
0.161289075638427,0.16128907563842731498482407914707437,0.16128907563842731498482407914707437
-0.328330763448193,-0.32833076344819284164699979555734899,-0.32833076344819284164699979555734899
-0.191386427506264,-0.19138642750626388977508440802921541,-0.19138642750626388977508440802921541
-0.085437823873989,-0.085437823873989016121299755468498915,-0.085437823873989016121299755468498915
0.32143890807913,0.3214389080791301700479323244508123,0.3214389080791301700479323244508123
-0.316466764860315,-0.31646676486031510844298964002518915,-0.31646676486031510844298964002518915
0.318649092944022,0.31864909294402210537811015456099994,0.31864909294402210537811015456099994
-0.0765501582882517,-0.07655015828825167956139807756699156,-0.07655015828825167956139807756699156
-0.224710497704003,-0.22471049770400264300462822575354949,-0.22471049770400264300462822575354949
0.0854901151317042,0.085490115131704180750915611497475766,0.085490115131704180750915611497475766
-0.437527260248639,-0.43752726024863886067350904340855777,-0.43752726024863886067350904340855777
0.256005294807819,0.25600529480781875069084208007552661,0.25600529480781875069084208007552661
-0.306233805258726,-0.30623380525872612167859188048169017,-0.30623380525872612167859188048169017
-0.0697060685460055,-0.069706068546005472974513850203948095,-0.069706068546005472974513850203948095
0.15377671199678,0.15377671199677966917818139336304739,0.15377671199677966917818139336304739
-0.540111464073936,-0.54011146407393573198874037188943475,-0.54011146407393573198874037188943475
0.42444293800142,0.42444293800142007810904942743945867,0.42444293800142007810904942743945867
-0.084406038716211,-0.084406038716210995964672747504664585,-0.084406038716210995964672747504664585
-0.490409078427059,-0.49040907842705916408476696233265102,-0.49040907842705916408476696233265102
0.0690796615508065,0.069079661550806470415864168899133801,0.069079661550806470415864168899133801
-0.404584731539799,-0.40458473153979868097707139895646833,-0.40458473153979868097707139895646833
-0.677509901167915,-0.67750990116791454109801406957558356,-0.67750990116791454109801406957558356
0.32757680191386,0.32757680191385973866857739267288707,0.32757680191385973866857739267288707
0.200379199315174,0.20037919931517389482422686342033558,0.20037919931517389482422686342033558
-0.272090911528151,-0.27209091152815079173166168402531184,-0.27209091152815079173166168402531184
-0.64996782898226,-0.64996782898225999303143396446102997,-0.64996782898225999303143396446102997
0.631277749846478,0.63127774984647833100837033271091059,0.63127774984647833100837033271091059
-0.560400800293905,-0.56040080029390482163620390565483831,-0.56040080029390482163620390565483831
-0.699523155014982,-0.69952315501498196770313597880885936,-0.69952315501498196770313597880885936
0.260552511374836,0.26055251137483614876089177414542064,0.26055251137483614876089177414542064
0.0539661361066558,0.053966136106655793192032888327958062,0.053966136106655793192032888327958062
0.087812566634533,0.087812566634532962517312171257799491,0.087812566634532962517312171257799491
0.0564122411451081,0.056412241145108094064752890517411288,0.056412241145108094064752890517411288
-0.144431034827185,-0.14443103482718511187954391061794013,-0.14443103482718511187954391061794013
0.711643033347031,0.71164303334703060688326559102279134,0.71164303334703060688326559102279134
0.501088458871358,0.50108845887135800012401887215673923,0.50108845887135800012401887215673923
0.404652653094368,0.4046526530943678201523994175659027,0.4046526530943678201523994175659027
-0.600965322333178,-0.60096532233317756510615481602144428,-0.60096532233317756510615481602144428
-0.306707541103171,-0.30670754110317127727469710407603998,-0.30670754110317127727469710407603998
-0.28147062842524,-0.28147062842523973280606242042267695,-0.28147062842523973280606242042267695
0.502185446365461,0.50218544636546080806027703147265129,0.50218544636546080806027703147265129
-0.347613140325611,-0.34761314032561121956099725593958283,-0.34761314032561121956099725593958283
0.56002891036309,0.56002891036309046524088728347123833,0.56002891036309046524088728347123833
0.0889277519581012,0.088927751958101208806795057171257213,0.088927751958101208806795057171257213
-0.244408371567099,-0.24440837156709915856112047549686395,-0.24440837156709915856112047549686395
-0.00328703587886281,-0.0032870358788628095680905971676111221,-0.0032870358788628095680905971676111221
0.195613012683021,0.19561301268302122569053835832164623,0.19561301268302122569053835832164623
0.413494472874466,0.4134944728744660291663848283860716,0.4134944728744660291663848283860716
-0.20219836947272,-0.20219836947271985216900702653219923,-0.20219836947271985216900702653219923
0.476297115457095,0.47629711545709504938450606914557284,0.47629711545709504938450606914557284
-0.240874218304604,-0.24087421830460420402175714116310701,-0.24087421830460420402175714116310701
0.526069708867359,0.52606970886735904269215780004742555,0.52606970886735904269215780004742555
0.437667684842556,0.43766768484255591520337702604592778,0.43766768484255591520337702604592778
-0.117449721282929,-0.1174497212829294645608513292245334,-0.1174497212829294645608513292245334
0.126690271405928,0.12669027140592759028692171341390349,0.12669027140592759028692171341390349
-0.50101917476266,-0.50101917476265972473115084540040698,-0.50101917476265972473115084540040698
0.214394862760573,0.21439486276057326263888569428672781,0.21439486276057326263888569428672781
0.20311438906938,0.20311438906937956394571642704249825,0.20311438906937956394571642704249825
-0.0456366433846908,-0.045636643384690755986810017930110916,-0.045636643384690755986810017930110916
0.71121252478341,0.7112125247834101410271401277896075,0.7112125247834101410271401277896075
0.193561570521203,0.19356157052120293027286379583529197,0.19356157052120293027286379583529197
-0.507136680748119,-0.50713668074811879549201876216102391,-0.50713668074811879549201876216102391
-0.0334697172318943,-0.033469717231894291487037662591319531,-0.033469717231894291487037662591319531
-0.509067698293381,-0.50906769829338138766416932412539609,-0.50906769829338138766416932412539609
0.555193593037729,0.55519359303772897185069723491324112,0.55519359303772897185069723491324112
0.398791233128104,0.39879123312810449419885117094963789,0.39879123312810449419885117094963789
-0.202063315128042,-0.20206331512804176497866137651726604,-0.20206331512804176497866137651726604
-0.310058791379735,-0.31005879137973452186471945424273144,-0.31005879137973452186471945424273144
0.105404136956909,0.10540413695690853401742970163468271,0.10540413695690853401742970163468271
0.200451032157757,0.2004510321577571141382634323235834,0.2004510321577571141382634323235834
-0.761029113757441,-0.76102911375744061728276790290692588,-0.76102911375744061728276790290692588
0.0257535711638784,0.025753571163878441474537339672679082,0.025753571163878441474537339672679082
0.173879501030998,0.17387950103099758525360130079207011,0.17387950103099758525360130079207011
-0.323199014296157,-0.323199014296156716952168608258944,-0.323199014296156716952168608258944
-0.158239773852335,-0.15823977385233545245313280247501098,-0.15823977385233545245313280247501098
-0.325287268648128,-0.32528726864812806951476886752061546,-0.32528726864812806951476886752061546
0.0840185148481136,0.0840185148481136234721589062246494,0.0840185148481136234721589062246494
-0.492928206003383,-0.49292820600338321801459073867590632,-0.49292820600338321801459073867590632
0.0493262224492484,0.049326222449248446899616737937321886,0.049326222449248446899616737937321886
-0.809265682911945,-0.80926568291194506121755125604977366,-0.80926568291194506121755125604977366
-0.0415471650608309,-0.041547165060830865135343969996029045,-0.041547165060830865135343969996029045
-0.563112192409235,-0.56311219240923465756409882487787399,-0.56311219240923465756409882487787399
0.150655179831502,0.15065517983150217284915584059490357,0.15065517983150217284915584059490357
0.258606541365238,0.25860654136523764101696087891468778,0.25860654136523764101696087891468778
0.61882366618,0.61882366617999962077334430432529189,0.61882366617999962077334430432529189
-0.133049013626225,-0.13304901362622456595374842436285689,-0.13304901362622456595374842436285689
0.16401317002842,0.16401317002841986347760894204839133,0.16401317002841986347760894204839133
0.42970867088987,0.4297086708898697482439388295460958,0.4297086708898697482439388295460958
0.467387187545764,0.46738718754576391578581251451396383,0.46738718754576391578581251451396383
0.397984693480131,0.39798469348013099100569434085628018,0.39798469348013099100569434085628018
0.129721107399958,0.12972110739995809658431369371101027,0.12972110739995809658431369371101027
0.244878330899565,0.24487833089956545506993279559537768,0.24487833089956545506993279559537768
-0.45461736848539,-0.45461736848539002764368888165336102,-0.45461736848539002764368888165336102
0.124190144652762,0.12419014465276234648882791589130647,0.12419014465276234648882791589130647
-0.383646059664785,-0.38364605966478515508555346968933009,-0.38364605966478515508555346968933009
0.434220370350001,0.43422037035000060622991213676868938,0.43422037035000060622991213676868938
-0.0260816713863491,-0.026081671386349092323087006661808118,-0.026081671386349092323087006661808118
0.051142002373153,0.051142002373153028216279381013009697,0.051142002373153028216279381013009697
0.0946683723571609,0.094668372357160884833504610469390173,0.094668372357160884833504610469390173
0.425808699284073,0.42580869928407294455752207795740105,0.42580869928407294455752207795740105
-0.0839988301687415,-0.083998830168741545065813625114969909,-0.083998830168741545065813625114969909
-0.324374636265203,-0.32437463626520293691335439234535443,-0.32437463626520293691335439234535443
-0.0670128241968574,-0.067012824196857390113279961951775476,-0.067012824196857390113279961951775476
0.140569819123471,0.14056981912347138452545891595946159,0.14056981912347138452545891595946159
0.239810792725082,0.23981079272508165622923570481361821,0.23981079272508165622923570481361821
0.193381329415696,0.19338132941569574629880889915511943,0.19338132941569574629880889915511943
-0.763203610421985,-0.76320361042198471557274075394161628,-0.76320361042198471557274075394161628
-0.457448979036297,-0.45744897903629677671233366709202528,-0.45744897903629677671233366709202528
0.084728146858509,0.084728146858509045813434568117372692,0.084728146858509045813434568117372692
0.469876998884148,0.46987699888414763416122355010884348,0.46987699888414763416122355010884348
-0.208760741070132,-0.20876074107013178893232918653666275,-0.20876074107013178893232918653666275
-0.760839632601283,-0.76083963260128333050413829141689348,-0.76083963260128333050413829141689348
-0.828258601154434,-0.82825860115443350473185546434251592,-0.82825860115443350473185546434251592
0.380074702758233,0.38007470275823251881774922367185354,0.38007470275823251881774922367185354
0.736151149377565,0.73615114937756459534412556422466878,0.73615114937756459534412556422466878
-0.33964359927988,-0.33964359927988037324286807461248827,-0.33964359927988037324286807461248827
0.51507375315325,0.51507375315324988029885844298405573,0.51507375315324988029885844298405573
-0.496443866947944,-0.49644386694794373493522243734332733,-0.49644386694794373493522243734332733
0.484783382456288,0.48478338245628771474571294675115496,0.48478338245628771474571294675115496
0.224840689573788,0.22484068957378755548859317059395835,0.22484068957378755548859317059395835
0.645154866257433,0.64515486625743262427690183358208742,0.64515486625743262427690183358208742
-0.552604733910492,-0.5526047339104925293362668980989838,-0.5526047339104925293362668980989838
0.682692292440991,0.68269229244099116638011537361308001,0.68269229244099116638011537361308001
-0.0279398412805226,-0.027939841280522625943660841585369781,-0.027939841280522625943660841585369781
-0.739713288514795,-0.73971328851479464794316243114735698,-0.73971328851479464794316243114735698
-0.334652627772941,-0.33465262777294105256409295634512091,-0.33465262777294105256409295634512091
0.540883304931672,0.5408833049316724705946057838445995,0.5408833049316724705946057838445995
0.127391482168929,0.12739148216892914877718112620641477,0.12739148216892914877718112620641477
-0.806012336713842,-0.80601233671384164836126728914678097,-0.80601233671384164836126728914678097
-0.0512786055802636,-0.051278605580263647567562657059170306,-0.051278605580263647567562657059170306
0.417454941249357,0.41745494124935705881895842139783781,0.41745494124935705881895842139783781
-0.647796236154576,-0.64779623615457640473103140266175615,-0.64779623615457640473103140266175615
0.0461726320258466,0.04617263202584659387284204967727419,0.04617263202584659387284204967727419
-0.176215973291918,-0.17621597329191795999747682799352333,-0.17621597329191795999747682799352333
-0.362077363127016,-0.36207736312701621628207249159459025,-0.36207736312701621628207249159459025
0.101883534016935,0.10188353401693528432758739654673263,0.10188353401693528432758739654673263
0.158429056093672,0.15842905609367241570595297162071802,0.15842905609367241570595297162071802
-0.0468361875661093,-0.046836187566109299673655641527147964,-0.046836187566109299673655641527147964
0.266724258017933,0.26672425801793286925800430253730156,0.26672425801793286925800430253730156
-0.218414642006535,-0.21841464200653515348449218436144292,-0.21841464200653515348449218436144292
0.0766321576865058,0.0766321576865057751959398046892602,0.0766321576865057751959398046892602
-0.618995875389985,-0.61899587538998519786748175874890876,-0.61899587538998519786748175874890876
-0.0537088125322848,-0.053708812532284766483314797369530424,-0.053708812532284766483314797369530424
-0.449132060453406,-0.44913206045340570149448922165902331,-0.44913206045340570149448922165902331
-0.0820940450302703,-0.082094045030270290652651965501718223,-0.082094045030270290652651965501718223
-0.495366714244276,-0.49536671424427591858830055571161211,-0.49536671424427591858830055571161211
0.368376449245269,0.36837644924526879997017658752156422,0.36837644924526879997017658752156422
-0.443461165183393,-0.44346116518339301348916592360183131,-0.44346116518339301348916592360183131
-0.0135599934468238,-0.013559993446823792595523627824150026,-0.013559993446823792595523627824150026
0.388505548925904,0.38850554892590360989146347492351197,0.38850554892590360989146347492351197
-0.288729683103252,-0.28872968310325214380540614911296871,-0.28872968310325214380540614911296871
-0.471650596456114,-0.47165059645611445704460606975771952,-0.47165059645611445704460606975771952
0.261750009448799,0.26175000944879867059711386900744401,0.26175000944879867059711386900744401
0.488589419119195,0.48858941911919462341984399245120585,0.48858941911919462341984399245120585
0.313032998935328,0.31303299893532848807709001448529307,0.31303299893532848807709001448529307
0.0667082274041023,0.066708227404102315993839056318392977,0.066708227404102315993839056318392977
-0.209478574154915,-0.20947857415491544230690124095417559,-0.20947857415491544230690124095417559
0.110188849333016,0.11018884933301620332457559925387613,0.11018884933301620332457559925387613
-0.53033676428344,-0.53033676428343956565925054746912792,-0.53033676428343956565925054746912792
0.090457277794088,0.090457277794087964650771027663722634,0.090457277794087964650771027663722634
0.0991838699948642,0.099183869994864171104609340545721352,0.099183869994864171104609340545721352
-0.0641677524612582,-0.064167752461258165119772911566542462,-0.064167752461258165119772911566542462
-0.273124748732465,-0.27312474873246517237390662558027543,-0.27312474873246517237390662558027543
-0.840271779450276,-0.84027177945027627103957712506598909,-0.84027177945027627103957712506598909
-0.476617623590943,-0.47661762359094331231723629116459051,-0.47661762359094331231723629116459051
0.480235648587514,0.48023564858751355277632910656393506,0.48023564858751355277632910656393506
0.428196232599972,0.42819623259997219300032611499773338,0.42819623259997219300032611499773338
-0.585355901412431,-0.58535590141243143413873895042343065,-0.58535590141243143413873895042343065
-0.394510725560232,-0.39451072556023225601506965176668018,-0.39451072556023225601506965176668018
0.245654150045362,0.24565415004536228504861128385527991,0.24565415004536228504861128385527991
0.156600859137652,0.15660085913765187104473852741648443,0.15660085913765187104473852741648443
0.257456090547228,0.25745609054722812247817387287796009,0.25745609054722812247817387287796009
-0.0573019441030056,-0.057301944103005597597189080261159688,-0.057301944103005597597189080261159688
-0.406593015983303,-0.40659301598330327420782737135596108,-0.40659301598330327420782737135596108
0.140581155938341,0.14058115593834141776596879935823381,0.14058115593834141776596879935823381
0.238963704905039,0.23896370490503911210300458378696931,0.23896370490503911210300458378696931
-0.394218171528683,-0.3942181715286832144329309812746942,-0.3942181715286832144329309812746942
0.261302308312082,0.26130230831208234310025773083907552,0.26130230831208234310025773083907552
0.445609969312436,0.44560996931243597451999249869913911,0.44560996931243597451999249869913911
0.42959020690288,0.4295902069028801895100855290365871,0.4295902069028801895100855290365871
-0.157162212283111,-0.15716221228311066937521900399588048,-0.15716221228311066937521900399588048
0.0778679838745043,0.077867983874504331787136379716685042,0.077867983874504331787136379716685042
0.637605700030182,0.63760570003018235407665770253515802,0.63760570003018235407665770253515802
-0.140796857886379,-0.1407968578863790787281118355167564,-0.1407968578863790787281118355167564
-0.332660707392218,-0.33266070739221775820482207564054988,-0.33266070739221775820482207564054988
0.478191073472115,0.47819107347211542435871933776070364,0.47819107347211542435871933776070364
0.642732270908656,0.64273227090865578392531176632473944,0.64273227090865578392531176632473944
0.428391219046535,0.42839121904653459926848313443770166,0.42839121904653459926848313443770166
-0.292703128287735,-0.29270312828773548119443148607388139,-0.29270312828773548119443148607388139
0.0273861752762491,0.027386175276249091758984377520391718,0.027386175276249091758984377520391718
0.874872669605784,0.87487266960578417840377341008206713,0.87487266960578417840377341008206713
0.213527662226747,0.2135276622267474611049919985816814,0.2135276622267474611049919985816814
-0.473540544604808,-0.4735405446048083499821501618498587,-0.4735405446048083499821501618498587
0.12703618107198,0.12703618107198022535442305525066331,0.12703618107198022535442305525066331
-0.302907886273645,-0.30290788627364539919994967931415886,-0.30290788627364539919994967931415886
0.327475122799742,0.32747512279974200222198987830779515,0.32747512279974200222198987830779515
0.0262447285939037,0.026244728593903698943279323430033401,0.026244728593903698943279323430033401
-0.204794125573912,-0.20479412557391163396403044316684827,-0.20479412557391163396403044316684827
-0.405771867588338,-0.40577186758833799773427131185599137,-0.40577186758833799773427131185599137
0.244529916857988,0.24452991685798786125616288700257428,0.24452991685798786125616288700257428
-0.331090169157033,-0.3310901691570327098901316276169382,-0.3310901691570327098901316276169382
-0.362709104990643,-0.36270910499064340504205006254778709,-0.36270910499064340504205006254778709
0.286297815922769,0.28629781592276892787651831895345822,0.28629781592276892787651831895345822
-0.444345099280678,-0.44434509928067777995153164738439955,-0.44434509928067777995153164738439955
0.209764098477735,0.20976409847773491712530358199728653,0.20976409847773491712530358199728653
-0.122859684282452,-0.12285968428245241934604337075143121,-0.12285968428245241934604337075143121
0.566229789824723,0.56622978982472293996153211992350407,0.56622978982472293996153211992350407
-0.624761690837345,-0.62476169083734542364361175259546144,-0.62476169083734542364361175259546144
0.387885118650381,0.3878851186503808889938227366656065,0.3878851186503808889938227366656065
-0.784943975849595,-0.78494397584959495206557988922213553,-0.78494397584959495206557988922213553
-0.496325187513475,-0.49632518751347493024539403450035024,-0.49632518751347493024539403450035024
-0.185903818116718,-0.18590381811671760625692684243404074,-0.18590381811671760625692684243404074
