inmultire cu precizie fp64,inmultire cu precizie double2,inmultire cu precizie fp128
0.196120848890107,0.19612084889010650536033900869505446,0.1961208488901065053603390086950483
0.114573140982555,0.11457314098255521633085224384452044,0.11457314098255521633085224384452044
0.556108359475244,0.55610835947524423063210845852320061,0.55610835947524423063210845852320061
0.480335955705088,0.48033595570508761725038836132122307,0.4803359557050876172503883613212354
0.104538241870702,0.10453824187070219544251268048716148,0.1045382418707021954425126804871584
0.112085583635586,0.11208558363558617410315656395337079,0.11208558363558617410315656395337387
0.166272397776939,0.16627239777693863371849419008050085,0.16627239777693863371849419008050085
0.549153866899597,0.54915386689959725370119142428645555,0.54915386689959725370119142428645555
0.550974238315064,0.5509742383150639003362835528510056,0.5509742383150639003362835528510056
0.124485352689666,0.12448535268966567365676193404396049,0.12448535268966567365676193404396049
0.774203945692394,0.77420394569239416936182651220148831,0.77420394569239416936182651220148831
0.308683618784751,0.30868361878475061760749094972107331,0.30868361878475061760749094972107331
0.183799658447954,0.18379965844795413150016990967536105,0.18379965844795413150016990967536105
0.295099821901754,0.29509982190175355460300600794724158,0.29509982190175355460300600794724158
0.272252738772761,0.27225273877276141054445802045196425,0.27225273877276141054445802045196425
0.594180932973086,0.59418093297308646663581546496822417,0.59418093297308646663581546496822417
0.763715206215295,0.76371520621529495961922708082438964,0.76371520621529495961922708082438964
0.779931616163799,0.77993161616379868689422107396048444,0.77993161616379868689422107396048444
0.674917505756349,0.67491750575634944820590943794100268,0.67491750575634944820590943794100268
0.159901925586718,0.15990192558671791326528194594215952,0.15990192558671791326528194594215952
0.138503909924101,0.13850390992410140463985251316761921,0.13850390992410140463985251316761921
0.39124019103559,0.39124019103559012857828741319888799,0.39124019103559012857828741319887567
0.319650693221377,0.31965069322137704561116647347501187,0.31965069322137704561116647347501187
0.471403619062637,0.47140361906263674560596685586785686,0.47140361906263674560596685586783221
0.667580909858876,0.66758090985887592296458649671111274,0.66758090985887592296458649671111274
0.104273501430277,0.10427350143027693408110452729442654,0.10427350143027693408110452729442654
0.16411526672382,0.16411526672381966146023334075827933,0.16411526672381966146023334075827933
0.0521787322740827,0.052178732274082741679366885971435423,0.052178732274082741679366885971435423
0.334835785152859,0.33483578515285944747928089308089729,0.33483578515285944747928089308090962
0.0612653113605743,0.061265311360574339584414228209926879,0.061265311360574339584414228209926879
0.13382800833747,0.13382800833746988937271826337852552,0.13382800833746988937271826337851935
0.771722063945593,0.77172206394559293799403981298218665,0.771722063945592937994039812982162
0.145111824508679,0.14511182450867891427792324465144324,0.14511182450867891427792324465144324
0.719704032211592,0.7197040322115917906604266406770713,0.7197040322115917906604266406771206
0.894470027159418,0.89447002715941832087735880259608306,0.89447002715941832087735880259608306
0.189621145992978,0.18962114599297785873309413245684142,0.18962114599297785873309413245684142
0.317816503773398,0.31781650377339757157806977937103082,0.31781650377339757157806977937103082
0.158494049180058,0.15849404918005831150201721206402269,0.15849404918005831150201721206402885
0.602989341876952,0.60298934187695233455063195166030824,0.60298934187695233455063195166028359
0.387584248118816,0.38758424811881557069578920304227455,0.38758424811881557069578920304227455
0.293888340083663,0.29388834008366307906724273424897611,0.29388834008366307906724273424896379
0.301590194988512,0.30159019498851180987054489409497221,0.30159019498851180987054489409498454
0.025577469424607,0.025577469424606980417733018089322842,0.025577469424606980417733018089322842
0.150663885690017,0.15066388569001714926259545328504595,0.15066388569001714926259545328504595
0.0479326947310113,0.047932694731011338104262393328452172,0.047932694731011338104262393328452172
0.168812700616852,0.1688127006168524746488423123487787,0.1688127006168524746488423123487787
0.0707559267971502,0.070755926797150240399060372073040424,0.070755926797150240399060372073040424
0.0981921725437715,0.098192172543771549415936705650309465,0.098192172543771549415936705650309465
0.159242763549921,0.15924276354992078014820794377398824,0.15924276354992078014820794377398824
0.148343761682289,0.1483437616822886502765497817455653,0.1483437616822886502765497817455653
0.369199619387204,0.36919961938720380659850744200906344,0.36919961938720380659850744200908809
0.166299034828369,0.16629903482836872051923976024156159,0.16629903482836872051923976024156159
0.411116964290232,0.41111696429023231375759112931905448,0.41111696429023231375759112931905448
0.0285700021258473,0.028570002125847259091714448678015978,0.028570002125847259091714448678015978
0.108277571821656,0.10827757182165584039580600119779029,0.10827757182165584039580600119779029
0.132823614319887,0.13282361431988662465501373693893737,0.13282361431988662465501373693894353
0.36740066634258,0.36740066634257986833006731277331638,0.36740066634257986833006731277336568
0.492139995859563,0.49213999585956254021119992171322847,0.49213999585956254021119992171322847
0.36762740996776,0.36762740996776018789920268207145698,0.36762740996776018789920268207145698
0.485511990142758,0.485511990142757799627647761982395,0.48551199014275779962764776198241965
0.777355129389111,0.77735512938911071272374697676785278,0.77735512938911071272374697676784045
0.205260265037293,0.20526026503729346099816082205698088,0.20526026503729346099816082205698088
0.181062558790023,0.18106255879002303090261735951464072,0.18106255879002303090261735951464072
0.490437626774257,0.49043762677425665569454722339113878,0.49043762677425665569454722339113878
0.290672914744943,0.29067291474494287812634918497175753,0.29067291474494287812634918497175753
0.70559965240402,0.70559965240402009179839134142882702,0.70559965240402009179839134142882702
0.327676273766851,0.32767627376685120901457976039961432,0.32767627376685120901457976039961432
0.0402933258614408,0.040293325861440771291800649372970091,0.040293325861440771291800649372970091
0.340592822825683,0.34059282282568272604005584534704735,0.34059282282568272604005584534704735
0.0400328009281928,0.040032800928192818313855973463092065,0.040032800928192818313855973463092065
0.15293193683676,0.15293193683676013320627469849620667,0.15293193683676013320627469849620667
0.228314430624097,0.22831443062409682633827443184597846,0.22831443062409682633827443184597846
0.0848832009271636,0.084883200927163600571081016276567667,0.084883200927163600571081016276569208
0.119521616172864,0.11952161617286383479443559063284795,0.11952161617286383479443559063284795
0.580194510725641,0.58019451072564085718248579223166178,0.58019451072564085718248579223166178
0.82739418606031,0.82739418606031004043457480120353101,0.82739418606031004043457480120353101
0.14513288973041,0.14513288973040998289025945975035206,0.14513288973040998289025945975035206
0.0722280496284544,0.072228049628454358767745942036460404,0.072228049628454358767745942036460404
0.790778460018545,0.79077846001854480743636197702797048,0.79077846001854480743636197702797048
0.334122602209129,0.33412260220912922812667916425924196,0.33412260220912922812667916425924196
0.255459024359125,0.25545902435912546172921453790399907,0.25545902435912546172921453790400523
0.610173414418278,0.61017341441827813945071754064719744,0.61017341441827813945071754064719744
0.851238381102603,0.85123838110260341050153421286490048,0.85123838110260341050153421286490048
0.298876331070054,0.29887633107005390512613039139917622,0.29887633107005390512613039139917622
0.259992760027192,0.25999276002719150657146940182058293,0.25999276002719150657146940182058293
0.737606161945002,0.73760616194500188977660439398068061,0.73760616194500188977660439398068061
0.181478183303599,0.1814781833035986830858147389110808,0.1814781833035986830858147389110808
0.361716857917931,0.36171685791793084525512534858399133,0.36171685791793084525512534858399133
0.162664581251129,0.1626645812511290968363774031687789,0.1626645812511290968363774031687789
0.657712371102757,0.65771237110275698762116303486327397,0.65771237110275698762116303486327397
0.0898166637898166,0.089816663789816619078482802140564026,0.089816663789816619078482802140557863
0.325682350965636,0.32568235096563592126484963498966508,0.32568235096563592126484963498966508
0.245300471819541,0.2453004718195405757303381986229827,0.2453004718195405757303381986229827
0.153715936516895,0.15371593651689463480660457884917941,0.15371593651689463480660457884917325
0.0774027276342037,0.07740272763420366681935212000098005,0.07740272763420366681935212000098005
0.487554831823087,0.48755483182308745573943397277048646,0.48755483182308745573943397277053576
0.638888563702951,0.63888856370295115798775815113821426,0.63888856370295115798775815113820193
0.399230118774621,0.39923011877462080449976296975395716,0.39923011877462080449976296975395716
0.0737930751894692,0.073793075189469209535642709777254664,0.073793075189469209535642709777254664
0.137385402107394,0.1373854021073941857959808544378078,0.1373854021073941857959808544378078
0.678734618262886,0.67873461826288586976956919698568443,0.67873461826288586976956919698565977
0.0928422452702729,0.092842245270272886350823085550439483,0.092842245270272886350823085550439483
0.0329574272038814,0.032957427203881419783558965598781113,0.032957427203881419783558965598781113
0.355707298773799,0.35570729877379882861094641749891504,0.35570729877379882861094641749891504
0.0986960395496457,0.098696039549645658512560251121665924,0.098696039549645658512560251121665924
0.243199796982674,0.24319979698267444570931325064775405,0.24319979698267444570931325064776022
0.12040206026004,0.12040206026004031304151050428412144,0.12040206026004031304151050428412452
0.298059868557067,0.29805986855706733857044190490426484,0.29805986855706733857044190490426484
0.147694564798776,0.14769456479877621583734145676999353,0.14769456479877621583734145676999353
0.455638325169884,0.45563832516988394954352889023945766,0.45563832516988394954352889023945766
0.185699117333423,0.18569911733342325744883229217852219,0.18569911733342325744883229217852219
0.0401201088803857,0.040120108880385730095984602035595157,0.040120108880385730095984602035595157
0.068330664160685,0.068330664160684982424747770783758972,0.068330664160684982424747770783758972
0.0593323342630959,0.059332334263095917016571759501449903,0.059332334263095917016571759501449903
0.125548531574812,0.12554853157481209115509588581528771,0.12554853157481209115509588581528771
0.187253997702545,0.18725399770254477042883154971053529,0.18725399770254477042883154971053529
0.385811714289889,0.38581171428988944279486349449647793,0.38581171428988944279486349449646561
0.463393100067159,0.46339310006715866369507457608922045,0.46339310006715866369507457608923277
0.679007545730357,0.6790075457303569067813280061341039,0.67900754573035690678132800613414088
0.420898397638924,0.42089839763892367524616847679545753,0.42089839763892367524616847679545753
0.183439226158232,0.18343922615823243760376158193595426,0.18343922615823243760376158193595426
0.101883471925487,0.10188347192548653447320493999920801,0.10188347192548653447320493999920801
0.420066262129928,0.42006626212992755548024499908509834,0.42006626212992755548024499908509834
0.0880727042104371,0.088072704210437115836209437969884789,0.088072704210437115836209437969884789
0.37704656973792,0.3770465697379201229459529316782003,0.3770465697379201229459529316782003
0.326279203470832,0.32627920347083234980554459632850926,0.32627920347083234980554459632853391
0.34715558667069,0.34715558667069032907456168586731114,0.34715558667069032907456168586731114
0.364766407104831,0.3647664071048310221101869769679577,0.3647664071048310221101869769679577
0.167128990463426,0.16712899046342626892447403416072506,0.1671289904634262689244740341607004
0.0945815080896301,0.094581508089630093762322343270763346,0.094581508089630093762322343270763346
0.243558223762252,0.24355822376225152356474369343261476,0.24355822376225152356474369343261476
0.062222285456619,0.062222285456619023070793117492649548,0.062222285456619023070793117492649548
0.0265800618727791,0.026580061872779074936830128968159348,0.026580061872779074936830128968159348
0.25565526916811,0.25565526916810964224144468242321398,0.25565526916810964224144468242321398
0.525406865296339,0.52540686529633874362600156504162889,0.52540686529633874362600156504164121
0.680846768400405,0.6808467684004049265900562826985056,0.68084676840040492659005628269849328
0.357175592042807,0.35717559204280702683818220422993369,0.35717559204280702683818220422997067
0.0930187776455782,0.093018777645578239737131759530514674,0.093018777645578239737131759530514674
0.247612622279904,0.24761262227990366564343644707240056,0.24761262227990366564343644707240056
0.314065632255251,0.31406563225525127495448439715878008,0.31406563225525127495448439715878008
0.208301303881844,0.20830130388184440631011830403959792,0.20830130388184440631011830403959792
0.0999505189030892,0.099950518903089173774163480079973447,0.099950518903089173774163480079973447
0.492261694510123,0.49226169451012279304286526524886321,0.49226169451012279304286526524885089
0.0359106971187192,0.035910697118719227921263460465045711,0.035910697118719227921263460465045711
0.413529476632439,0.41352947663243891383812758421923216,0.41352947663243891383812758421923216
0.30363849444643,0.30363849444642999241201030108094773,0.30363849444642999241201030108094773
0.446214855255465,0.44621485525546511866972931282668612,0.44621485525546511866972931282671077
0.099869008546095,0.099869008546094972857676772765806021,0.099869008546094972857676772765818347
0.277957915507574,0.27795791550757392896191825778437015,0.27795791550757392896191825778437015
0.116302807109594,0.11630280710959381780372764062193298,0.11630280710959381780372764062192682
0.0797120930828205,0.079712093082820540315890315181833371,0.079712093082820540315890315181833371
0.350995886585851,0.35099588658585122381218506811336493,0.35099588658585122381218506811336493
0.29390495791315,0.2939049579131500817882542826130526,0.29390495791315008178825428261307725
0.611522519838288,0.61152251983828748728451453606861322,0.61152251983828748728451453606861322
0.147720168449194,0.14772016844919438649169623698148481,0.14772016844919438649169623698148481
0.179469695021967,0.17946969502196681855436593565587281,0.17946969502196681855436593565587281
0.221249285561282,0.22124928556128248337843599068238569,0.22124928556128248337843599068240418
0.0732418882871637,0.073241888287163711671989859931669002,0.073241888287163711671989859931669002
0.524228753222738,0.52422875322273826410229250923581056,0.5242287532227382641022925092357859
0.288737874838015,0.28873787483801506132636477481722122,0.28873787483801506132636477481722122
0.378362177417198,0.37836217741719794682707189468656624,0.37836217741719794682707189468656624
0.236103030711411,0.23610303071141092885373517727884752,0.23610303071141092885373517727883519
0.196402077757011,0.19640207775701062533985541845216324,0.19640207775701062533985541845216324
0.276340053920116,0.27634005392011558727834900151128087,0.27634005392011558727834900151128087
0.266792589186167,0.26679258918616702209600805272842852,0.26679258918616702209600805272842852
0.247811254319692,0.24781125431969155422401022373614895,0.24781125431969155422401022373614895
0.0945853971083377,0.094585397108337676074640169878797332,0.094585397108337676074640169878797332
0.419046157361519,0.41904615736151873783475385577980225,0.41904615736151873783475385577980225
0.817833424978644,0.81783342497864420106375901611720313,0.81783342497864420106375901611720313
0.258919104616238,0.25891910461623836180608214343612378,0.25891910461623836180608214343612378
0.240333094357369,0.24033309435736851198006441896534599,0.24033309435736851198006441896534599
0.224413292174927,0.22441329217492653807398165074562562,0.22441329217492653807398165074562562
0.623718837592116,0.62371883759211550683694073263059697,0.62371883759211550683694073263059697
0.171746885907074,0.17174688590707368665164509115161538,0.17174688590707368665164509115161538
0.486588310278829,0.4865883102788285838580575720021739,0.4865883102788285838580575720021739
0.519334841846397,0.51933484184639660494672514412954727,0.51933484184639660494672514412953494
0.517865529096885,0.5178655290968846537662181463191102,0.5178655290968846537662181463191102
0.493807808642997,0.49380780864299732401679383082234491,0.49380780864299732401679383082234491
0.114185219705371,0.1141852197053712979161638233247686,0.11418521970537129791616382332477784
0.295847083849286,0.29584708384928622637026566514338604,0.29584708384928622637026566514338604
0.103060621443125,0.10306062144312537610533785053334606,0.10306062144312537610533785053334606
0.369085601109836,0.36908560110983611683836964738286681,0.36908560110983611683836964738286681
0.0462400436110982,0.046240043611098204817196020759320023,0.046240043611098204817196020759320023
0.248809593170222,0.24880959317022251001640965319390082,0.24880959317022251001640965319390082
0.178385192351667,0.17838519235166714098836901816825914,0.17838519235166714098836901816825914
0.346907446219429,0.34690744621942893081762915738802898,0.34690744621942893081762915738802898
0.108495288193229,0.10849528819322907644310721102894188,0.10849528819322907644310721102894188
0.310180266304934,0.31018026630493353586985763951276764,0.31018026630493353586985763951280461
0.684798680673716,0.68479868067371550681743645501169029,0.68479868067371550681743645501170262
0.264411124032376,0.26441112403237642329052024107041376,0.26441112403237642329052024107041376
0.257800647679051,0.25780064767905135191644580353602618,0.25780064767905135191644580353602618
0.68761000223741,0.68761000223741023374675032996368557,0.6876100022374102337467503299636979
0.32601442811085,0.32601442811084982413907903575454863,0.3260144281108498241390790357545363
0.0350419084710326,0.035041908471032577473862341027963352,0.035041908471032577473862341027963352
0.0384084420368158,0.038408442036815839608210524894252625,0.038408442036815839608210524894252625
0.204316641844847,0.20431664184484742703761961416769099,0.20431664184484742703761961416771564
0.285072636760882,0.28507263676088221357232740347177217,0.28507263676088221357232740347177217
0.571016736548482,0.57101673654848197286773828651330375,0.57101673654848197286773828651330375
0.317303200530129,0.31730320053012930577808371346538584,0.31730320053012930577808371346538584
0.642956368051279,0.6429563680512791245894919352636222,0.64295636805127912458949193526363453
0.725340789579645,0.72534078957964512784819977765837031,0.72534078957964512784819977765837031
0.333503573342459,0.33350357334245902557796350468665343,0.33350357334245902557796350468665343
0.506322451884376,0.50632245188437600106103918659714559,0.50632245188437600106103918659714559
0.152478832605325,0.15247883260532494664448779364072247,0.15247883260532494664448779364072247
0.192908236880562,0.19290823688056247122576486567040555,0.19290823688056247122576486567040555
0.729192012388636,0.72919201238863555677088902620519394,0.72919201238863555677088902620519394
0.801406764329146,0.80140676432914559588573526821530344,0.80140676432914559588573526821530344
0.118547531164066,0.11854753116406627628314038740687528,0.11854753116406627628314038740687528
0.0422155104464556,0.042215510446455639466157135343359573,0.042215510446455639466157135343359573
0.07426926313645,0.074269263136450035075780489754740326,0.074269263136450035075780489754740326
0.432466918527594,0.43246691852759369312844236509178815,0.43246691852759369312844236509178815
0.386251244581826,0.38625124458182586360788452383264861,0.38625124458182586360788452383264861
0.703059188536021,0.70305918853602104769066420024391075,0.70305918853602104769066420024391075
0.0931933019045211,0.093193301904521143644922619958999677,0.09319330190452114364492261995900584
0.464755413452427,0.46475541345242733524560434217730775,0.46475541345242733524560434217730775
0.341343579750508,0.34134357975050831217616922754275005,0.34134357975050831217616922754275005
0.0925778827389267,0.092577882738926702753656100696005301,0.092577882738926702753656100696008382
0.449336669102117,0.44933666910211730205969009062690196,0.44933666910211730205969009062690196
0.222414731121415,0.22241473112141502547838538384739678,0.22241473112141502547838538384739678
0.20345287950543,0.20345287950542984685824437299987536,0.20345287950542984685824437299987536
0.272901915640205,0.27290191564020516772958487512271257,0.27290191564020516772958487512271257
0.381078057538397,0.38107805753839663660837792587443761,0.38107805753839663660837792587443761
0.18131295906418,0.18131295906417963579343368333967186,0.18131295906417963579343368333967186
0.10604220105424,0.10604220105423999514600813388252757,0.10604220105423999514600813388252757
0.427603541166699,0.42760354116669850952442758686819505,0.42760354116669850952442758686819505
0.101103232172585,0.10110323217258466738403055149787715,0.10110323217258466738403055149787715
0.225363669118211,0.22536366911821127129466718082801291,0.22536366911821127129466718082800983
0.0324765590308806,0.032476559030880638498533801478236233,0.032476559030880638498533801478237774
0.223866966305477,0.22386696630547711472570563680274701,0.22386696630547711472570563680274701
0.595114841137161,0.5951148411371614253297306485700553,0.59511484113716142532973064857006762
0.0335111533225139,0.033511153322513873523678395447854736,0.033511153322513873523678395447854736
0.510076383653398,0.51007638365339757406713272705216584,0.51007638365339757406713272705216584
0.322305507533328,0.32230550753332847988676206030732047,0.32230550753332847988676206030732047
0.851181033205997,0.85118103320599660881517613059012536,0.85118103320599660881517613059012536
0.729594878317026,0.7295948783170264356158413176367382,0.7295948783170264356158413176367382
0.267952701358545,0.26795270135854476047747533779142007,0.26795270135854476047747533779142007
0.221231640048456,0.22123164004845553546230062144797435,0.22123164004845553546230062144797435
0.517910843176577,0.51791084317657679123487542440176667,0.51791084317657679123487542440176667
0.47287072024152,0.472870720241519843961517284950123,0.472870720241519843961517284950123
0.622616938998294,0.62261693899829380609920055845839801,0.62261693899829380609920055845839801
0.163531213649157,0.1635312136491569733121731488487845,0.16353121364915697331217314884877218
0.062895736397104,0.062895736397104035963362617043404339,0.062895736397104035963362617043404339
0.0673725891880324,0.067372589188032408019905528747005441,0.067372589188032408019905528747005441
0.638617909642972,0.63861790964297221227522007796127666,0.63861790964297221227522007796128899
0.135816209037865,0.13581620903786520607343564356604599,0.13581620903786520607343564356604599
0.0958535807603452,0.095853580760345218535791541449389876,0.095853580760345218535791541449389876
0.0698538757261268,0.069853875726126755206333060586797679,0.069853875726126755206333060586797679
0.404568813772221,0.4045688137722209873117254595681871,0.40456881377222098731172545956823641
0.0281694750284308,0.02816947502843079908078193358145493,0.02816947502843079908078193358145493
0.0992672596887096,0.099267259688709625731101478356819475,0.099267259688709625731101478356819475
0.277538817319389,0.27753881731938866379345743653686936,0.27753881731938866379345743653686936
0.156252058764389,0.15625205876438909264198106551779014,0.1562520587643890926419810655177963
0.551282279616133,0.55128227961613258727455959883256725,0.55128227961613258727455959883256725
0.116122233773421,0.11612223377342135166866429920138448,0.11612223377342135166866429920138448
0.185764559175952,0.18576455917595249735262209539279866,0.18576455917595249735262209539279866
0.956163306981193,0.95616330698119331148429800794419002,0.95616330698119331148429800794419002
0.113879621189384,0.11387962118938387141941130190927078,0.11387962118938387141941130190927078
0.424174408013676,0.42417440801367590190052682921391977,0.42417440801367590190052682921391977
0.588887268991343,0.58888726899134292607834260708155412,0.58888726899134292607834260708156644
0.139259128957379,0.13925912895737919241474106475009846,0.13925912895737919241474106475009846
0.278761707995318,0.27876170799531819765369519392824023,0.27876170799531819765369519392824023
0.272856468890905,0.27285646889090473069641121187743101,0.27285646889090473069641121187743101
0.102974762608493,0.10297476260849314457871107839800605,0.10297476260849314457871107839800913
0.11105621472498,0.11105621472498019354185277065970969,0.11105621472498019354185277065970969
0.493567494279303,0.49356749427930274506134626518079037,0.49356749427930274506134626518079037
0.329444457499922,0.32944445749992182636615320893602959,0.32944445749992182636615320893604192
0.17040185858309,0.17040185858309004520648937524170605,0.17040185858309004520648937524170605
0.286085913016164,0.28608591301616445491707880737529643,0.28608591301616445491707880737529643
0.291431046597045,0.29143104659704469432045922242329943,0.2914310465970446943204592224232871
0.0325140673597266,0.032514067359726591295154237374061427,0.032514067359726591295154237374061427
0.162555642731038,0.16255564273103782052935463593930873,0.16255564273103782052935463593930873
0.531511819748215,0.53151181974821471930333457187325835,0.53151181974821471930333457187325835
0.295931327020649,0.29593132702064946566520771798469524,0.29593132702064946566520771798471989
0.184027629179451,0.18402762917945059091764342278226937,0.18402762917945059091764342278226937
0.10199172683568,0.10199172683567979600638976491942322,0.10199172683567979600638976491942322
0.217398157864136,0.21739815786413626228519979598632369,0.21739815786413626228519979598632369
0.602789794299636,0.60278979429963575454540568473765583,0.60278979429963575454540568473764351
0.218051537056836,0.21805153705683600745196150408510442,0.21805153705683600745196150408510442
0.129993439938508,0.12999343993850768535653641646468626,0.12999343993850768535653641646468626
0.296485552949418,0.29648555294941824939839441694352205,0.29648555294941824939839441694352205
0.264171550900071,0.26417155090007088638163477159718772,0.26417155090007088638163477159718772
0.262930817768655,0.26293081776865490460510993345812998,0.26293081776865490460510993345812998
0.309221434918175,0.30922143491817550169705374608962773,0.30922143491817550169705374608962773
0.223978078569429,0.22397807856942893491431464151584193,0.22397807856942893491431464151584193
0.0961872932362208,0.096187293236220821727120370223955565,0.096187293236220821727120370223955565
0.414261173504314,0.41426117350431377685267701919620284,0.41426117350431377685267701919620284
0.348529415024564,0.34852941502456367631611430643963662,0.34852941502456367631611430643963662
0.455203186013718,0.455203186013718011330908350505182,0.4552031860137180113309083505051327
0.317217725230057,0.31721772523005728897563489932526894,0.31721772523005728897563489932526894
0.0958577627384488,0.095857762738448811791251579296464889,0.095857762738448811791251579296464889
0.222764071846887,0.22276407184688656486224830653581875,0.22276407184688656486224830653581875
0.188851559594402,0.18885155959440205268797116248884568,0.18885155959440205268797116248884568
0.079589079325916,0.079589079325915985351534578940504513,0.079589079325915985351534578940504513
0.373530073598328,0.37353007359832768586421990231909753,0.37353007359832768586421990231910985
0.617838634087295,0.61783863408729456449451298110793317,0.61783863408729456449451298110793317
0.424927240316032,0.42492724031603248693648515006813153,0.42492724031603248693648515006813153
0.0751215984460125,0.075121598446012479410558726509719208,0.075121598446012479410558726509719208
0.285909378793275,0.28590937879327496508497657547583094,0.28590937879327496508497657547583094
0.450086679323963,0.45008667932396324815397802848054177,0.45008667932396324815397802848056643
0.157368922435217,0.15736892243521677442277748168180764,0.15736892243521677442277748168180764
0.026177191375777,0.026177191375777029206930930064770334,0.026177191375777029206930930064770334
0.619324107552668,0.61932410755266797511608732726940431,0.61932410755266797511608732726940431
0.458085280665168,0.45808528066516758362074393187556324,0.45808528066516758362074393187556324
0.235228319302431,0.23522831930243110478213536285379289,0.23522831930243110478213536285379289
0.449341066168579,0.44934106616857859888887803562160172,0.44934106616857859888887803562160172
0.104112470612807,0.10411247061280697817792970527572268,0.10411247061280697817792970527572268
0.784029672236872,0.78402967223687249161249671774187273,0.7840296722368724916124967177418604
0.146346584457813,0.14634658445781267845875914250968252,0.14634658445781267845875914250968252
0.220784519306889,0.22078451930688908401285768124446912,0.22078451930688908401285768124446912
0.0296809671685168,0.029680967168516834122888635998359099,0.029680967168516834122888635998359099
0.0380744153278306,0.038074415327830589731043038985603702,0.038074415327830589731043038985605242
0.645294258844218,0.64529425884421771498041276381416515,0.64529425884421771498041276381416515
0.620480619388013,0.62048061938801261531812512887638491,0.62048061938801261531812512887638491
0.302669183053453,0.30266918305345323355132081468530913,0.30266918305345323355132081468530913
0.584434386796021,0.58443438679602114225109291889969794,0.58443438679602114225109291889969794
0.159972144749964,0.15997214474996401921315407925619352,0.15997214474996401921315407925619352
0.483534266885178,0.48353426688517848949818355649796057,0.48353426688517848949818355649796057
0.610547733921542,0.6105477339215423680115858087126332,0.6105477339215423680115858087126332
0.0849831322402894,0.084983132240289395099600383350257665,0.084983132240289395099600383350257665
0.142328788669466,0.14232878866946619182515968457297444,0.14232878866946619182515968457297752
0.0873296111454152,0.087329611145415174961023104977733514,0.087329611145415174961023104977733514
0.0613681566686038,0.061368156668603827304592686170377852,0.061368156668603827304592686170377852
0.0850369216596113,0.085036921659611291572067821433716245,0.085036921659611291572067821433716245
0.242956327180114,0.24295632718011432729463214618611256,0.24295632718011432729463214618611256
0.568638525271713,0.56863852527171319286221488280452058,0.56863852527171319286221488280452058
0.202514728228945,0.20251472822894522338712663345991458,0.20251472822894522338712663345991458
0.137202792370369,0.13720279237036885804262184504551072,0.13720279237036885804262184504551072
0.320756042244145,0.32075604224414489268268221127488578,0.32075604224414489268268221127488578
0.202491728127755,0.20249172812775489968349745496727481,0.20249172812775489968349745496727481
0.141050886590931,0.14105088659093148329890286893520389,0.14105088659093148329890286893520389
0.124399537767941,0.1243995377679410775816726393450204,0.1243995377679410775816726393450204
0.459798245207228,0.45979824520722817143015245048328438,0.45979824520722817143015245048328438
0.146561092972858,0.14656109297285849742827281999785192,0.14656109297285849742827281999785192
0.500078905048056,0.50007890504805614599326363201920964,0.50007890504805614599326363201920964
0.307532373617083,0.30753237361708339586492983414161501,0.30753237361708339586492983414161501
0.0509437353497751,0.050943735349775128835682621928008746,0.050943735349775128835682621928008746
0.481581063561089,0.48158106356108929501179020323671648,0.48158106356108929501179020323671648
0.0767780407468405,0.076778040746840449919096998498901841,0.076778040746840449919096998498901841
0.283606743526648,0.28360674352664774408296348261120277,0.28360674352664774408296348261120277
0.149623015184269,0.1496230151842693658864598021059371,0.14962301518426936588645980210594018
0.0943001096354843,0.094300109635484322826068003051567965,0.094300109635484322826068003051567965
0.319987898594071,0.31998789859407087848981470652096858,0.31998789859407087848981470652096858
0.235914174163746,0.23591417416374603905793820207080885,0.23591417416374603905793820207080885
0.326045933115469,0.32604593311546884908005144924400949,0.32604593311546884908005144924400949
0.130836376882611,0.13083637688261118803364495190955614,0.13083637688261118803364495190955614
0.199646777279195,0.19964677727919521381168390534302173,0.19964677727919521381168390534302173
0.231839342460087,0.23183934246008741364979964726784921,0.23183934246008741364979964726784921
0.37256367243144,0.37256367243143977540008977775767846,0.37256367243143977540008977775767846
0.317103265166046,0.31710326516604575894344760941388419,0.31710326516604575894344760941388419
0.15098667154501,0.15098667154500961960937385660945743,0.15098667154500961960937385660945743
0.175784203251363,0.17578420325136270647086303271904969,0.17578420325136270647086303271906201
0.215125610358458,0.2151256103584576868243728265654104,0.2151256103584576868243728265654104
0.127837970566557,0.12783797056655716067319179717253614,0.12783797056655716067319179717253614
0.238754770377428,0.23875477037742781447013471255895081,0.23875477037742781447013471255895081
0.213635099930438,0.2136350999304376811380464136172325,0.2136350999304376811380464136172325
0.155726478404703,0.1557264784047028332019518428725812,0.1557264784047028332019518428725812
0.0813767254801414,0.081376725480141352843117108965704322,0.081376725480141352843117108965698159
0.233995121888189,0.23399512188818860452293899615404337,0.23399512188818860452293899615404337
0.431966039392444,0.43196603939244393020488531624539884,0.43196603939244393020488531624539884
0.394290641017085,0.39429064101708510179585851281430646,0.39429064101708510179585851281430646
0.416626633423874,0.41662663342387415630750684473705318,0.41662663342387415630750684473707784
0.255855406504084,0.25585540650408370231129576634323393,0.25585540650408370231129576634323393
0.638878277503714,0.63887827750371401221054207218807339,0.63887827750371401221054207218807339
0.0300191860491143,0.030019186049114330695218042792849629,0.030019186049114330695218042792852711
0.173796230381908,0.17379623038190772927640858053556923,0.17379623038190772927640858053556923
0.139048226556547,0.13904822655654742683873663169249601,0.13904822655654742683873663169249601
0.0792459322368059,0.079245932236805853042298340989773397,0.079245932236805853042298340989773397
0.062673642137332,0.062673642137331961979050989314117031,0.06267364213733196197905098931411395
0.0552227662073344,0.055222766207334376615988873804471053,0.055222766207334376615988873804471053
0.268345820814226,0.26834582081422590824556187263327308,0.26834582081422590824556187263327308
0.829721193891288,0.82972119389128810415916591623407147,0.82972119389128810415916591623407147
0.137126605589737,0.13712660558973716718562697100756103,0.13712660558973716718562697100756103
0.142947623383399,0.14294762338339890687468110799859501,0.14294762338339890687468110799859501
0.234143445427222,0.23414344542722169027537428887058597,0.23414344542722169027537428887058597
0.480168530047506,0.4801685300475059225682187298510575,0.4801685300475059225682187298510575
0.0371822178812418,0.037182217881241822475810263132476064,0.037182217881241822475810263132477605
0.324776603729745,0.32477660372974488587577231242726812,0.32477660372974488587577231242724346
0.0358549587899083,0.035854958789908289469411931958708682,0.035854958789908289469411931958708682
0.289084161349615,0.28908416134961478816733528565799213,0.28908416134961478816733528565799213
0.388853803426137,0.38885380342613678400002333259427688,0.38885380342613678400002333259427688
0.165459646557238,0.16545964655723802100239458314718219,0.16545964655723802100239458314718219
0.619229283750775,0.61922928375077475253549685888896031,0.61922928375077475253549685888896031
0.146689318947687,0.14668931894768724554775345587163605,0.14668931894768724554775345587163605
0.427582695804045,0.42758269580404514040093091752507889,0.42758269580404514040093091752507889
0.0439640628610999,0.043964062861099943820445305449968729,0.043964062861099943820445305449968729
0.189012742137178,0.18901274213717758762957167440193474,0.18901274213717758762957167440193474
0.333297143960372,0.33329714396037207989169079505182892,0.33329714396037207989169079505182892
0.684413165221912,0.68441316522191232612641904767073572,0.68441316522191232612641904767073572
0.274893689306768,0.274893689306767697685944098457379,0.274893689306767697685944098457379
0.278651135440039,0.27865113544003882254459250469883867,0.27865113544003882254459250469883867
0.0521610319271653,0.05216103192716529459804588437971481,0.05216103192716529459804588437971481
0.81920777676701,0.81920777676700964830077011678363834,0.81920777676700964830077011678366299
0.211695354746327,0.21169535474632722294231747600559948,0.21169535474632722294231747600559948
0.539649298134856,0.5396492981348561863844511874496756,0.5396492981348561863844511874496756
0.148607796749091,0.14860779674909113627112688652913717,0.14860779674909113627112688652913717
0.13475583379866,0.13475583379866001792562782434772425,0.13475583379866001792562782434773657
0.180616495230789,0.18061649523078851902209603105609784,0.18061649523078851902209603105609784
0.0414808757588275,0.041480875758827541529580701538810589,0.041480875758827541529580701538804426
0.179275655680754,0.17927565568075361608512212686123383,0.17927565568075361608512212686123383
0.0347453671295985,0.034745367129598546625235655571879707,0.034745367129598546625235655571879707
0.294518505250659,0.29451850525065884850212728123976686,0.29451850525065884850212728123976686
0.620451002904367,0.62045100290436664297775964875520689,0.62045100290436664297775964875523154
0.0731640658426401,0.073164065842640065300524625257552511,0.073164065842640065300524625257552511
0.0946866449672139,0.094686644967213885616761085894924174,0.094686644967213885616761085894924174
0.873044731050714,0.87304473105071362196440330683465016,0.87304473105071362196440330683465016
0.290641417015346,0.29064141701534552712381661639708805,0.29064141701534552712381661639708805
0.447542974463819,0.44754297446381894193872852466730148,0.44754297446381894193872852466731381
0.243619275644843,0.24361927564484281083876853179523213,0.24361927564484281083876853179523213
0.164577055848734,0.16457705584873351814939630009462367,0.16457705584873351814939630009462367
0.328071585771705,0.32807158577170502396966136742974442,0.32807158577170502396966136742974442
0.73930712342939,0.73930712342938978126492491803854287,0.73930712342938978126492491803854287
0.0853673193025124,0.085367319302512381332332914783569611,0.085367319302512381332332914783569611
0.112182628540579,0.11218262854057891076099432567121127,0.11218262854057891076099432567120511
0.115475621626833,0.11547562162683321414040767456933449,0.11547562162683321414040767456933449
0.647059170101201,0.64705917010120086841769763297554007,0.64705917010120086841769763297554007
0.18714212716862,0.18714212716861993075507861561202897,0.18714212716861993075507861561202897
0.216773994995274,0.21677399499527445557307248671860389,0.21677399499527445557307248671860389
0.247318815163031,0.24731881516303060879875286519550303,0.24731881516303060879875286519552768
0.041054837347769,0.041054837347768975400476377383371351,0.041054837347768975400476377383371351
0.161843071669153,0.16184307166915311430801835842195428,0.16184307166915311430801835842195428
0.771247499787614,0.77124749978761418547958373191114954,0.77124749978761418547958373191113721
0.32736046647651,0.32736046647651005654629584844012627,0.32736046647651005654629584844012627
0.138799976771735,0.13879997677173498470803835463431732,0.13879997677173498470803835463431732
0.226815667464606,0.22681566746460586174066594596522977,0.22681566746460586174066594596522977
0.265753322975952,0.26575332297595166040792660857341569,0.26575332297595166040792660857341569
0.826323126407676,0.82632312640767608329283302726302521,0.82632312640767608329283302726302521
0.64712001591025,0.64712001591024988545393461199220878,0.64712001591024988545393461199220878
0.120490156757203,0.12049015675720268244465347848698499,0.12049015675720268244465347848698191
0.477358509568514,0.47735850956851378603990314586344217,0.47735850956851378603990314586344217
0.168837431025935,0.1688374310259348992513210692939813,0.1688374310259348992513210692939813
0.141889685848292,0.14188968584829159230223564109429834,0.14188968584829159230223564109428602
0.353060626232135,0.35306062623213524881890894590913104,0.35306062623213524881890894590913104
0.225074131243495,0.22507413124349469989530738296860007,0.22507413124349469989530738296860007
0.0506709958496715,0.050670995849671505622776197394045934,0.050670995849671505622776197394044393
0.180679009138229,0.18067900913822909347849039060295924,0.18067900913822909347849039060295924
0.56521456180304,0.5652145618030397426865747252816305,0.5652145618030397426865747252816305
0.1728347271587,0.17283472715870013285565365164508293,0.17283472715870013285565365164508293
0.56968379743628,0.56968379743628029889756792364422306,0.56968379743628029889756792364422306
0.0802505344589935,0.080250534458993465304847105917968581,0.080250534458993465304847105917968581
0.055143453972674,0.055143453972674042287033022219694037,0.055143453972674042287033022219694037
0.131014106809518,0.13101410680951754174006965326228135,0.13101410680951754174006965326226903
0.430584231343423,0.43058423134342342832297562204056173,0.43058423134342342832297562204058638
0.34755425286192,0.34755425286191967837746645001667108,0.34755425286191967837746645001667108
0.337772489602424,0.33777248960242397360354032785566302,0.33777248960242397360354032785566302
0.779609275571159,0.7796092755711592701264390454787104,0.7796092755711592701264390454787104
0.121727410399242,0.12172741039924189198451703042190555,0.12172741039924189198451703042190555
0.301424400678835,0.30142440067883545946155849701312029,0.30142440067883545946155849701312029
0.362853321992931,0.36285332199293059672566959161243595,0.36285332199293059672566959161244828
0.110533569859682,0.11053356985968186596774133514468188,0.11053356985968186596774133514468188
0.638999126169075,0.6389991261690753772751302034158744,0.63899912616907537727513020341589906
0.192616665368356,0.19261666536835589649421989146970581,0.19261666536835589649421989146970581
0.475087852873441,0.47508785287344144392127820400123009,0.47508785287344144392127820400125474
0.44912984279929,0.44912984279929034228341277989224089,0.44912984279929034228341277989224089
0.367076147051593,0.36707614705159327616441964885129072,0.36707614705159327616441964885129072
0.135718064431314,0.13571806443131361193900736996144989,0.13571806443131361193900736996144989
0.236596810998024,0.23659681099802425888302017938749828,0.23659681099802425888302017938749828
0.340520854802827,0.34052085480282654066738391080124733,0.34052085480282654066738391080124733
0.201126752293721,0.20112675229372108172182960264416168,0.20112675229372108172182960264416168
0.427171335592924,0.42717133559292374364307859238063935,0.42717133559292374364307859238062702
0.200140700195429,0.20014070019542927664591480070911127,0.20014070019542927664591480070911127
0.268445761124211,0.26844576112421136303463304641754507,0.2684457611242113630346330464175574
0.116681711472558,0.11668171147255815484432999008213637,0.11668171147255815484432999008213637
0.125055436231907,0.12505543623190682970994056277425966,0.12505543623190682970994056277425966
0.187776430980692,0.18777643098069151083379722014304375,0.18777643098069151083379722014304375
0.150312743427132,0.15031274342713199611022618286723214,0.15031274342713199611022618286723214
0.278585011677773,0.27858501167777253794088936132702184,0.27858501167777253794088936132702184
0.39589390463026,0.39589390463026028745750308061844133,0.39589390463026028745750308061841668
0.208665353849659,0.20866535384965921806949494130778696,0.20866535384965921806949494130778388
0.176897874211911,0.17689787421191085295679873182879744,0.17689787421191085295679873182879744
0.220818395709882,0.22081839570988214853817078171709099,0.22081839570988214853817078171709099
0.0382542609341895,0.038254260934189537909370267527862551,0.038254260934189537909370267527864092
0.553740970574621,0.55374097057462112038244234418346699,0.55374097057462112038244234418346699
0.0201104141586644,0.02011041415866436548657717898988848,0.02011041415866436548657717898988848
0.262405496874659,0.2624054968746586399009090245476679,0.2624054968746586399009090245476679
0.811239057249748,0.81123905724974789886493850228644814,0.81123905724974789886493850228643581
0.661526937482963,0.66152693748296280150071515877022106,0.66152693748296280150071515877022106
0.661406569949635,0.66140656994963519237474069768803608,0.66140656994963519237474069768803608
0.581754837185796,0.5817548371857957509260076618841259,0.58175483718579575092600766188413823
0.143081542549888,0.14308154254988831334164170131456846,0.14308154254988831334164170131456846
0.526057388110613,0.52605738811061275187901776006948194,0.52605738811061275187901776006946962
0.127925516758018,0.12792551675801844064906800280556831,0.12792551675801844064906800280556831
0.585812338183242,0.58581233818324195729959596238004781,0.58581233818324195729959596238004781
0.228791643932436,0.22879164393243641632350998727484081,0.22879164393243641632350998727484081
0.260777332721683,0.2607773327216825313306770252683542,0.2607773327216825313306770252683542
0.231139148787078,0.23113914878707770443063882242752347,0.23113914878707770443063882242752347
0.40714059795525,0.40714059795525042313186376771223,0.40714059795525042313186376771223
0.470892284419343,0.47089228441934332010732281320776764,0.47089228441934332010732281320776764
0.0404753220716687,0.040475322071668653478074060351513582,0.040475322071668653478074060351513582
0.234590879979607,0.23459087997960677575556307823315575,0.23459087997960677575556307823316808
0.729951018635726,0.72995101863572559497825547872590774,0.72995101863572559497825547872590774
0.0723332071928091,0.07233320719280910066780975973863477,0.07233320719280910066780975973863477
0.0667965022238202,0.066796502223820243090031313084742071,0.066796502223820243090031313084742071
0.299537314989956,0.29953731498995599184540009394136571,0.29953731498995599184540009394136571
0.547971019728997,0.54797101972899741965026969583209677,0.54797101972899741965026969583209677
0.299685006672336,0.29968500667233576328384451377084762,0.29968500667233576328384451377087228
0.0436220764063223,0.043622076406322335776833707643457687,0.043622076406322335776833707643457687
0.156883734115842,0.15688373411584187476693664499636098,0.15688373411584187476693664499636098
0.674340658963042,0.67434065896304183637657368343236408,0.67434065896304183637657368343236408
0.283214328879064,0.283214328879063496486998293671471,0.283214328879063496486998293671471
0.644121315398466,0.64412131539846567238184007336206308,0.64412131539846567238184007336206308
0.251649909066491,0.25164990906649070370925258260990465,0.25164990906649070370925258260990465
0.1255426992578,0.12554269925780019293940404187743125,0.12554269925780019293940404187743125
0.215229900049538,0.21522990004953829713028277654474498,0.21522990004953829713028277654474498
0.494430287156973,0.49443028715697301779721984763591091,0.49443028715697301779721984763591091
0.132983424377319,0.13298342437731916478472631131901235,0.13298342437731916478472631131901235
0.145428073598413,0.14542807359841331375264408736985072,0.14542807359841331375264408736985072
0.383575322615804,0.38357532261580358742243587059509803,0.38357532261580358742243587059509803
0.198415278385448,0.19841527838544817630666546958729311,0.19841527838544817630666546958729311
0.432709512471877,0.43270951247187685095133645623630851,0.43270951247187685095133645623630851
0.192006230758761,0.19200623075876071436146111202421335,0.19200623075876071436146111202421335
0.182517268628977,0.1825172686289770427037763766192534,0.1825172686289770427037763766192534
0.580061903239594,0.58006190323959399958135899497396912,0.58006190323959399958135899497396912
0.240140975593999,0.24014097559399906078768806143049532,0.24014097559399906078768806143049532
0.206078923982744,0.20607892398274447970571306963803382,0.20607892398274447970571306963803382
0.238261230892356,0.23826123089235613172900449503617967,0.23826123089235613172900449503617967
0.144208402997358,0.14420840299735816743274614996066828,0.14420840299735816743274614996067444
0.258786713126369,0.25878671312636862695863122298482916,0.25878671312636862695863122298482916
0.274192772354934,0.274192772354934360847044885461128,0.274192772354934360847044885461128
0.515920764792724,0.51592076479272413874212844183123858,0.51592076479272413874212844183122625
0.136413257308066,0.13641325730806633453157450032252719,0.13641325730806633453157450032252719
0.118320981120407,0.11832098112040722242954684868610044,0.11832098112040722242954684868610044
0.556639880891611,0.55663988089161127991507682833022799,0.55663988089161127991507682833021566
0.219543838228229,0.21954383822822892561888962300533834,0.21954383822822892561888962300535067
0.418678950677978,0.41867895067797763282298783093359369,0.41867895067797763282298783093359369
0.465717189775417,0.46571718977541654445277319608813504,0.46571718977541654445277319608813504
0.0951065458683807,0.095106545868380729219658981688301773,0.095106545868380729219658981688301773
0.0669351474908977,0.066935147490897724132879178399038854,0.066935147490897724132879178399041935
0.272486204712367,0.27248620471236710241944825252549284,0.27248620471236710241944825252549284
0.413990425754719,0.41399042575471885278120900647455118,0.41399042575471885278120900647452653
0.109930324889188,0.10993032488918767582153994536257815,0.10993032488918767582153994536257815
0.0556159943437137,0.055615994343713740489564632093801758,0.055615994343713740489564632093801758
0.11053395708717,0.11053395708716987558918094621423281,0.11053395708716987558918094621423281
0.309063077511584,0.30906307751158381969117588528867189,0.30906307751158381969117588528867189
0.599116903293085,0.59911690329308471016065163399601805,0.59911690329308471016065163399598107
0.751286442391477,0.75128644239147696983437215860988962,0.75128644239147696983437215860988962
0.0782852709850599,0.078285270985059927654854304200832712,0.078285270985059927654854304200832712
0.771060089010585,0.77106008901058529710235047290475984,0.77106008901058529710235047290475984
0.252168018486999,0.25216801848699911235174138106876984,0.25216801848699911235174138106876984
0.524299134072754,0.52429913407275367652560728490580524,0.52429913407275367652560728490580524
0.483949717293215,0.48394971729321468826491698797788603,0.48394971729321468826491698797788603
0.636817885493776,0.63681788549377565802851043947709532,0.63681788549377565802851043947709532
0.402137666015251,0.40213766601525127245909086342887504,0.40213766601525127245909086342887504
0.496859784852092,0.49685978485209227035635516895740291,0.49685978485209227035635516895740291
0.80462594520919,0.80462594520919000147669109879819191,0.80462594520919000147669109879817958
0.321932570535373,0.32193257053537296289661410308775587,0.32193257053537296289661410308775587
0.0862471136545563,0.086247113654556307773193145513445258,0.086247113654556307773193145513445258
0.228089473453626,0.22808947345362639363869976074901351,0.22808947345362639363869976074901351
0.0510409999203441,0.051040999920344072096918394164349685,0.051040999920344072096918394164349685
0.0379067597307236,0.037906759730723558719561604152908229,0.037906759730723558719561604152908229
0.0869921738853525,0.086992173885352459853606978996072334,0.086992173885352459853606978996072334
0.457520674191757,0.45752067419175711023585383746720768,0.45752067419175711023585383746722001
0.23566112419118,0.2356611241911795309033728463604279,0.23566112419117953090337284636043406
0.126054760686137,0.12605476068613663850738762209281202,0.12605476068613663850738762209281202
0.105015614752852,0.10501561475285243498024750949059816,0.10501561475285243498024750949059816
0.500506890044486,0.50050689004448621604722270954842124,0.50050689004448621604722270954842124
0.527612328059418,0.52761232805941809671642294906234935,0.52761232805941809671642294906234935
0.392604851483335,0.39260485148333458343037971363079795,0.39260485148333458343037971363079795
0.489525967045362,0.48952596704536157444383525121708366,0.48952596704536157444383525121708366
0.542504724611707,0.54250472461170745579455994315735689,0.54250472461170745579455994315736922
0.303339463760117,0.30333946376011706179341574158673414,0.30333946376011706179341574158673414
0.22754940753755,0.22754940753755008406062410652571241,0.22754940753755008406062410652571241
0.265403466131896,0.26540346613189581270661796544223983,0.2654034661318958127066179654422275
0.131985492281535,0.13198549228153452787462827414419056,0.13198549228153452787462827414419056
0.0372789321692077,0.037278932169207697822447874725145348,0.037278932169207697822447874725145348
0.160516304658783,0.16051630465878313146549137172920402,0.16051630465878313146549137172920093
0.0712773520740389,0.071277352074038892039990843126446217,0.071277352074038892039990843126446217
0.0740626616893146,0.074062661689314588621001254296342639,0.074062661689314588621001254296342639
0.13297212000502,0.13297212000501988338899526739132948,0.13297212000501988338899526739132948
0.129207843010286,0.12920784301028556537111674247514524,0.12920784301028556537111674247513907
0.200676747090637,0.20067674709063749713626468331703503,0.20067674709063749713626468331703503
0.102268954880763,0.10226895488076275669636021508912661,0.10226895488076275669636021508912661
0.116005278704007,0.11600527870400686087092033424776459,0.11600527870400686087092033424776459
0.748256889789151,0.74825688978915107541134835998808696,0.74825688978915107541134835998808696
0.523743866757747,0.52374386675774660669662680328872493,0.52374386675774660669662680328872493
0.233301863725631,0.23330186372563112096233939907822669,0.23330186372563112096233939907822669
0.110553394770996,0.11055339477099609265220362157706202,0.11055339477099609265220362157706202
0.410305991539248,0.41030599153924842154034944242108427,0.41030599153924842154034944242108427
0.0997493243332492,0.099749324333249215534948953692818499,0.099749324333249215534948953692818499
0.316579621772159,0.31657962177215885940114265792158618,0.31657962177215885940114265792158618
0.191007943281568,0.19100794328156752962430793133233057,0.19100794328156752962430793133233057
0.227273205136234,0.22727320513623406229472859162904511,0.22727320513623406229472859162904511
0.148444636555804,0.14844463655580447923653475833832213,0.14844463655580447923653475833832213
0.468420036359193,0.46842003635919265468068860927361265,0.46842003635919265468068860927361265
0.18422414867845,0.18422414867845030064992763272581463,0.18422414867845030064992763272581463
0.577101321133558,0.57710132113355760165545829533792928,0.57710132113355760165545829533792928
0.460213990585953,0.46021399058595255598771692869753028,0.46021399058595255598771692869753028
0.388398061482091,0.38839806148209067878015232777359413,0.3883980614820906787801523277735818
0.203530690589836,0.20353069058983639678169051783760748,0.20353069058983639678169051783760748
0.392095188112746,0.39209518811274606163074414157885818,0.39209518811274606163074414157885818
0.203181099415215,0.20318109941521495308295879214831652,0.20318109941521495308295879214831652
0.203487128120195,0.2034871281201949792325797261379009,0.20348712812019497923257972613791323
0.0235691444035488,0.023569144403548836706709290624350953,0.023569144403548836706709290624350953
0.640875010779557,0.64087501077955701083430509936238662,0.64087501077955701083430509936237429
0.241969134461012,0.24196913446101210573333079422195601,0.24196913446101210573333079422195601
0.0320879947196418,0.032087994719641831406253786462100154,0.032087994719641831406253786462100154
0.0733709949750317,0.073370994975031734450300751032051897,0.073370994975031734450300751032051897
0.517048599312359,0.51704859931235939246386515220137111,0.51704859931235939246386515220137111
0.0867873966034025,0.086787396603402491998458621769294406,0.086787396603402491998458621769294406
0.777666907481927,0.77766690748192695299601869659417027,0.77766690748192695299601869659417027
0.0870131816193685,0.087013181619368455153239555556409217,0.087013181619368455153239555556409217
0.139646317402569,0.13964631740256873114968249698867554,0.1396463174025687311496824969886817
0.372261667299706,0.37226166729970636746980241616590989,0.37226166729970636746980241616590989
0.085743230074073,0.085743230074072965175206588031283902,0.085743230074072965175206588031283902
0.254615594616139,0.25461559461613869790504982392863872,0.25461559461613869790504982392863872
0.0541061647732986,0.054106164773298626934278171707600487,0.054106164773298626934278171707600487
0.303255994855608,0.30325599485560795615635768643032984,0.30325599485560795615635768643032984
0.0968828921034619,0.096882892103461901756986763251562257,0.096882892103461901756986763251562257
0.0234969018041539,0.023496901804153901185733154085446024,0.023496901804153901185733154085446024
0.49500091739548,0.49500091739547980006165013029925944,0.49500091739547980006165013029923479
0.161690603307916,0.16169060330791558617011041181985714,0.16169060330791558617011041181985406
0.402086732840212,0.40208673284021160304701987641663979,0.40208673284021160304701987641663979
0.114654335470829,0.11465433547082903466257054760394429,0.11465433547082903466257054760394429
0.123165105961626,0.12316510596162617962709509658688701,0.12316510596162617962709509658689317
0.205462114734484,0.20546211473448441443442991307992866,0.20546211473448441443442991307995332
0.154591957145745,0.15459195714574541656459112534832797,0.15459195714574541656459112534833414
0.367559384864249,0.36755938486424860191691237790632138,0.36755938486424860191691237790632138
0.424172219809154,0.42417221980915377315161223634784122,0.42417221980915377315161223634784122
0.502423989716781,0.50242398971678104644201283713566764,0.50242398971678104644201283713566764
0.232100906471712,0.23210090647171181538700571595101928,0.23210090647171181538700571595102236
0.139936223311267,0.13993622331126671595639954419481816,0.13993622331126671595639954419481816
0.179508923131542,0.17950892313154173835326692069889321,0.17950892313154173835326692069889321
0.117299243407471,0.11729924340747149719616975017390381,0.11729924340747149719616975017390381
0.150142851640242,0.15014285164024227583246974351874018,0.15014285164024227583246974351874018
0.120255802056445,0.12025580205644458305437182379572547,0.12025580205644458305437182379573472
0.654180961881324,0.65418096188132362846511798523493087,0.65418096188132362846511798523493087
0.186875766967952,0.18687576696795241156401471448700775,0.1868757669679524115640147144869831
0.675818829919732,0.67581882991973214272343910386996662,0.67581882991973214272343910386996662
0.474379124253805,0.4743791242538047863046190232038814,0.47437912425380478630461902320389372
0.363705284694946,0.36370528469494548252850126843339197,0.36370528469494548252850126843339197
0.470788071841461,0.47078807184146092881906070762677088,0.47078807184146092881906070762677088
0.366140469820424,0.36614046982042398554822576875579248,0.36614046982042398554822576875579248
0.588748678932696,0.58874867893269619645869239842858602,0.58874867893269619645869239842858602
0.405373982135794,0.40537398213579357159655639175548277,0.40537398213579357159655639175547045
0.142920050893821,0.14292005089382112632713090426954992,0.14292005089382112632713090426954992
0.471752545044483,0.47175254504448319879973075873530019,0.47175254504448319879973075873530019
0.295057875166656,0.29505787516665559690463741605312824,0.29505787516665559690463741605312824
0.455405437485579,0.45540543748557858455647486494075254,0.45540543748557858455647486494076487
0.365512049810075,0.36551204981007494667960233022534247,0.36551204981007494667960233022534247
0.122799614891744,0.12279961489174396826133398055377439,0.12279961489174396826133398055377439
0.0851907073670221,0.08519070736702206144355938108415031,0.08519070736702206144355938108415031
0.171625249538476,0.17162524953847581313292855009611243,0.17162524953847581313292855009611243
0.165296884943115,0.16529688494311530324475210487336071,0.16529688494311530324475210487336687
0.277566908524975,0.27756690852497520526189351327312319,0.27756690852497520526189351327312319
0.193779803774375,0.19377980377437512665909542661651491,0.19377980377437512665909542661651491
0.0901980996836573,0.090198099683657292373483513098121638,0.090198099683657292373483513098121638
0.245344729616624,0.24534472961662388250598532874148107,0.24534472961662388250598532874148107
0.189250839873934,0.1892508398739339032195512957085559,0.1892508398739339032195512957085559
0.0689781609555013,0.068978160955501312331064901429141479,0.068978160955501312331064901429141479
0.458383715224303,0.45838371522430318374604029166109717,0.45838371522430318374604029166109717
0.285045170954854,0.28504517095485412206572786645119886,0.28504517095485412206572786645119886
0.190650022463633,0.19065002246363293524602190936399006,0.19065002246363293524602190936399006
0.117846223555229,0.11784622355522901306569628993397296,0.11784622355522901306569628993397296
0.432993016991152,0.43299301699115193398811997689730945,0.43299301699115193398811997689730945
0.322375290367493,0.3223752903674925337487822575267193,0.3223752903674925337487822575267193
0.107711605644197,0.10771160564419712360087715068764254,0.10771160564419712360087715068765487
0.214137976496311,0.21413797649631060605639326966617762,0.21413797649631060605639326966617762
0.768092125403927,0.76809212540392681502408838324576149,0.76809212540392681502408838324579847
0.242746493327523,0.24274649332752266390590855005015054,0.24274649332752266390590855005015054
0.112565631816943,0.11256563181694292315227830458903466,0.11256563181694292315227830458903466
0.208157353348147,0.20815735334814663482595238963453184,0.20815735334814663482595238963450719
0.0886487653450082,0.088648765345008216546885278359725572,0.088648765345008216546885278359725572
0.0710448817539081,0.07104488175390812952878268535047469,0.071044881753908129528782685350480853
0.114685481364764,0.11468548136476435134338250856581916,0.11468548136476435134338250856581916
0.278872457994348,0.27887245799434843799038792809132803,0.27887245799434843799038792809132803
0.278956251798434,0.27895625179843395896120132532343769,0.27895625179843395896120132532343769
0.341712565505517,0.3417125655055167203534589331750496,0.3417125655055167203534589331750496
0.0937941315022286,0.093794131502228633831627416474574555,0.093794131502228633831627416474574555
0.027692556722486,0.027692556722486019652834693365115549,0.02769255672248601965283469336511786
0.427730734021617,0.4277307340216174075882837094605063,0.4277307340216174075882837094605063
0.171001599590709,0.1710015995907090857002368914638466,0.1710015995907090857002368914638466
0.0910508703572549,0.091050870357254880940185029759854279,0.091050870357254880940185029759854279
0.133025752011206,0.13302575201120579223753032239729876,0.13302575201120579223753032239729876
0.672178007042356,0.67217800704235564941462004497967201,0.67217800704235564941462004497967201
0.169932303927892,0.16993230392789198248798432339245758,0.16993230392789198248798432339245758
0.380234978612358,0.38023497861235817044470786813278068,0.3802349786123581704447078681327437
0.222876191316779,0.22287619131677856514412630577047654,0.22287619131677856514412630577047654
0.79907768854631,0.79907768854630956298995249914232826,0.79907768854630956298995249914234059
0.0778710181569904,0.07787101815699037848347154713992276,0.07787101815699037848347154713992276
0.312611341148576,0.3126113411485761259332916812888593,0.3126113411485761259332916812888593
0.207304700037485,0.20730470003748472767349554505372075,0.20730470003748472767349554505372075
0.363430905561909,0.36343090556190875404655946209798069,0.36343090556190875404655946209798069
0.040698184874729,0.040698184874729022494729470223064164,0.040698184874729022494729470223064164
0.6516860257264,0.65168602572640007113376837773830055,0.65168602572640007113376837773830055
0.0806357437092548,0.080635743709254819364843314164370579,0.080635743709254819364843314164370579
0.254245240914748,0.25424524091474821357731329034430628,0.25424524091474821357731329034430628
0.569703653560804,0.56970365356080426969012634933683938,0.56970365356080426969012634933683938
0.199481111403725,0.19948111140372462284571432007157304,0.19948111140372462284571432007157304
0.360044932776304,0.36004493277630408475612335612133486,0.36004493277630408475612335612133486
0.21833571022668,0.21833571022668038430592124008475079,0.21833571022668038430592124008475079
0.302992281842812,0.30299228184281159269565381606124513,0.30299228184281159269565381606123281
0.30485777704977,0.30485777704976985177834925396546126,0.30485777704976985177834925396546126
0.133123311828997,0.13312331182899721788991602933496524,0.13312331182899721788991602933496524
0.540855461436982,0.54085546143698239783520118137154759,0.54085546143698239783520118137154759
0.201502633414076,0.20150263341407591243680101210374441,0.20150263341407591243680101210373825
0.0498747605360217,0.049874760536021708471077314150367361,0.049874760536021708471077314150366591
0.227200745803474,0.22720074580347373603782770892770159,0.22720074580347373603782770892768927
0.381432385936867,0.38143238593686663195805777603551038,0.38143238593686663195805777603551038
0.293219065344665,0.29321906534466501187765695662882545,0.29321906534466501187765695662882545
0.287809593540174,0.2878095935401740862524433084311999,0.2878095935401740862524433084311999
0.672406274875297,0.67240627487529671779531117736035819,0.67240627487529671779531117736035819
0.415334446682665,0.4153344466826651347067126089203074,0.41533444668266513470671260892029507
0.751426747292707,0.75142674729270696342144655080838739,0.75142674729270696342144655080837507
0.554001714268159,0.5540017142681588176888491805657745,0.5540017142681588176888491805657745
0.318110371933037,0.31811037193303693879687813031706458,0.31811037193303693879687813031706458
0.285737197487476,0.28573719748747639348850428951058652,0.28573719748747639348850428951058652
0.235805696954682,0.23580569695468199388449620936756679,0.23580569695468199388449620936756679
0.101752549954806,0.10175254995480554155573426465484313,0.10175254995480554155573426465484313
0.129185527598434,0.12918552759843401857182702770547314,0.12918552759843401857182702770547314
0.0736044271946812,0.073604427194681217807634319981314401,0.073604427194681217807634319981314401
0.154632223841638,0.15463222384163771297185350477468978,0.15463222384163771297185350477468978
0.142318495305688,0.14231849530568762538014607702528805,0.14231849530568762538014607702528805
0.137475302709255,0.13747530270925452558276560984508161,0.13747530270925452558276560984508161
0.501201391745533,0.50120139174553252213761133292607044,0.50120139174553252213761133292605812
0.131146226691191,0.13114622669119133156350957673005819,0.13114622669119133156350957673005203
0.56765293787164,0.56765293787164027355313539075797062,0.56765293787164027355313539075797062
0.277322152492186,0.27732215249218602448455881621059138,0.27732215249218602448455881621059138
0.205580073161127,0.20558007316112663266362703253438915,0.20558007316112663266362703253438915
0.439502892228862,0.43950289222886172531579208735659943,0.43950289222886172531579208735659943
0.0444682735639964,0.044468273563996356026059114984747314,0.044468273563996356026059114984747314
0.731770224366655,0.73177022436665524540436120444848705,0.73177022436665524540436120444848705
0.391401201437394,0.39140120143739415404848750205085363,0.39140120143739415404848750205085363
0.221560570903951,0.2215605709039505052605173870748107,0.2215605709039505052605173870748107
0.551996407518702,0.55199640751870197227309634486048766,0.55199640751870197227309634486047533
0.110211142768192,0.11021114276819181776760063438595255,0.11021114276819181776760063438595255
0.202193842907379,0.20219384290737940149481302587333692,0.20219384290737940149481302587333075
0.352141947229767,0.35214194722976715368989050027381393,0.35214194722976715368989050027381393
0.323798887675958,0.32379888767595851571662349651710137,0.32379888767595851571662349651710137
0.0455079111923024,0.045507911192302392021838650749009884,0.045507911192302392021838650749009884
0.383733119529511,0.38373311952951106232351519034423056,0.38373311952951106232351519034423056
0.324594512944971,0.32459451294497110251035722994408743,0.32459451294497110251035722994408743
0.333737672787314,0.33373767278731386980945155439432517,0.33373767278731386980945155439432517
0.345062025913732,0.34506202591373156589075916467761161,0.34506202591373156589075916467761161
0.164353275905567,0.16435327590556662323280685737947448,0.16435327590556662323280685737946832
0.0771769984168717,0.0771769984168716535245837652534237,0.077176998416871653524583765253426782
0.10908874503301,0.10908874503300952215209035266074641,0.10908874503300952215209035266074641
0.131048732095846,0.13104873209584607994392600977695054,0.13104873209584607994392600977696286
0.355926833645161,0.35592683364516147517346083572005873,0.35592683364516147517346083572005873
0.344440727773995,0.34444072777399525358855854544583165,0.34444072777399525358855854544583165
0.153543217674478,0.15354321767447776002075754300615614,0.15354321767447776002075754300615614
0.246158682656678,0.24615868265667766719989922805194943,0.24615868265667766719989922805194943
0.204870901081246,0.2048709010812460544254826829025556,0.2048709010812460544254826829025556
0.0943494314976895,0.094349431497689541250670971599143549,0.094349431497689541250670971599143549
0.772062958850336,0.77206295885033626565708939297506776,0.77206295885033626565708939297506776
0.0738797114072315,0.073879711407231468603287624641331102,0.073879711407231468603287624641331102
0.493776251265239,0.49377625126523919651835681305851719,0.49377625126523919651835681305852952
0.154204437313908,0.15420443731390755515032512417723133,0.15420443731390755515032512417723133
0.419861297832688,0.41986129783268791559620198340176349,0.41986129783268791559620198340176349
0.296769843347057,0.29676984334705683058288261518040239,0.29676984334705683058288261518040239
0.057455787063376,0.057455787063375975090367268005689854,0.057455787063375975090367268005696017
0.327429696007336,0.32742969600733593743860698573317855,0.32742969600733593743860698573317855
0.0990029077387914,0.099002907738791356624229357950280869,0.099002907738791356624229357950280869
0.24909329779272,0.24909329779272040350631860516147598,0.24909329779272040350631860516147598
0.350106159727735,0.35010615972773475235047084159006118,0.35010615972773475235047084159006118
0.0415702946316754,0.041570294631675374225217598043695846,0.041570294631675374225217598043695846
0.127982822316621,0.12798282231662099760715215832867966,0.12798282231662099760715215832867966
0.231750428663586,0.23175042866358639793056956656747477,0.23175042866358639793056956656747477
0.724930020037456,0.72493002003745597446214406894774772,0.7249300200374559744621440689477354
0.810259495121619,0.81025949512161866606391738600065304,0.81025949512161866606391738600065304
0.166082137148289,0.16608213714828923722024246290465938,0.16608213714828923722024246290465938
0.517325433059021,0.51732543305902066527002611210236682,0.51732543305902066527002611210236682
0.345412699691418,0.34541269969141766557175595745331016,0.34541269969141766557175595745331016
0.0758075650560046,0.075807565056004579224236524289944489,0.075807565056004579224236524289944489
0.819510135229376,0.81951013522937575170541885069015705,0.81951013522937575170541885069015705
0.0889435806067018,0.088943580606701843109199150812874387,0.088943580606701843109199150812874387
0.843451536465097,0.84345153646509741345681754406030744,0.84345153646509741345681754406030744
0.106349591493605,0.10634959149360545010726572832875348,0.10634959149360545010726572832875348
0.685819762539529,0.68581976253952889679310433918453382,0.68581976253952889679310433918448451
0.0378696116947908,0.037869611694790774544129864617164252,0.037869611694790774544129864617165793
0.690788242453,0.69078824245299997169041215547495639,0.69078824245299997169041215547494406
0.411306229014608,0.41130622901460766561533443591765993,0.41130622901460766561533443591767226
0.856983637009161,0.85698363700916113028694056244472712,0.85698363700916113028694056244475177
0.262586523456217,0.26258652345621697900181938761552631,0.26258652345621697900181938761552631
0.461265043728903,0.46126504372890327477119090483101524,0.46126504372890327477119090483101524
0.434916906269048,0.43491690626904756359363383084243897,0.43491690626904756359363383084246362
0.0784209500334825,0.078420950033482491483112595499352642,0.078420950033482491483112595499352642
0.229422272308007,0.2294222723080067958985107274342881,0.2294222723080067958985107274342881
0.198044662604875,0.19804466260487460628007568818409551,0.19804466260487460628007568818409551
0.351511212207202,0.35151121220720212150237560069399286,0.35151121220720212150237560069400518
0.217170454569054,0.21717045456905433501361719112317033,0.21717045456905433501361719112314568
0.0439948086629105,0.043994808662910496912998745759150326,0.043994808662910496912998745759151866
0.898979330745721,0.89897933074572086232198378388167793,0.89897933074572086232198378388167793
0.37603025635926,0.37603025635926043072146223432535157,0.37603025635926043072146223432535157
0.197363140924681,0.1973631409246805099926737088514935,0.1973631409246805099926737088514935
0.251412073022983,0.25141207302298334183226517099459668,0.25141207302298334183226517099459668
0.243224256814244,0.24322425681424383364829301709896776,0.24322425681424383364829301709896776
0.199434836353739,0.19943483635373936324460515903960208,0.19943483635373936324460515903960208
0.090401200386832,0.090401200386831956405654193726077571,0.090401200386831956405654193726077571
0.27944559206239,0.2794455920623895047698858597087049,0.2794455920623895047698858597087049
0.127051606192364,0.12705160619236389797945148980806168,0.12705160619236389797945148980806168
0.110298230921148,0.11029823092114825238840909241752568,0.11029823092114825238840909241752568
0.202879585093462,0.20287958509346173853543630362044428,0.20287958509346173853543630362044428
0.210715800815285,0.21071580081528486315794346148400265,0.21071580081528486315794346148400265
0.111589511783227,0.11158951178322669101064865449861023,0.11158951178322669101064865449861023
0.387653124192315,0.38765312419231467961430734115050229,0.38765312419231467961430734115050229
0.613971085220934,0.61397108522093380671374736692135639,0.61397108522093380671374736692138104
0.0554548680799923,0.055454868079992314580299896325782804,0.055454868079992314580299896325782804
0.415341911001439,0.41534191100143899458516666417421299,0.41534191100143899458516666417420066
0.0916864260468428,0.091686426046842805337651350738169656,0.091686426046842805337651350738169656
0.336128484164333,0.33612848416433309030908169671827923,0.33612848416433309030908169671827923
0.422246057327171,0.4222460573271705636456034911715205,0.42224605732717056364560349117149585
0.647119837542348,0.64711983754234812846657471121260417,0.64711983754234812846657471121260417
0.324004678748703,0.32400467874870279432684170191066994,0.32400467874870279432684170191064529
0.124254642728825,0.12425464272882492248658141556286759,0.12425464272882492248658141556286759
0.115278710531793,0.11527871053179316049124765946743879,0.11527871053179316049124765946745112
0.390366101321191,0.39036610132119054964576486736709762,0.39036610132119054964576486736709762
0.804810088075121,0.80481008807512148331839574362089193,0.80481008807512148331839574362089193
0.441649526380389,0.44164952638038891911271011672258341,0.44164952638038891911271011672258341
0.848575260657628,0.84857526065762751022614092842818691,0.84857526065762751022614092842818691
0.590446564430604,0.59044656443060424949584672499130897,0.59044656443060424949584672499130897
0.199920274514835,0.19992027451483468220707116382567212,0.19992027451483468220707116382567212
0.40649154537012,0.40649154537012023786174367738518446,0.40649154537012023786174367738518446
0.747363184475382,0.74736318447538186568316575868337194,0.74736318447538186568316575868339659
0.330662707717825,0.33066270771782456701090105751445179,0.33066270771782456701090105751445179
0.0871960817757643,0.087196081775764330694591894329928071,0.087196081775764330694591894329928071
0.336016790763774,0.33601679076377392686492286845728586,0.33601679076377392686492286845728586
0.397338391859726,0.3973383918597258783529129497188449,0.3973383918597258783529129497188449
0.184417882521129,0.18441788252112867046877019572698559,0.18441788252112867046877019572698559
0.271970088779049,0.271970088779048657267298137472288,0.271970088779048657267298137472288
0.414597659319491,0.41459765931949072225696376426611691,0.41459765931949072225696376426611691
0.813139815831253,0.81313981583125308343316138147550799,0.81313981583125308343316138147550799
0.050194726056991,0.050194726056991001311204619669370513,0.050194726056991001311204619669370513
0.249715124070835,0.24971512407083540929860153065326389,0.24971512407083540929860153065326389
0.181477309012345,0.18147730901234546615561248851062228,0.18147730901234546615561248851062228
0.17348547531547,0.17348547531547010137203096161677293,0.17348547531547010137203096161677293
0.209961262701845,0.20996126270184504239536601889100962,0.20996126270184504239536601889100962
0.118856582784734,0.1188565827847341225670327253703033,0.1188565827847341225670327253703033
0.0920918025827508,0.092091802582750816619122109024576283,0.092091802582750816619122109024576283
0.50285938362371,0.5028593836237097351553507294879929,0.50285938362370973515535072948798057
0.344885392752091,0.34488539275209121817192731114615599,0.34488539275209121817192731114613134
0.0922339005393516,0.092233900539351581993897409511168379,0.092233900539351581993897409511168379
0.157865097408249,0.1578650974082494885808734621361553,0.1578650974082494885808734621361553
0.205215460164356,0.20521546016435552738691145828225942,0.20521546016435552738691145828225942
0.351668712250028,0.35166871225002770369299641582020155,0.35166871225002770369299641582020155
0.189510306459349,0.18951030645934923165799925170374254,0.18951030645934923165799925170374254
0.456689948317206,0.45668994831720651334475099607412837,0.45668994831720651334475099607412837
0.0840572685540781,0.084057268554078063888728376640932175,0.084057268554078063888728376640932175
0.575860426523034,0.57586042652303374980300726298575049,0.57586042652303374980300726298575049
0.165094875157046,0.1650948751570463368688575322855296,0.16509487515704633686885753228552651
0.255824501809349,0.25582450180934889616520464868711979,0.25582450180934889616520464868711979
0.216361672020942,0.21636167202094243163920019523301726,0.21636167202094243163920019523301726
0.329611121396657,0.32961112139665654149411926964399208,0.32961112139665654149411926964399208
0.112604821560994,0.11260482156099429938747147713079339,0.11260482156099429938747147713079339
0.508977638125888,0.50897763812588838487060225305178469,0.50897763812588838487060225305178469
0.123656420725044,0.12365642072504396257373421489261031,0.12365642072504396257373421489261648
0.0478983381476404,0.047898338147640408972344774135178848,0.047898338147640408972344774135181929
0.177293036903527,0.1772930369035265232336737752055369,0.17729303690352652323367377520552457
0.264591684515349,0.26459168451534867643485411740140789,0.26459168451534867643485411740140789
0.0916764885482864,0.091676488548286441872827229042255544,0.091676488548286441872827229042254003
0.0803453715477568,0.080345371547756796639749431160824957,0.080345371547756796639749431160824957
0.483038765948443,0.48303876594844306331209830578174744,0.48303876594844306331209830578174744
0.316619702873759,0.3166197028737593515859510768871738,0.31661970287375935158595107688716147
0.336510909627706,0.33651090962770612094935365578232016,0.33651090962770612094935365578232016
0.360435944943204,0.36043594494320351354283008178504963,0.36043594494320351354283008178504963
0.200671844249511,0.20067184424951080213841383589179648,0.20067184424951080213841383589179648
0.391470306208034,0.39147030620803408443508339852144016,0.39147030620803408443508339852144016
0.117957948210766,0.11795794821076627414195210834992292,0.11795794821076627414195210834992292
0.751593534122786,0.75159353412278620836015053417616629,0.75159353412278620836015053417616629
0.0827363026703131,0.082736302670313070827035146844686222,0.082736302670313070827035146844686222
0.140937254241203,0.14093725424120291787016695526852834,0.14093725424120291787016695526853758
0.190277009293627,0.19027700929362676939979508536882918,0.19027700929362676939979508536882918
0.814697625556414,0.81469762555641419303203446989649159,0.81469762555641419303203446989649159
0.175061495433207,0.17506149543320657681282329352531893,0.17506149543320657681282329352530661
0.559614349439519,0.55961434943951891995502892366877478,0.55961434943951891995502892366877478
0.345210742932977,0.34521074293297709801096946467618765,0.34521074293297709801096946467619998
0.041617863974902,0.041617863974901958672571362854213731,0.041617863974901958672571362854216812
0.102218876955145,0.10221887695514530050629002947250218,0.10221887695514530050629002947249602
0.525093703273167,0.52509370327316690831367131260194067,0.52509370327316690831367131260194067
0.133452169548398,0.13345216954839805747701446751487984,0.133452169548398057477014467514886
0.0374619408015594,0.0374619408015593501002659356861043,0.037461940801559350100265935686105841
0.152889935598345,0.15288993559834512831226453025396587,0.15288993559834512831226453025395355
0.066161444157051,0.066161444157051004980519071620293108,0.066161444157051004980519071620293108
0.0724085699442868,0.072408569944286852111162611656732698,0.072408569944286852111162611656732698
0.121729646368963,0.12172964636896332294002362314260456,0.12172964636896332294002362314260456
0.43966119716359,0.43966119716359046105654971849283228,0.43966119716359046105654971849286925
0.451333497536553,0.45133349753655254370642000500550747,0.45133349753655254370642000500550747
0.495362355076101,0.49536235507610098614905195637428717,0.49536235507610098614905195637423786
0.388011232456532,0.38801123245653206614327249721378909,0.38801123245653206614327249721378909
0.152789778739965,0.15278977873996524807026821397702231,0.15278977873996524807026821397702231
0.0763011057571612,0.076301105757161195405189120065843095,0.076301105757161195405189120065841554
0.34757632450398,0.34757632450398037853782937847711174,0.34757632450398037853782937847711174
0.234623821701641,0.23462382170164116497699192906238255,0.23462382170164116497699192906238255
0.666742129037075,0.66674212903707479624281538068297095,0.66674212903707479624281538068297095
0.507498232062277,0.50749823206227728139181027904735932,0.50749823206227728139181027904731002
0.358547718022862,0.35854771802286244320777654263413488,0.35854771802286244320777654263413488
0.54459659972267,0.54459659972266959621506449086221278,0.54459659972266959621506449086221278
0.0625025196755128,0.062502519675512784486088972164118795,0.062502519675512784486088972164118795
0.0473912299712286,0.047391229971228622266399968349766326,0.047391229971228622266399968349766326
0.284498178863145,0.28449817886314462598318286331898603,0.28449817886314462598318286331901068
0.71717043763405,0.7171704376340502801056456336614505,0.7171704376340502801056456336614505
0.112963000223918,0.11296300022391788695860238893645037,0.11296300022391788695860238893645037
0.756687329106013,0.75668732910601335206828949872992201,0.75668732910601335206828949872992201
0.0738757929884721,0.073875792988472057474636696000268684,0.073875792988472057474636696000268684
0.342182496343332,0.34218249634333218320852834197777039,0.34218249634333218320852834197777039
0.265946928976258,0.2659469289762582063408753567902863,0.2659469289762582063408753567902863
0.108858862880869,0.10885886288086855669216036145696156,0.1088588628808685566921603614569631
0.106157426561194,0.10615742656119398378420691800049635,0.10615742656119398378420691800049635
0.0988622487080492,0.098862248708049236288498306913268292,0.098862248708049236288498306913268292
0.281527276780376,0.28152727678037622848331688943585321,0.28152727678037622848331688943584705
0.101396527877181,0.10139652787718129186146816771165426,0.10139652787718129186146816771165426
0.0892464472504349,0.089246447250434929917502894063106943,0.089246447250434929917502894063108483
0.12015083333489,0.12015083333488956668429482797651943,0.12015083333488956668429482797651943
0.560050344473549,0.56005034447354890239868657364037158,0.56005034447354890239868657364037158
0.170687240564889,0.17068724056488850199641302542103696,0.17068724056488850199641302542103696
0.0482748253314044,0.048274825331404446601954193084253122,0.048274825331404446601954193084253122
0.468479955165154,0.46847995516515361958601393595079549,0.46847995516515361958601393595079549
0.29862382147431,0.29862382147431026780787912684665465,0.29862382147431026780787912684665465
0.405212889515786,0.40521288951578558586400244408532249,0.40521288951578558586400244408533482
0.18259674062668,0.18259674062668026574148637838568654,0.18259674062668026574148637838568654
0.279629387040088,0.2796293870400880970489673737886569,0.27962938704008809704896737378865073
0.136061286854077,0.13606128685407688626443281697591516,0.13606128685407688626443281697591516
0.213492223000466,0.21349222300046588210169603863004648,0.21349222300046588210169603863004648
0.133462901551994,0.13346290155199437371843637870723821,0.13346290155199437371843637870723821
0.169304021246216,0.16930402124621597296016089433062502,0.16930402124621597296016089433063118
0.105548036539725,0.10554803653972536351631483598870971,0.10554803653972536351631483598871279
0.349839441011661,0.34983944101166076976148112251133477,0.34983944101166076976148112251133477
0.690227648035612,0.69022764803561173000735466562265606,0.69022764803561173000735466562265606
0.118491887114591,0.11849188711459143095071069565522844,0.11849188711459143095071069565522844
0.32562472319741,0.3256247231974100944534206185223405,0.3256247231974100944534206185223405
0.165739767723602,0.16573976772360175006127245031850348,0.16573976772360175006127245031850348
0.132273484487218,0.13227348448721778285891089864865683,0.13227348448721778285891089864866299
0.11915814218947,0.11915814218946968818773689242395569,0.11915814218946968818773689242395569
0.0647149333747821,0.064714933374782071387824582880155144,0.064714933374782071387824582880155144
0.226597343402562,0.22659734340256228585974334624224421,0.22659734340256228585974334624224421
0.0833830702627193,0.083383070262719322860167939297329032,0.083383070262719322860167939297329032
0.376774585387105,0.3767745853871050278758218240000779,0.3767745853871050278758218240000779
0.356595491270506,0.35659549127050569390037992837978172,0.35659549127050569390037992837973242
0.334392229573372,0.33439222957337237860484877745075128,0.33439222957337237860484877745075128
0.680478908585095,0.68047890858509479994691340653453519,0.68047890858509479994691340653454751
0.36815864916892,0.36815864916892022239547048357117811,0.36815864916892022239547048357120276
0.0777668276484836,0.077766827648483622320344919505667763,0.077766827648483622320344919505667763
0.849235063292471,0.8492350632924710484074988098918416,0.84923506329247104840749880989181695
0.4778258161263,0.47782581612629957766489334119040943,0.4778258161262995776648933411903971
0.307356383011879,0.30735638301187928716057324932443836,0.30735638301187928716057324932445069
0.212960731316395,0.21296073131639450537165634838527743,0.21296073131639450537165634838527743
0.550446766042269,0.55044676604226955075440703655929256,0.55044676604226955075440703655932954
0.178801001677573,0.17880100167757312696114665120450983,0.17880100167757312696114665120450983
0.841840123269909,0.84184012326990855201786406363582757,0.84184012326990855201786406363582757
0.543782777569711,0.5437827775697108071615527876666804,0.5437827775697108071615527876666804
0.117324500002438,0.11732450000243784135558517132744178,0.11732450000243784135558517132744178
0.222694029555057,0.22269402955505696446056924891495951,0.22269402955505696446056924891495951
0.177238990069244,0.17723899006924439228432381502461899,0.17723899006924439228432381502461899
0.226436813936622,0.22643681393662226989153138435677486,0.22643681393662226989153138435677486
0.201884366641728,0.20188436664172795575292716825647189,0.20188436664172795575292716825649038
0.476682108654159,0.47668210865415864414702175852506046,0.47668210865415864414702175852506046
0.0354948860744465,0.035494886074446524702038539529428796,0.035494886074446524702038539529428796
0.670058509813184,0.67005850981318451124510738052561205,0.67005850981318451124510738052561205
0.225028394958437,0.22502839495843677704966862253367491,0.22502839495843677704966862253367491
0.854069918609445,0.85406991860944496559230654334236226,0.85406991860944496559230654334236226
0.646608820153093,0.64660882015309280050151541469032708,0.6466088201530928005015154146902901
0.558878971661526,0.55887897166152603982144422116334894,0.5588789716615260398214442211633736
0.655644207004554,0.65564420700455359586565811839304721,0.65564420700455359586565811839304721
0.100996853833001,0.10099685383300108597517989824351233,0.10099685383300108597517989824351233
0.124561551116645,0.12456155111664489735616063544177267,0.12456155111664489735616063544177267
0.188719617797078,0.18871961779707787044898845723620891,0.18871961779707787044898845723620891
0.235225352755773,0.23522535275577328892829173137888164,0.23522535275577328892829173137888164
0.363914203934178,0.36391420393417758867048718974378584,0.36391420393417758867048718974378584
0.579851622932522,0.5798516229325222099102681251971181,0.5798516229325222099102681251971181
0.666606220769537,0.66660622076953720271837107711920774,0.66660622076953720271837107711920774
0.770491633521175,0.7704916335211750972654692908432357,0.7704916335211750972654692908432357
0.0530134936618208,0.053013493661820781310819116369174887,0.053013493661820781310819116369174887
0.118354884360803,0.11835488436080252324327014786959707,0.11835488436080252324327014786959707
0.0983333524148458,0.098333352414845762486292106450517447,0.098333352414845762486292106450517447
0.706586993015293,0.70658699301529275232556654997814213,0.70658699301529275232556654997814213
0.0409688152494314,0.040968815249431398347120808923164733,0.040968815249431398347120808923161652
0.175722314799478,0.17572231479947776669616300230945013,0.17572231479947776669616300230946245
0.437338494735226,0.43733849473522589894057698705960773,0.43733849473522589894057698705955843
0.0557880037626415,0.055788003762641500768758536083945622,0.055788003762641500768758536083945622
0.19056642062576,0.19056642062575972270837296122226701,0.19056642062575972270837296122226701
0.103616316771834,0.1036163167718340265057205445964345,0.1036163167718340265057205445964345
0.11746805114038,0.11746805114038013278510869030959653,0.11746805114038013278510869030959653
0.332806651672362,0.33280665167236155108525112583594414,0.33280665167236155108525112583594414
0.318385841417336,0.31838584141733562340680662248849566,0.31838584141733562340680662248849566
0.629904167789497,0.62990416778949724565371384503641167,0.62990416778949724565371384503641167
0.351632755431543,0.35163275543154340841403767328813684,0.35163275543154340841403767328813684
0.172766106122083,0.17276610612208308890684800787429684,0.17276610612208308890684800787429684
0.257586000785155,0.25758600078515454249209241839685426,0.25758600078515454249209241839685426
0.446441447490083,0.4464414474900833770231419636753026,0.4464414474900833770231419636753026
0.307989404784473,0.30798940478447298870379327915873223,0.30798940478447298870379327915875688
0.124617123510228,0.1246171235102278503983243826341437,0.1246171235102278503983243826341437
0.180318225954942,0.18031822595494213177371909040241199,0.18031822595494213177371909040241199
0.0631946171567619,0.063194617156761933246945391211825499,0.063194617156761933246945391211825499
0.249071117029183,0.24907111702918266867857721342896537,0.24907111702918266867857721342895305
0.411520776403244,0.41152077640324443676761064125527503,0.41152077640324443676761064125527503
0.591795293202443,0.59179529320244312383360878280058275,0.5917952932024431238336087828005581
0.160950047950029,0.16095004795002912793995770189211994,0.16095004795002912793995770189211994
0.41654891562574,0.41654891562574015645347693105558785,0.41654891562574015645347693105557552
0.179321358730836,0.17932135873083586800283664089096143,0.17932135873083586800283664089096143
0.6831226810052,0.68312268100519985088193102024719828,0.68312268100519985088193102024722293
0.186017594580984,0.18601759458098401095315411273845979,0.18601759458098401095315411273845979
0.0619218810957007,0.061921881095700652659185188573691455,0.061921881095700652659185188573691455
0.296382673355872,0.29638267335587241628561938654759492,0.29638267335587241628561938654759492
0.442558084422046,0.44255808442204561204165451520629469,0.44255808442204561204165451520629469
0.267033735836975,0.26703373583697452825468404026198699,0.26703373583697452825468404026198699
0.483939587208934,0.48393958720893392755665290800815062,0.48393958720893392755665290800817527
0.356192370668892,0.35619237066889150888243499954975641,0.35619237066889150888243499954975641
0.214115444597037,0.21411544459703659120897069901973232,0.21411544459703659120897069901972924
0.372823298774143,0.37282329877414291249626430487498785,0.37282329877414291249626430487500017
0.0966881596064564,0.096688159606456349300130263724023773,0.096688159606456349300130263724023773
0.0926969720463201,0.09269697204632011923930528040586976,0.09269697204632011923930528040586976
0.042713714514532,0.042713714514531983706814732306912194,0.042713714514531983706814732306912194
