impartire cu precizie fp64,impartire cu precizie double2,impartire cu precizie fp128
4.14056913370433,4.1405691337043301958253808148273505,4.1405691337043299282363759487609922
0.160920538947247,0.16092053894724683507113823797178663,0.16092053894724684168757548032820043
0.602563539643802,0.60256353964380250682387699273131718,0.60256353964380248758934187020775245
0.553739986829361,0.55373998682936096488263243769518659,0.55373998682936100740234709122692074
1.82285081930207,1.8228508193020688427064064933210141,1.822850819302069010823085294615427
7.2766405705224,7.2766405705223997722511263268970805,7.2766405705223993256698674557612043
0.789662518956767,0.78966251895676730538997681436471666,0.78966251895676731857787153272779615
1.24409788522892,1.2440978852289208318142684071748382,1.2440978852289207406510897096088102
1.52662646415123,1.5266264641512263656111416733258613,1.5266264641512263965992088830896422
5.88512283227171,5.8851228322717157397135569939018947,5.8851228322717150296034820226328224
0.880432245976631,0.88043224597663109175344031076691912,0.88043224597663102028049964597867905
0.592401154265761,0.5924011542657610380769884893229848,0.59240115426576098123112466900827082
0.254742864275393,0.25474286427539312818717274453205874,0.25474286427539313849700711606123224
0.506257308062033,0.50625730806203309637285926968083773,0.50625730806203302829655242291287559
1.49084664337796,1.4908466433779549891122387271702555,1.4908466433779550659513843492509524
1.11918273742229,1.1191827374222944672489749998455303,1.1191827374222945925322485556974256
0.923225086099537,0.92322508609953640570814248770413992,0.92322508609953651978593635737256462
0.923552252525862,0.92355225252586190413859960929585288,0.92355225252586195090833050241599019
1.41551257619565,1.4155125761956455616440434370463964,1.4155125761956454826518966454738474
4.31647730778471,4.3164773077847140472418595982433474,4.3164773077847140667439907610698434
0.710847331633241,0.71084733163324143755614296966752264,0.71084733163324142336323892235003223
1.35951433593541,1.3595143359354119038109684326508157,1.3595143359354117095445400097555419
0.701990341115504,0.70199034111550349059839083013375363,0.70199034111550353607399609797849054
1.30176015637066,1.301760156370662030253049084497189,1.3017601563706619751480621234052444
0.785425487503617,0.78542548750361670013904082918517531,0.78542548750361675535978809032806608
0.143094832164559,0.14309483216455886255476501648995679,0.14309483216455885778391888694455204
1.20599631700167,1.2059963170016713605890748993657817,1.2059963170016714896461104246157906
0.213987491469005,0.21398749146900481100596373680984102,0.2139874914690048065135601671892561
1.74388579237996,1.7438857923799616697499602804356848,1.7438857923799618790519473197007897
4.8290603051064,4.8290603051064019994892822460220935,4.8290603051064012147780141795104646
0.786799299061017,0.78679929906101656023616433184683357,0.78679929906101668005100307658534289
0.864972584858229,0.86497258485822856535097766505439381,0.86497258485822861082791437615289747
0.250005598581646,0.25000559858164638493625188912064881,0.25000559858164640159097034429632931
1.33115348941019,1.3311534894101923715488463349013514,1.331153489410192434734681388379426
1.02302030239707,1.0230203023970744797109387413707477,1.0230203023970745851047172059428689
1.1601402033236,1.1601402033235991510954804417754108,1.1601402033235991583932927977299251
1.97465180131481,1.9746518013148063505936654672562318,1.974651801314806535383274184043976
0.191941822804195,0.19194182280419467379583913683216188,0.19194182280419466068455342607724225
1.08432439576466,1.0843243957646599418328548101978582,1.0843243957646599086773068380129258
0.643966676081954,0.6439666760819541151514742575733344,0.64396667608195405750774907479616745
1.62991893709961,1.6299189370996143384136698191783583,1.6299189370996143193874164093953358
0.64336321966183,0.64336321966182965058749534250058515,0.64336321966182961508024771433736892
0.8805385516555,0.88053855165549955315170997192565461,0.88053855165549953924866962342109412
0.221578832522143,0.22157883252214279728086357550176876,0.22157883252214280003483257573205168
0.525946736401984,0.52594673640198431582679144741863065,0.52594673640198429412531627929408021
0.332503794038923,0.33250379403892351057023743375979125,0.33250379403892347887918903982423475
0.643391560287755,0.64339156028775488849679242705346489,0.64339156028775492046146644568184802
2.48700935289468,2.4870093528946775460313752995917126,2.4870093528946777938442484619215839
0.921692375972941,0.92169237597294092208125567304627702,0.92169237597294094927653778589545846
4.15433626012838,4.1543362601283790174515161045657386,4.1543362601283791586089137278666858
2.38470915989805,2.3847091598980490704030416243322739,2.3847091598980492359854483942246779
1.40848071717046,1.4084807171704615509079255452470554,1.4084807171704616040598193198102893
1.59313429922495,1.5931342992249467460767548138516118,1.5931342992249465436682293645992063
1.07085335284462,1.0708533528446173766964217139491481,1.0708533528446173365226717504822038
1.45394715938458,1.4539471593845804717676873758638468,1.4539471593845806116236383301518508
5.49187371822342,5.4918737182234174567107998363683665,5.4918737182234178093998111371872128
0.975977834590861,0.97597783459086057933723109339315925,0.9759778345908606741428463003672814
0.540805541544173,0.54080554154417278107358834411926832,0.54080554154417285621947120936609483
0.457918113266303,0.4579181132663026468209754101772727,0.45791811326630267738107667818978832
0.490372367175122,0.49037236717512160954586389774100168,0.4903723671751216206572840616596716
0.86594053023324,0.86594053023324041666684155854223231,0.86594053023324031076466755975298869
0.949770772630394,0.94977077263039412626296788928999673,0.94977077263039411280401216736576933
0.708630064957076,0.70863006495707558263520424632659648,0.70863006495707559617412969557264334
1.26803066269868,1.2680306626986809438989929631505311,1.2680306626986811212048415754536421
0.666981972883873,0.66698197288387316096709009627896216,0.66698197288387318980078935226106177
0.829954878902326,0.82995487890232553640977250655781144,0.82995487890232557281557426573341998
1.02270872955463,1.022708729554633358664691053759027,1.0227087295546332859809949747662066
0.918022763424246,0.91802276342424631507261465591173593,0.91802276342424644426936510720961275
1.35494684659323,1.3549468465932298477968014311752617,1.3549468465932300475755074613718872
0.7108459301447,0.71084593014470027392747587434324033,0.71084593014470035823623852817114506
0.192450737263632,0.19245073726363189148051338597873553,0.19245073726363191114760777011729706
0.263606082008057,0.26360608200805673890186705406032611,0.26360608200805674366563783466025152
0.125521203332107,0.12552120333210663755362649499582182,0.12552120333210665364721133482383403
1.16517199832871,1.1651719983287101060349558501095053,1.1651719983287100964324364504953373
1.07946174698137,1.0794617469813749298401210984269687,1.0794617469813750322538732285790993
0.973673164306012,0.97367316430601181432190170396429252,0.97367316430601179943584046470855645
0.631665665651903,0.6316656656519032755084128889759049,0.63166566565190331730558568820907159
0.860310317472768,0.86031031747276765237245110091456461,0.86031031747276764648177339205582397
0.926402674251666,0.92640267425166618415123391154363831,0.92640267425166626574305358095418669
1.52335002512163,1.5233500251216257745842286842896414,1.5233500251216255563863155804806327
0.352108541727638,0.35210854172763761930257522471556959,0.35210854172763760857419321546721651
1.04642710500908,1.046427105009081447505947520305432,1.0464271050090814051852006255173757
0.894973378728784,0.89497337872878416769734976492723973,0.89497337872878409276582679216853334
0.73584535343821,0.73584535343820967018678721643394275,0.73584535343820962311499263805746566
2.24856181375637,2.2485618137563699653271548607929751,2.2485618137563697865941897167746733
0.839316909843371,0.83931690984337077021413004387953608,0.83931690984337086481028838477711106
4.33748502009475,4.3374850200947479178105697221679185,4.3374850200947483275646971585603705
2.60421181102194,2.6042118110219403630627970022545109,2.6042118110219401371792614168546804
2.58232042582717,2.5823204258271672975864397331241693,2.5823204258271676544724492968890733
1.15765149078267,1.1576514907826720706454926413318403,1.1576514907826720163993849554497494
0.280079393310274,0.28007939331027391736999639135490373,0.28007939331027393760304371142239972
1.24174967242701,1.2417496724270066443688252559611779,1.2417496724270068347692391263542511
1.6335527236957,1.6335527236956982701099103768065573,1.6335527236956984740845701846119061
4.5668019641632,4.5668019641631955595804141473999611,4.5668019641631957926901064916409683
0.867874237514091,0.86787423751409068948425720686561857,0.86787423751409083607477731907504278
0.5689533937953,0.56895339379529963425668549619228082,0.56895339379529963257837087282599447
1.54146180352944,1.5414618035294353746112621723637229,1.5414618035294355319842137007834835
2.15944524179978,2.159445241799781279927557349940055,2.1594452417997814552232545818768088
0.155213048478675,0.15521304847867545270255768604427603,0.15521304847867545276719474737448591
0.459477283326732,0.45947728332673199396744623447996145,0.4594772833267319838758839781559581
0.970769867547054,0.97076986754705415197188290545142003,0.97076986754705422452891593497352505
1.99235713153888,1.9923571315388810310264465158062014,1.9923571315388810775959906380202661
2.33493980382548,2.3349398038254784737751497686650067,2.3349398038254785247794979568760335
1.26270688837386,1.262706888373858936460793513534752,1.2627068883738591424460490186493287
0.859168618053194,0.85916861805319364559408967623325639,0.85916861805319368788446155078397824
0.299694159342891,0.29969415934289126142934827185593005,0.2996941593428913114628028935775254
4.60393546544962,4.6039354654496166471971244187877714,4.6039354654496167867913317575286583
0.345866292738409,0.34586629273840885312372916799219813,0.34586629273840885423575786277936279
0.547695180364216,0.54769518036421571965281343156995666,0.54769518036421571400392424973375337
1.35852820727228,1.3585282072722786328157627682441945,1.3585282072722786306527422024162387
1.91234369729329,1.9123436972932906602123285566473983,1.9123436972932904748462941924092765
3.0251555913131,3.0251555913131028813584423140765764,3.0251555913131026048429005505839729
3.37455595961973,3.3745559596197276329309524300641464,3.3745559596197276709784283155445614
0.395983987623514,0.39598398762351378111838259361351143,0.39598398762351377465569938134618781
1.98136158519119,1.9813615851911910613454233987961239,1.9813615851911909120092327712904648
0.735821720028754,0.73582172002875442492505279840810029,0.7358217200287544864976484048561975
0.716508584892647,0.71650858489264750768705952300277034,0.71650858489264741206119352778132727
1.15181110568461,1.1518111056846101422561117625617274,1.1518111056846100429059093902298008
1.40186370168912,1.4018637016891213218847930829339537,1.4018637016891212193946755698432379
1.88206817697704,1.8820681769770412037364219040547628,1.8820681769770409887935732504182424
3.65004506951224,3.6500450695122438271853628536814262,3.6500450695122439602038380146060946
1.10159332207872,1.1015933220787230329212874393642384,1.1015933220787231851512732253357499
0.79863714766029,0.79863714766029021721317114831377986,0.79863714766029029998583389563522183
1.15962105015896,1.159621050158956538843323773656624,1.1596210501589565745286910036125919
1.74495388864348,1.744953888643477814737688385185718,1.7449538886434779664553124177009539
0.74060453293363,0.7406045329336303883083265154974304,0.74060453293363036629259382059073485
1.45591545696516,1.455915456965155167278877582471755,1.4559154569651550711344350354504454
0.366555711521135,0.36655571152113520846945931090359759,0.36655571152113518521012764857531367
0.460916824680875,0.46091682468087510585330413538033839,0.46091682468087516774535494245353506
2.92305694877842,2.9230569487784213319554869167235938,2.9230569487784216323648802563353284
0.596840431650113,0.59684043165011348463237705774525277,0.59684043165011349892546062969835238
0.33467214862527,0.3346721486252695061004350919998594,0.33467214862526950484567810222270257
1.7457073811712,1.7457073811711958902185100995126461,1.7457073811711957910946618253842377
2.25278088320201,2.25278088320200547505674684248465,2.2527808832020051512178653076703659
1.0431742297678,1.0431742297677977106295531068044161,1.0431742297677976035582996458528966
1.03285373920364,1.0328537392036434894239787377932087,1.0328537392036435379157174009474058
1.16542743855842,1.1654274385584239274899111450269471,1.1654274385584240954322020144116502
2.55627829221094,2.5562782922109420084642916797327242,2.5562782922109418677815373350733527
1.16838635981581,1.1683863598158108024010679818252792,1.1683863598158108951436197950010446
1.25755484713837,1.2575548471383676315711549797760632,1.2575548471383678431449784873785123
0.462933043963044,0.46293304396304374545715357768425049,0.4629330439630436867543121578377684
0.938717559673223,0.93871755967322317560730961766043151,0.93871755967322307056177042333925612
1.95383672954297,1.9538367295429693122907517507362371,1.9538367295429692375710421939923731
0.831493156524663,0.83149315652466267205663303921447798,0.83149315652466275434865632395975387
0.645111632104922,0.64511163210492233150328769081326756,0.64511163210492223545988241856166592
0.692781600790068,0.6927816007900676949778891243707721,0.69278160079006771007796890776870097
1.50175788043519,1.5017578804351893974090450985968675,1.501757880435189461573076429645895
0.178837010213839,0.17883701021383871418903755188429268,0.17883701021383871623358185711631654
1.88585373759389,1.8858537375938936238317033374345637,1.8858537375938934159403437999413534
6.25496974256441,6.2549697425644101560240261994758474,6.254969742564409768828879188048668
5.57521176354561,5.5752117635456102357400996288045928,5.5752117635456102663153347059365081
1.67864064961089,1.6786406496108884731814908609192383,1.678640649610888578641885488711211
1.0962605278191,1.0962605278190994086564523382575915,1.0962605278190992484219669353451858
0.816698720274852,0.81669872027485183921995676064505214,0.81669872027485175499479092104486459
1.00052556915856,1.000525569158556325640825015021194,1.0005255691585564618494344917184824
0.34998986020399,0.34998986020398953080895029154467446,0.34998986020398960309460341614427282
3.16195105700096,3.1619510570009592775626341826509865,3.161951057000959206558144702320524
0.234434412038136,0.23443441203813594920371771930276652,0.23443441203813594585899975701850135
1.22226356320359,1.2222635632035935665514126739078513,1.2222635632035937119936396485348293
3.10052283297772,3.1005228329777225252267980439074439,3.100522832977722626724355049343026
1.7110803848515,1.7110803848514958285565875714839843,1.711080384851496049648424172801015
2.22543161761491,2.2254316176149066633484348133040065,2.225431617614906549558497169586756
1.57736385926681,1.577363859266810217305936679277149,1.5773638592668102223944345281593977
0.31855413719427,0.31855413719427005866770311090104912,0.31855413719427006028105073224113624
2.40115736484011,2.4011573648401137814014764914303847,2.4011573648401135417704717368338555
0.373941599060678,0.37394159906067776198257058683867315,0.37394159906067774603200325611777836
0.711053947467845,0.71105394746784505357543358341705954,0.71105394746784495538856853444679912
1.66563721688244,1.6656372168824387044198635560765059,1.6656372168824387140203009909878362
0.914592257765017,0.91459225776501724211048766609195993,0.91459225776501734054274166975488648
0.297230815501428,0.29723081550142834834477644203985267,0.29723081550142830929396005042110247
0.884450282542492,0.88445028254249245163827797226340907,0.8844502825424924921705988060849883
0.40733895104239,0.40733895104238962577802429516287482,0.40733895104238956722575859819352545
0.73395564405907,0.73395564405906987456226071122940033,0.73395564405906988195774792069431458
1.73514242884418,1.735142428844180383001709135262454,1.7351424288441803193529482702592645
1.04254143300274,1.0425414330027413752833289587522745,1.0425414330027412657744496419806892
1.20698210169053,1.2069821016905324153941710048959471,1.2069821016905323559306975285236889
1.04711417580517,1.0471141758051743454086771909929325,1.0471141758051742475617903162641649
0.580127724134208,0.58012772413420774627804532328840307,0.58012772413420778830702873265150847
0.136969299913612,0.13696929991361245028556985129568972,0.13696929991361245425153421525294644
0.849629090888263,0.84962909088826317414536536606449407,0.84962909088826325878137847095078779
0.134123196531067,0.13412319653106686130626133202216821,0.13412319653106687702157214771376288
1.22097561447808,1.2209756144780823639499546431600509,1.2209756144780823127811229908709001
4.29871233633583,4.2987123363358342834970721848752321,4.298712336335834300321319762906464
2.33387344800652,2.3338734480065226563277315399715398,2.3338734480065226094331341918917652
5.3256608373888,5.3256608373888048492286386485390874,5.3256608373888043116270794248960611
0.775572303426774,0.77557230342677433177839862786191486,0.77557230342677427025393466443796788
1.85123507414843,1.8512350741484294338523383793881056,1.8512350741484292868743935378506938
0.908425113030645,0.9084251130306454464877383466817501,0.90842511303064542737021793838288731
1.33650601496881,1.3365060149688083383862929939159534,1.3365060149688083013489568676828698
0.991436263467709,0.99143626346770911564493702058225058,0.9914362634677092623574588910256445
0.26494776125758,0.26494776125758011570108088801725842,0.26494776125758013979341206993331267
1.45106596689036,1.4510659668903609603217502407115557,1.4510659668903610342121393890121
2.11307306874112,2.1130730687411181557051840064093714,2.1130730687411180645456134806873644
0.689916181324794,0.68991618132479404095151976194619484,0.68991618132479404352848150905766251
2.07638627364378,2.0763862736437751873493467198001253,2.0763862736437748882737836769067723
2.63771716028113,2.6377171602811260728343420277571912,2.6377171602811259601368312933722063
0.379708246422685,0.37970824642268522562329763960868293,0.37970824642268525162487959079911347
0.837690801066876,0.83769080106687605435923830442377185,0.83769080106687610005522267776739955
0.464249410375634,0.46424941037563407572722079579465568,0.46424941037563411779231989341360201
1.25074951753231,1.2507495175323088600913517640056593,1.2507495175323087985263821571365901
0.920591641304147,0.92059164130414680185317123687903925,0.92059164130414686797103528078101853
0.446335376633391,0.44633537663339109004747668428206549,0.4463353766333911389866223718997201
1.3422578533145,1.3422578533144990670031505509551804,1.3422578533144991214179141457851812
0.250957765955955,0.25095776595595497880166336890697901,0.25095776595595494369549141444421925
2.81478412115471,2.8147841211547089263451195209052036,2.8147841211547088429750150182519509
1.02817024276762,1.0281702427676202960322130285622672,1.0281702427676203986734040355226435
1.05832724125752,1.058327241257522043395788017191748,1.0583272412575221012417628005107004
0.726624127012458,0.72662412701245794662686515979005016,0.72662412701245791760850257530108314
0.434866121219029,0.4348661212190286342764860942310428,0.43486612121902861159371158145458855
0.607347946399214,0.6073479463992137288148089862642214,0.60734794639921369796152478259154338
0.566228812001974,0.56622881200197371193004775564660644,0.5662288120019737375791076206438304
0.395056898911271,0.39505689891127058693571874111229758,0.39505689891127062021022988470218978
1.33486221449853,1.3348622144985253173386185891682458,1.3348622144985254406892350005695379
5.3068701734501,5.3068701734501029829566403551754078,5.3068701734501033076135274112423371
1.40096327771197,1.4009632777119719139333377767186534,1.4009632777119717293859244876941393
1.4587647301903,1.4587647301902994058095803418718127,1.4587647301902996098690461869527649
0.199728591257742,0.19972859125774194450085673490111033,0.19972859125774198452903214775577913
0.833028742832438,0.83302874283243755554803351119298186,0.83302874283243754854414169526755964
2.41813973327233,2.4181397332723292626277235751124877,2.4181397332723289716560919703831114
4.78055798853154,4.7805579885315426960251822272893846,4.7805579885315428842867807581442527
0.297471852748537,0.29747185274853707458177028890274533,0.29747185274853701887608407126465999
2.32423191791185,2.3242319179118511641147591486564153,2.324231917911851437201699247428415
4.84507884308517,4.8450788430851730271355424837812623,4.8450788430851727959380832226445712
0.429104293431874,0.42910429343187431433615265866082359,0.4291042934318743648492958504271971
1.02142037358942,1.0214203735894232348465512948126904,1.0214203735894231041362426005986132
0.633184665141126,0.63318466514112622463392631708864341,0.63318466514112628977408825938602605
0.243325456389894,0.24332545638989355541242358687736606,0.24332545638989355723249095196692819
0.770131574694636,0.7701315746946361426212170476542218,0.77013157469463608102262601509166668
1.1829605161014,1.1829605161014002277721190108246624,1.1829605161013999835341406658805431
1.53827947690867,1.5382794769086722748869645108496554,1.5382794769086722040768022233712851
1.45281598610884,1.4528159861088436281487997860865882,1.4528159861088436917771718923715641
0.932469557930165,0.93246955793016463125741189863527671,0.9324695579301646016302813529060898
0.668749372830202,0.66874937283020194503353324017555267,0.66874937283020193548046837471450453
0.869272081844383,0.8692720818443826727471744620584859,0.86927208184438262555627688336012103
1.26215333556695,1.2621533355669464335760271412331187,1.2621533355669464796010782976883383
0.496523951706568,0.49652395170656791406379065772092581,0.49652395170656784334732142345125273
1.37059190610388,1.3705919061038833334352510887924812,1.3705919061038834122369372466550904
0.630120938046247,0.63012093804624653787177811234495472,0.6301209380462466250146206374885134
1.88176923621163,1.8817692362116256500566437514334439,1.8817692362116255853980560298242147
0.911968859681879,0.91196885968187875983163916152284628,0.91196885968187883262954461479944019
0.467156878347685,0.46715687834768552982134754855302907,0.46715687834768544845664488677053257
0.87171317425953,0.87171317425952972593841184808589515,0.87171317425952982164005244689061136
2.93882602693938,2.9388260269393841516861782047427325,2.9388260269393842827722012834628031
0.790378165521139,0.79037816552113906615091018367590259,0.79037816552113901830239065119033861
1.23469589327166,1.2346958932716639123949725690819205,1.2346958932716637812976451168013872
0.449711369196141,0.44971136919614061977733516990550273,0.44971136919614064264328927371540584
2.32613198549354,2.3261319854935428258013353416047131,2.3261319854935430579334997373350932
1.10003741769093,1.1000374176909326212165404491630332,1.1000374176909327023526322385491724
1.00634024341124,1.0063402434112387476947912866553148,1.0063402434112387181410542914573249
8.22555617688554,8.2255561768855406620391451803691083,8.2255561768855410350684773484999265
1.61058824587241,1.6105882458724113995095356295785535,1.610588245872411501132939731076613
0.311035970494305,0.31103597049430543604386137995878447,0.31103597049430544640161076187585643
1.38933796200404,1.3893379620040402721423617111155029,1.3893379620040402278737873059130051
7.228263412997,7.2282634129970039081441777444321968,7.2282634129970037152773889328475728
3.57573053625564,3.5757305362556352332437320680910036,3.5757305362556349339963951254176707
1.03975588069381,1.0397558806938108905886688932626702,1.039755880693810826535212786614875
0.944715071081681,0.94471507108168074943578611619466663,0.94471507108168072071761818169454442
1.85397789846266,1.8539778984626585942393367964772643,1.853977898462658810105131944851197
1.64203405460099,1.6420340546009912473406468353040842,1.6420340546009912342281192396121173
0.807776282125205,0.80777628212520513281596327334825959,0.80777628212520513953471431403470186
1.71438972444956,1.7143897244495624713524134025401877,1.7143897244495625327941130050267248
0.36372717578533,0.36372717578533003536539159538102749,0.36372717578533003844593362375866214
3.27396272821137,3.2739627282113719173270345150019499,3.2739627282113723441040003139999211
2.17565763296753,2.1756576329675281991283528334028429,2.175657632967528090522478335906254
0.934586016477702,0.9345860164777022194307220735533974,0.93458601647770224163243150255243613
1.13009741213386,1.1300974121338558850049262620570363,1.130097412133855759536066026971927
0.430725933795141,0.43072593379514068216982570676079515,0.43072593379514067941650944475370886
1.21400939882746,1.2140093988274616483779124080046794,1.2140093988274615847756552996270543
0.616553348605282,0.61655334860528196887268877515280267,0.61655334860528201563984366759712204
0.990350189079391,0.99035018907939128216367511968526008,0.99035018907939135526407322131165373
0.860369891637211,0.8603698916372110735359507669601555,0.86036989163721115637244505356997807
0.614244079934551,0.61424407993455052099805172897263678,0.61424407993455057188227626770886091
1.84614515421443,1.8461451542144264852147191015371798,1.8461451542144264888172781900668772
1.65883427930717,1.6588342793071712087032188424697282,1.6588342793071714133896443240023672
5.35642434366589,5.3564243436658916513971108949924332,5.3564243436658921527923933567953539
1.2673512727238,1.2673512727237972675292425340655587,1.2673512727237971675170698214872401
0.759152317563856,0.75915231756385633633298041037225678,0.75915231756385637934147834986958415
2.07255198118899,2.072551981188994815899137065727536,2.0725519811889946879077927950021862
0.777955786108749,0.77795578610874932038137420489980928,0.77795578610874939178154929991768271
2.83760400628726,2.8376040062872575253833354835007125,2.8376040062872575106185965233803527
3.69280614112051,3.6928061411205049578924303428532807,3.692806141120505284791166747932141
3.12913587278463,3.1291358727846309974176096445330033,3.1291358727846311481787661455397098
1.22010746330158,1.220107463301581805007745316459818,1.2201074633015818315348585372809102
3.62222513861904,3.6222251386190425566381926470636969,3.6222251386190428772125634426050325
3.94959999188931,3.9495999918893060349491507979017125,3.9495999918893057316891271155420251
1.18902210977675,1.1890221097767493203030763734379614,1.1890221097767491512442639164138388
2.05488274429577,2.0548827442957670865752136752322396,2.0548827442957672411451756774270351
1.6211756791831,1.6211756791831026117855629934581245,1.6211756791831027487538618799647095
2.33338841765543,2.333388417655430360106172934506983,2.333388417655430600142473799309749
0.182525663472565,0.18252566347256499052146931191942219,0.18252566347256499307068385476327008
1.69346474211948,1.6934647421194803574660049844431571,1.6934647421194804283364142110905732
0.297739557966502,0.29773955796650206325481100020070542,0.29773955796650207263173594133426512
0.237199804200628,0.23719980420062787554323765668530742,0.23719980420062784795666313932883111
0.724393758693638,0.72439375869363750820828286975567583,0.72439375869363756182717437753046356
0.743401505141636,0.74340150514163647006394200402462821,0.74340150514163652655274602907559101
1.92206114679574,1.9220611467957358679024449211273698,1.9220611467957357495441416849653806
0.508430555302142,0.50843055530214152045420456409785559,0.50843055530214156005097897001676522
2.73322677957731,2.7332267795773086808926816929790826,2.7332267795773086001313206024740188
1.60247730767841,1.6024773076784084416548374486864096,1.60247730767840849946469193339273
0.218146624368678,0.21814662436867830817828720572012847,0.21814662436867833440760674531614163
0.653345477381557,0.65334547738155738284670370782061131,0.65334547738155748208399717828940334
0.774066698340441,0.77406669834044076665938711057269201,0.77406669834044069062636289191114481
0.467727224785284,0.46772722478528438553296696413442424,0.46772722478528439340818432233123093
1.09662589075596,1.0966258907559601905058349823787886,1.0966258907559603823477339735278802
1.21034712402545,1.2103471240254526089557766416565806,1.2103471240254527435714002926859183
1.02502061032793,1.0250206103279344368423688972528728,1.025020610327934570993220749174858
0.85762272781335,0.85762272781334976270192102004436302,0.8576227278133498483716834810992165
2.45750441845697,2.4575044184569739798077511756052183,2.4575044184569742071674250377039575
2.47710296400947,2.4771029640094664101725774652144937,2.4771029640094662261881673823338098
1.17505073939969,1.1750507393996944564018257094326198,1.1750507393996945645331699327321066
2.50308936433141,2.5030893643314137583627396034905838,2.503089364331413445869404536914903
1.12366179001705,1.1236617900170468896910714953253092,1.1236617900170469364943547283484836
1.01665207203991,1.0166520720399105233859674266277576,1.0166520720399106618010617600084561
1.24099485137999,1.2409948513799939493015238398953461,1.2409948513799940264677064595733288
0.940999210616788,0.94099921061678814824599701669084749,0.94099921061678815361265062247385381
0.446800132378938,0.44680013237893811315220576229883861,0.44680013237893812607776650825136789
0.602170147904358,0.60217014790435802270538980465128599,0.60217014790435813201864865604809079
0.770324060071998,0.77032406007199822913360041252514384,0.77032406007199812290500034533832734
0.12554328988195,0.12554328988195030778710891017874879,0.12554328988195031180779889744130715
5.83073038633293,5.830730386332925549124051778205928,5.8307303863329260436939891379770632
0.773016159559792,0.77301615955979150470956539482282176,0.7730161595597915491806446722156014
0.24198657587784,0.24198657587783982536175065759781688,0.24198657587783985046106815063065895
4.85527356878831,4.8552735687883129268344921662089128,4.8552735687883127601265593761029848
0.64746850033328,0.64746850033327995002161719109832576,0.64746850033327997306833163368313316
1.17321339384436,1.1732133938443620354452761837071747,1.1732133938443621116287502211728152
1.34125390980104,1.3412539098010378980875944763201568,1.341253909801037840086968026215833
0.27326993843047,0.27326993843046955803233065831541994,0.27326993843046951979714033062968362
1.20776034667089,1.207760346670891043604291768551568,1.2077603466708910555351446996976193
0.762915535202107,0.7629155352021073412638423206599367,0.7629155352021072699431465292301184
0.976431363933478,0.97643136393347765288489857902610714,0.9764313639334777493741632292851671
1.97124683615123,1.9712468361512251460165238938455941,1.9712468361512252565948606673233656
0.740370789636178,0.74037078963617818710367925905096057,0.74037078963617820254789778755573018
1.28892005144383,1.2889200514438334597029844752467118,1.2889200514438336172067858613308963
1.5519295319495,1.5519295319494972650476415920458061,1.5519295319494971986228915583886853
1.2443607780785,1.2443607780785003018801866247701566,1.2443607780785001147702429871976307
0.440563818200711,0.44056381820071051893464189053210519,0.44056381820071059150009771254682225
0.595580823294106,0.59558082329410581273962639578998271,0.59558082329410574068176169340118497
0.137885197007858,0.13788519700785822415704704304883711,0.13788519700785823377904673201188936
0.582659303324232,0.58265930332423184465954658962834416,0.58265930332423191708398167675080085
0.40206467769871,0.40206467769870985083714575674815509,0.40206467769870984753309695653303121
1.87519157655501,1.8751915765550095934223451641258092,1.8751915765550095364609672523699478
2.31155089549609,2.3115508954960851787411600858371573,2.3115508954960850865243671763161514
2.07444435610179,2.074444356101790328289999936185782,2.0744443561017905802318716701678979
0.391949408905875,0.3919494089058754481736461961948699,0.39194940890587541055694441139773483
1.66949754950102,1.6694975495010151530628790233293417,1.6694975495010151337204589189952371
2.67560020800493,2.6756002080049278586160343955472261,2.6756002080049275509110284794384512
0.936660932508996,0.93666093250899564725085535772598271,0.93666093250899560175113847061375573
0.791663737770463,0.79166373777046263616577394950704435,0.79166373777046259706699569269281288
1.44006469654448,1.4400646965444844971548590874876163,1.4400646965444845948079219342331144
0.164397758461803,0.16439775846180343038238100788978028,0.1643977584618034371607473657645461
0.624221958576648,0.62422195857664754511338882629403716,0.62422195857664751231831674623184055
0.293192288809989,0.29319228880998921975911934704153581,0.29319228880998920012321014302333939
5.33038422641117,5.3303842264111666252964939556627527,5.3303842264111671469652562537011021
0.414363872732289,0.41436387273228900356663203322936824,0.41436387273228894374306022970445459
0.270356061090844,0.27035606109084407065156920001155682,0.2703560610908440625277530595108013
0.96249492935135,0.96249492935135022946132845810585336,0.96249492935135011102568445074634139
4.77349590869945,4.7734959086994490050444031631681922,4.7734959086994481590778300227377257
1.00456316000211,1.0045631600021135833656005761878629,1.0045631600021135088516511567363848
0.477057654379462,0.47705765437946158780685629725847768,0.47705765437946155969591225728134692
0.539574103156362,0.53957410315636254595831519081376174,0.53957410315636248417492712390738041
0.884237794512465,0.88423779451246482036114719405114133,0.88423779451246491906229459389762097
1.78250181709296,1.7825018170929641514911369290578821,1.7825018170929639870868553566603318
0.72410152624276,0.72410152624275960634133006773123751,0.72410152624275956475845142027897042
0.528389882255215,0.52838988225521545865457703832131432,0.5283898822552154159254610692028348
0.37032645093958,0.3703264509395797515841102577737908,0.37032645093957969050485209290718569
0.272515588244809,0.27251558824480861036449803092247566,0.27251558824480857585597298142536775
0.459851524887845,0.45985152488784533963908587806384543,0.45985152488784530061095189157104076
0.197945634204917,0.19794563420491737036146414873320367,0.19794563420491736354798939656289084
1.20696529609831,1.2069652960983114810965797521498916,1.2069652960983115006633216974000524
1.77381559107332,1.7738155910733169844852335911156627,1.773815591073317214429846969139214
1.08873744245858,1.0887374424585758298598522828079946,1.0887374424585758574870067519249486
0.453974253303343,0.45397425330334262003764694606512899,0.45397425330334262607431822464708125
0.448992801591884,0.44899280159188435988385242928753503,0.44899280159188438367875698638844494
0.948341419666336,0.94834141966633615240845401977256944,0.94834141966633607999347886825145651
1.60980698719006,1.6098069871900570625917851551851546,1.6098069871900571448712809675423129
1.62842900185729,1.6284290018572879162272485127698455,1.6284290018572880946512967630031575
0.456133064283392,0.45613306428339200577536648595878393,0.45613306428339201230815770215532073
0.330508248804865,0.33050824880486524370344584186570577,0.33050824880486522528381995270139782
1.71710631623234,1.7171063162323350350012601216544965,1.7171063162323349769545716748584441
1.43215960796362,1.432159607963624330802549644880086,1.4321596079636242544713513266350141
0.883076880233324,0.88307688023332431215237505768469869,0.88307688023332431348535607156069671
1.54832640280636,1.5483264028063581446099741480844564,1.5483264028063582232750046998214094
0.220933296106412,0.22093329610641164478364399270743029,0.22093329610641167221489385541405692
0.898966519333688,0.8989665193336876671406763274784384,0.89896651933368776004157209417954469
0.553929831818936,0.55392983181893564664313312177718103,0.55392983181893560368700268654912158
0.305603071270055,0.305603071270055033970609776520622,0.30560307127005504162991371056206041
0.349448148028663,0.34944814802866260643590295603639661,0.34944814802866256615452128880865662
0.800541747841319,0.80054174784131867521465166424426848,0.80054174784131873903335461585990056
0.408954952613011,0.40895495261301053071292366710232296,0.40895495261301049714461774512918801
0.413538653188983,0.41353865318898322314423868717773112,0.41353865318898316935901501367419747
1.15152159561736,1.1515215956173596389562029555552628,1.1515215956173595223826423519574638
0.837610514264133,0.83761051426413336828356886914461408,0.83761051426413334076205546946970035
0.912376791388578,0.9123767913885775809468713401185609,0.91237679138857747511584152027447028
1.17272711671485,1.1727271167148540109553083586911242,1.1727271167148540296712383465174215
1.38077007589929,1.3807700758992895800160006291390036,1.3807700758992895657316801117576088
0.346839729495222,0.34683972949522217830811953504533638,0.34683972949522220785361115435701023
0.229389439315489,0.22938943931548865343054430351474508,0.22938943931548862511926915621953269
1.5139305598204,1.5139305598203981816121966373505475,1.5139305598203983350932532660332987
0.604364278437189,0.60436427843718929017378618126197077,0.60436427843718934441532051452275143
0.606266388374264,0.60626638837426399057871994160386597,0.60626638837426389456798015884551655
3.29571243480025,3.2957124348002491813717379623263379,3.29571243480024889964557559198676
0.710233720744912,0.71023372074491216769632265279122584,0.71023372074491221737187596408136628
0.164331063037809,0.16433106303780919534615785696984812,0.16433106303780920396620350483829563
0.319638174870413,0.31963817487041278062037348282689506,0.31963817487041281746209564106060479
0.975630386298488,0.9756303862984874755841817023923543,0.9756303862984875815851067453746904
3.22558633107818,3.2255863310781824793396236747414801,3.2255863310781824992743412475191763
1.13612472787652,1.1361247278765169109240151529643741,1.1361247278765170311496557614322684
0.420445166655213,0.42044516665521250289353488073528208,0.42044516665521256146794699203031723
1.62098091991956,1.6209809199195618711846420744154976,1.6209809199195620221851456911349342
0.416158105851602,0.41615810585160193892712272056535622,0.41615810585160195906244369994693269
1.0196301565488,1.0196301565488021471858114968631307,1.0196301565488022129805035215690823
1.40466532259453,1.4046653225945337842289249477853814,1.4046653225945338258612806145156008
6.42846674295941,6.4284667429594084996142129258870497,6.4284667429594092947991583767662362
1.94617767530801,1.9461776753080127698327277330233671,1.9461776753080129960301715378444002
1.13221745105562,1.1322174510556162887359379686259027,1.1322174510556163010147053524351034
2.85726248757071,2.8572624875707127898564923298825698,2.857262487570712532676958196069921
2.35814296524026,2.3581429652402579594545570973471166,2.3581429652402576936600866685716
0.263426033235043,0.26342603323504318048340799414822549,0.26342603323504313405348005275975567
1.66893577898934,1.6689357789893423898004702949593741,1.6689357789893424546139040159131449
1.54602294379117,1.5460229437911655687385762070291783,1.5460229437911653298855737881283259
1.16948938789059,1.1694893878905899227216591616411006,1.1694893878905898192332701792225019
0.531505954416586,0.53150595441658578012480669196495345,0.5315059544165857570005882422995237
1.95226107143045,1.9522610714304460632902825838925162,1.952261071430445990016260364228689
1.06494637559132,1.0649463755913207755936347378976779,1.0649463755913207844481955105208339
0.546904902873732,0.54690490287373169515288865960933809,0.54690490287373175320257230913232851
1.05662768419446,1.0566276841944608264661541524362679,1.0566276841944608690887731300647428
1.31334157995814,1.3133415799581357879904218113224611,1.3133415799581357435320029419551565
7.30496120223927,7.3049612022392675160893961076087722,7.304961202239267668945674646047564
1.75322403403918,1.7532240340391822856463837268707604,1.7532240340391822249227611138307245
3.08119789754486,3.0811978975448638868088544882631262,3.0811978975448635703300516865419014
1.79666549857078,1.7966654985707828968148713468363922,1.7966654985707827779091350382404019
0.372222207140387,0.37222220714038740315655870340824189,0.3722222071403873879029552694602026
0.289515357010737,0.28951535701073707360605513977675167,0.28951535701073702857614133526481255
0.232908681876278,0.23290868187627800260677542517131171,0.23290868187627799919234565188473119
4.98792772503332,4.9879277250333177356247223582245349,4.9879277250333179189687608374156018
1.28797909418985,1.2879790941898490100247336198610554,1.2879790941898491317095836384348546
0.747554871462562,0.74755487146256161002746850767151435,0.74755487146256160071357879114058013
0.569824703889631,0.56982470388963114246470161311811037,0.56982470388963112653792756895052029
0.142198231210641,0.14219823121064101103136451045637767,0.14219823121064101476954150213506236
0.621054751746782,0.62105475174678216697170658880211819,0.62105475174678213725005686138458105
0.300236144534792,0.30023614453479220109357202372625599,0.30023614453479221210707055693671755
0.735888552083834,0.73588855208383376520874476801543708,0.73588855208383372847503509882668484
2.3249536076315,2.3249536076314987953626312281877334,2.3249536076314989582280931175066898
0.568686976181371,0.5686869761813706692935520975701085,0.56868697618137063354149536573422465
1.25479180388018,1.25479180388017732128791652349792,1.2547918038801772853093585276739716
3.11960096019762,3.1196009601976195393646729382306083,3.119600960197619148068774983418004
1.51072465528393,1.5107246552839267727600610819521027,1.5107246552839269349496123900295653
1.22308178031334,1.2230817803133409642799692098325677,1.2230817803133408678530755262780853
0.446041144202182,0.44604114420218236503450502014679229,0.44604114420218239939820619830627127
1.19959247323658,1.1995924732365758617334972884325509,1.1995924732365759742548493589222296
2.83911273013537,2.8391127301353706100734273397411456,2.8391127301353703218161497014061161
0.696869416121439,0.69686941612143869082498346925863728,0.69686941612143873261462525023231403
0.808370417950764,0.80837041795076446789646024523806044,0.8083704179507644819508009287618078
0.416855141403707,0.41685514140370748828402874359438103,0.41685514140370750466089894608318889
1.34758488092161,1.3475848809216088507503530616960547,1.3475848809216089197968455356457187
3.3671367136146,3.3671367136145954140794298578739429,3.367136713614595230914220636269427
0.813795617220076,0.81379561722007645113981229505286645,0.81379561722007640528213383086706419
3.977727805416,3.9777278054159956166687925964856523,3.9777278054159961035513830439636734
0.701711451881847,0.70171145188184695611174296965348289,0.7017114518818468736477749695839467
2.45715848858637,2.4571584885863658262739562147452205,2.4571584885863655900444185866501012
3.02405145159484,3.0240514515948396902886145389591591,3.024051451594840032641388265592026
2.79705327587642,2.7970532758764233159021344833010809,2.7970532758764227856196199794365292
0.563351836384774,0.56335183638477397628340443256633996,0.56335183638477388300581421722568385
1.62816736744481,1.628167367444812716590301619765958,1.6281673674448127208136910717769953
0.152278429492157,0.15227842949215747083174243963390609,0.15227842949215747790331909490100054
0.946593144996799,0.94659314499679861895487012824808701,0.94659314499679855217806287092322673
0.839385922231412,0.83938592223141149073369794911802779,0.83938592223141164525665570955274299
0.241234320945422,0.24123432094542188013213436614052478,0.2412343209454218833767771130803139
3.89890388423793,3.8989038842379268219852582544148695,3.8989038842379266617226539109296609
0.250664285739985,0.25066428573998480540129864092048311,0.2506642857399848184483741206452967
0.577139409964791,0.57713940996479130809766334177165947,0.57713940996479128095679866337987159
0.600670734799374,0.6006707347993740640347103536112538,0.60067073479937403775332237358835377
0.560527140536677,0.56052714053667663366459450264489638,0.56052714053667662005247862760182139
2.03586797536815,2.0358679753681459121211761723870559,2.0358679753681461556530510361442627
0.821909254911727,0.82190925491172697301383790587358088,0.82190925491172692788494359819918607
0.88593399126755,0.88593399126754998278359850993890907,0.8859339912675498579625127953644129
1.25597521603812,1.2559752160381227163541558946025587,1.2559752160381227217796581204519927
1.14096628573214,1.1409662857321374084335781213110431,1.140966285732137453049967343268903
3.06891651976836,3.0689165197683550077884795863903199,3.0689165197683554366064051028550601
1.67937139277247,1.6793713927724742026998422945254504,1.6793713927724743365115760978439901
0.425245258753388,0.4252452587533884883198835560786776,0.42524525875338845702623651668360167
0.811409537105145,0.8114095371051448194443386811793278,0.81140953710514470041149206690465348
0.270221247735144,0.2702212477351442235084565207962846,0.27022124773514421854142110998323508
0.36007565780243,0.36007565780242985324075714273549136,0.36007565780242982319283403300159355
1.17619175576103,1.1761917557610269684476260337483225,1.1761917557610271918333329338842941
1.94108626017281,1.9410862601728104358439854359501421,1.9410862601728105559889168552574357
1.30574262031346,1.3057426203134607967905255058628924,1.3057426203134607588828087905806047
1.47537007412868,1.4753700741286828416685529679811564,1.4753700741286826853314629464771223
1.39131622272714,1.3913162227271450281263858453696454,1.3913162227271448652786895724618939
0.879855243328852,0.87985524332885158791664372994014393,0.87985524332885154443492745475933419
0.541447894396322,0.54144789439632225835332488476208787,0.54144789439632221750862330974402452
0.587996649797316,0.58799664979731625246781597194690043,0.58799664979731630671445043306930466
0.468754616193399,0.46875461619339941228919352042403027,0.46875461619339942857446848748104759
0.672522192034822,0.67252219203482196176439653273569659,0.6725221920348220327859505553437371
0.467410877578238,0.46741087757823759202946741775630917,0.46741087757823755060459750542980317
1.02814383540297,1.0281438354029662298605929347975559,1.0281438354029661028798470258191463
0.535600416360142,0.53560041636014246074914135607994141,0.53560041636014241822472958954878939
0.964862826862569,0.96486282686256936758358844919590289,0.96486282686256941194915026853337225
1.76147028173381,1.7614702817338118579794077699604711,1.7614702817338116610557850499115687
0.988739146349964,0.98873914634996409708293100010997928,0.98873914634996404474606010153728139
0.708343154077549,0.70834315407754923512844603819419182,0.70834315407754920421463206012388131
0.59471569115922,0.59471569115922042304597433613919273,0.59471569115922038771763019539109628
4.07886125989865,4.0788612598986463601429968463771005,4.0788612598986465436884791500352356
1.65523480196944,1.6552348019694352641047831512141996,1.6552348019694350891276766687778733
2.69722363180443,2.6972236318044300063138905383518815,2.697223631804430503661893687037491
3.32217789024621,3.3221778902462145480184969870541858,3.3221778902462143720513725042174966
0.575702210005543,0.57570221000554331568932808104571434,0.57570221000554326941854139605872349
0.503102950767462,0.5031029507674619496789282184861554,0.5031029507674618914329621783738069
0.483217024019424,0.48321702401942440098246073171211536,0.48321702401942440207029755333606955
4.41885999592264,4.4188599959226370616613139353914526,4.4188599959226371749912714513728071
0.651941729950088,0.65194172995008783943844559519971009,0.65194172995008778370888808591803317
0.807354349596783,0.80735434959678345571829189220340437,0.80735434959678339857250145205865284
2.93546653012496,2.9354665301249592976596364552765175,2.9354665301249596031876041976289471
0.757184739165723,0.75718473916572262108659061703686285,0.75718473916572257462021524480921437
1.99292314605008,1.9929231460500766616034652241238109,1.9929231460500767369042351066868142
1.53194770628708,1.5319477062870832104272743224680719,1.5319477062870832109660547514398159
0.318910806239039,0.31891080623903920376938052743673347,0.31891080623903914538207579814012633
0.319614404321354,0.31961440432135437962822087506158089,0.31961440432135443266494413542584656
1.01030815971194,1.0103081597119410507614276832419782,1.010308159711940928372311467469322
1.14312827231561,1.1431282723156113459303799961890856,1.143128272315611285450371412680314
1.78837555549961,1.7883755554996132979605826405328902,1.7883755554996131926448689044467
1.02787715576424,1.0278771557642378808166870463157651,1.0278771557642377408203761639137318
0.913014896881655,0.91301489688165466716330822531267069,0.91301489688165476068203449973703738
1.68399328286088,1.6839932828608777251169720674299126,1.6839932828608776402709628765804785
0.679620558688371,0.6796205586883714064684414608405704,0.67962055868837150686788790500706189
0.917604028333575,0.91760402833357494210953765857214634,0.91760402833357486974851534044189017
0.634428443399454,0.63442844339945369421364909634323745,0.63442844339945375875544995135861785
1.73475102468292,1.7347510246829246356001309724790774,1.7347510246829244145330616045709959
1.33002183365865,1.3300218336586505929891020962119816,1.3300218336586507594371821148937762
0.288800753210908,0.28880075321090791607393901891522525,0.28880075321090795176597123932963636
0.23620833326859,0.23620833326858949815438858425480614,0.23620833326858951043483149075470114
7.16305453470133,7.1630545347013276905493683526902002,7.1630545347013272591603725050048222
0.876357422352368,0.87635742235236851201547086878994456,0.87635742235236841749939468223752805
0.966226803831751,0.96622680383175057493619580944210118,0.96622680383175047459329059913144544
0.966906072564646,0.96690607256464638172416876886707998,0.96690607256464628829633560553921954
0.35295785101718,0.35295785101717954934222869402582521,0.35295785101717950690438965187256839
0.933390324160545,0.93339032416054473896413532761310541,0.93339032416054464751029344224884739
1.10790774656814,1.1079077465681401951988889545291693,1.1079077465681401500554741010446061
0.592707897414555,0.59270789741455545531654613047688899,0.59270789741455540287186843737177986
1.38826803629933,1.3882680362993344616044465309835443,1.3882680362993344397744939270948157
1.12458952862102,1.1245895286210217136036741796766123,1.1245895286210216533228352270903093
0.589833730340812,0.58983373034081177109108992975686499,0.58983373034081176535372761624151097
1.51140085886642,1.5114008588664236400586278708701759,1.5114008588664235864132760522138537
1.21494875187776,1.2149487518777620370236872968204244,1.214948751877762069570355820059844
0.666033924875489,0.66603392487548875000129382010899637,0.66603392487548872292109254862762883
0.554171032655013,0.55417103265501323703867339284872184,0.55417103265501319932573668117154697
0.230834095277491,0.23083409527749123343194065392700894,0.23083409527749124893349329953318123
1.23810487803088,1.2381048780308799821825242754187784,1.2381048780308802099425964632187362
1.28194895288845,1.2819489528884504511698483082652851,1.2819489528884504583881321042356255
2.34666892712647,2.3466689271264749761901377969170021,2.3466689271264748272340063959145209
1.48370428953653,1.4837042895365256453430039587695505,1.4837042895365254660647177328789635
2.45924428080451,2.4592442808045077292659812603246466,2.4592442808045075345320469121348025
2.70682566211859,2.706825662118592709741452515485741,2.7068256621185926041064784409134413
0.83108268552076,0.83108268552075987064531191289688592,0.83108268552075997507311412765148388
0.978358603847273,0.97835860384727256925961550906159879,0.97835860384727258827732062172052409
0.982953682343028,0.98295368234302802305011038127608448,0.98295368234302806827953635208055401
0.785525257696476,0.78552525769647636687944201125468385,0.78552525769647645082647626682480061
0.869175003883595,0.86917500388359511569296370061547601,0.86917500388359502223662517293586629
0.953660840793221,0.953660840793220858018751987680085,0.95366084079322091700605744308071356
2.57003739799317,2.5700373979931710025032580381456041,2.5700373979931709797535595350702087
0.678399017945947,0.67839901794594691334317721968385809,0.67839901794594696694031687570208231
0.8936387289003,0.89363872890030037462835782709547115,0.89363872890030039156286572913856468
0.443245217717386,0.44324521771738623664636766767282027,0.44324521771738621537957853329764909
1.5547091045316,1.5547091045315985478281017495959296,1.5547091045315986659092378030124637
0.234586810525623,0.23458681052562328798116153369387131,0.23458681052562325971622714429490148
1.40370787193184,1.4037078719318373714754874672030553,1.4037078719318375014511071495257753
2.47081608656364,2.4708160865636377391746874450541045,2.4708160865636374430827457227818232
1.6935114114659,1.6935114114658963565653327790624454,1.6935114114658965526081767635350145
0.271650347338682,0.27165034733868159855158110498404038,0.27165034733868159544461904748506901
0.296167888944932,0.29616788894493216091606048801500584,0.29616788894493215213688992220849769
0.210363685179619,0.2103636851796193956699598922078428,0.21036368517961939911364742588732157
1.68395900008866,1.6839590000886636448626738400682379,1.6839590000886638295447096313205296
0.856306223495334,0.85630622349533386928546002858247933,0.85630622349533376019445602009562433
1.22821063296762,1.2282106329676221293149435855097076,1.2282106329676220024598346738057199
1.21723328554228,1.2172332855422754379174741841116839,1.2172332855422753409742788137672548
7.69756221667918,7.6975622166791801293440179848266209,7.697562216679179765097473648361364
0.459402374554528,0.45940237455452832465032130136012686,0.45940237455452830412492816316455031
0.242311634522343,0.24231163452234249553579661889419596,0.2423116345223425055698801282076293
0.610123267661771,0.61012326766177116056978099097904953,0.61012326766177116453237198127026466
1.35207003576106,1.3520700357610589339666927008253956,1.352070035761058837996019439695641
2.24546220012239,2.2454622001223855653006585314397483,2.2454622001223856765295631660155272
0.486117590648191,0.48611759064819050345080501638086306,0.4861175906481905867482718634178289
1.23179187107941,1.2317918710794057557505892423452655,1.2317918710794058401064704862417796
1.16638738329862,1.16638738329862019323958033104797,1.1663873832986201209433018801326849
1.44293795827128,1.4429379582712763045092812248847616,1.4429379582712761838992649714120452
1.10318638156552,1.1031863815655173325354588991240166,1.1031863815655174762013267359952929
2.05521714735394,2.0552171473539396795896513228752278,2.0552171473539398304147840805271624
1.02681529940196,1.0268152994019582192670297297323307,1.0268152994019582716448854821200238
0.97363170748886,0.97363170748885982234959834979008909,0.9736317074888599806284813886500442
0.297697963070651,0.29769796307065077943888897212205734,0.29769796307065081018757580024000607
1.44045444680818,1.4404544468081820707576096292039447,1.4404544468081821928214342070125026
0.614541080568424,0.61454108056842361669355712621403736,0.61454108056842367022980626705102903
0.852106833124001,0.85210683312400111140715245961580138,0.85210683312400118986619297833281672
0.805367678850385,0.80536767885038533233361797848712232,0.80536767885038523510010592699723439
1.11298630325487,1.112986303254867025017727246043061,1.1129863032548669108709035518520979
1.45964066122878,1.4596406612287811814049280687639633,1.4596406612287810407785411339547933
1.5912777361886,1.591277736188603876565244221736271,1.5912777361886039403822310722641943
0.168740900562534,0.16874090056253358091274807631373136,0.16874090056253358490185283161474844
0.825987237173282,0.82598723717328220724862148923506645,0.82598723717328209606894233733242838
2.13316446867284,2.1331644686728368758453309345383955,2.1331644686728371068159319622134386
0.143822613747369,0.14382261374736931230369017171168356,0.14382261374736932996729812189161195
0.897686551939367,0.89768655193936688760835449579308356,0.89768655193936683502976239174467935
0.382231535618146,0.38223153561814612799735274455884597,0.38223153561814607404017946174576028
2.61906211709073,2.6190621170907322505539732984365475,2.6190621170907321942055395455932665
2.36244493679322,2.3624449367932175622603191245561483,2.3624449367932177448575620414940557
1.21286607998183,1.2128660799818340326092675450562285,1.2128660799818340560554224584412976
0.143546007200342,0.1435460072003422400325611961759725,0.14354600720034225203776466328256272
1.29368265556636,1.2936826555663560217553621086266385,1.2936826555663561538792893216737927
0.612674439049665,0.6126744390496649319848632103058106,0.61267443904966488985546760742780605
2.60997369509247,2.6099736950924708551190222494798312,2.6099736950924707273281866803271265
0.530416195883332,0.53041619588333187416706181461387023,0.5304161958833318995130176154368132
0.165956031303096,0.16595603130309622497990606272881145,0.16595603130309625654326684490100668
0.832712323422302,0.83271232342230165300089313649290752,0.83271232342230157621121859148190307
1.39994917285512,1.3999491728551214267835334908790108,1.3999491728551214483448816167316248
0.27703520456493,0.27703520456493014425554842917735375,0.27703520456493013088809352749704697
1.63488506678814,1.6348850667881448941379149103319403,1.6348850667881449538793878610595626
1.89285280921422,1.8928528092142222514125138228127198,1.8928528092142223007245660586914584
1.12714234170084,1.1271423417008433126220796993708541,1.1271423417008432161032697904613724
3.79705925854342,3.797059258543416533645592671815951,3.7970592585434162977075565594744541
1.0010372393485,1.0010372393484976928260410535703133,1.0010372393484975927055158204776473
0.925464317759184,0.92546431775918397567326157591144728,0.92546431775918389178748729578338853
0.66579230778488,0.66579230778488017289786531738257203,0.66579230778488020408732134991539388
0.64656836666373,0.64656836666372971547110329026295076,0.64656836666372977115992479469455739
4.888220992333,4.8882209923330040724568744918612548,4.888220992333003483913585005113681
0.754535771636903,0.75453577163690271694315560032452735,0.75453577163690283209154950875484298
2.43204643123437,2.4320464312343686560473564995196246,2.4320464312343690524836455362999272
1.30903811704306,1.3090381170430636232533775705614008,1.3090381170430635953498462390617581
1.16697978142225,1.1669797814222476341562621533463143,1.1669797814222474939192882297270112
0.781987705773088,0.78198770577308857451995728070711362,0.78198770577308845555549786921963568
0.490633381554763,0.49063338155476346967725123458323442,0.49063338155476351290534212858155209
0.546238125117767,0.54623812511776744963693870600742749,0.54623812511776751284802360090928507
0.636630394738373,0.63663039473837351249046398532182555,0.63663039473837342001637976699610904
0.619827059191845,0.61982705919184527391953868098327782,0.61982705919184538796693725564277715
1.38331930684336,1.3833193068433558192150016197807934,1.3833193068433557815770214715633697
1.07313690277827,1.0731369027782720004514904363734032,1.0731369027782720116116233324444538
0.320044244368225,0.32004424436822489375124747815682337,0.32004424436822485638495951635105847
0.833036733093094,0.83303673309309418348721471249438736,0.8330367330930940509297169513782878
1.0399913686385,1.0399913686384967966413826109796422,1.0399913686384966575038304251198079
0.18445556128616,0.18445556128615994543801377693683695,0.18445556128615994847058516535240831
0.264227853377571,0.26422785337757109279301208036843841,0.26422785337757111651816021308904104
0.584895931068682,0.58489593106868244065338026486062433,0.58489593106868241667911965849851347
2.17169179718622,2.1716917971862233752663756272839864,2.1716917971862231291739919878216292
3.02981077249414,3.0298107724941382768602390640643211,3.029810772494138222067828705257937
0.202300589482996,0.20230058948299614978549742614759156,0.20230058948299614334671859015171509
1.5039679616543,1.5039679616543010205219059921360892,1.5039679616543012364664436721249513
1.42892324001325,1.4289232400132468702498064252537956,1.4289232400132466816682589247832793
5.20133398323161,5.2013339832316110370780082057511063,5.2013339832316105234244530101957194
1.58232434017611,1.5823243401761052882570202100564627,1.5823243401761050520614917241936955
0.558058654660802,0.55805865466080188196587460197143811,0.55805865466080180804295377811549987
0.470425434360287,0.47042543436028731581064395143426307,0.47042543436028734652989495586711576
1.84170070587656,1.8417007058765583734422844831028941,1.8417007058765584873943143062165035
0.248368291482785,0.2483682914827851595486828001349772,0.24836829148278516843677780789848636
1.28031498264523,1.2803149826452325289583850187024955,1.2803149826452324088076611863673738
2.94286678023054,2.9428667802305361426933037068631858,2.9428667802305361796184892523631084
0.266613622498456,0.26661362249845642132315960144497239,0.26661362249845645337399956669088785
0.936336982961182,0.93633698296118191677624883644437782,0.93633698296118198662622115031428309
0.780519372544229,0.78051937254422849996852911103001879,0.78051937254422858038811845504728352
0.827358686757042,0.8273586867570423583823160441355924,0.8273586867570424248253001200280488
0.148755348032343,0.14875534803234283285091586233503552,0.14875534803234283179038690238629569
1.9217156728144,1.9217156728144037064903173733934546,1.9217156728144039095757520124582069
4.22537786047807,4.2253778604780736379416517122271745,4.2253778604780736053862533042584294
4.87696364976143,4.8769636497614263391247225141657373,4.8769636497614272420010473878770363
0.241581401660841,0.24158140166084063624623984403466154,0.2415814016608406305198235010958718
0.440614978589713,0.4406149785897129256485543586448141,0.44061497858971294559016608820928729
0.842724167702082,0.84272416770208177317328763660915814,0.84272416770208183799980188428017855
0.626825991400964,0.62682599140096364366299396706161538,0.62682599140096360122968733421877654
1.01552080153329,1.0155208015332948956738182991972455,1.0155208015332947557313199845379037
0.925669652012961,0.92566965201296073313788276872632344,0.92566965201296088398716726506556595
0.965909763335398,0.96590976333539769824252696069842187,0.96590976333539756412323630767265128
1.10764391823531,1.1076439182353052319418525085743369,1.1076439182353053287821735638467798
2.69256076480641,2.6925607648064106421583496081417674,2.6925607648064106209061970897976458
0.471053716663383,0.4710537166633826440151396493930068,0.47105371666338263160117054186042582
1.09060186080186,1.0906018608018603000474732729372171,1.0906018608018603185506164863013561
2.09080094997536,2.0908009499753598042276873969176251,2.0908009499753600430265894316898329
0.961904176395131,0.96190417639513057341549287157214377,0.96190417639513061569811467124999602
0.797946118875323,0.7979461188753226944491228483790011,0.79794611887532279902264443149763371
0.929745194274222,0.92974519427422197855298943899004012,0.92974519427422195494615641934972751
0.617932905019499,0.6179329050194992838340768563541679,0.617932905019499251868526619884269
1.03923121150502,1.039231211505017139079324002638405,1.03923121150501700446522034678614
2.71934200161773,2.7193420016177270982737768511727556,2.71934200161772679642947604979551
2.14632757885146,2.1463275788514559521919145992157637,2.1463275788514559977765238216946229
0.553261656869753,0.55326165686975346137833437240993652,0.55326165686975350264797018609164244
0.800201423833981,0.80020142383398146718614706161721305,0.80020142383398134627431565048349722
0.309434344243703,0.30943434424370258223195933285960717,0.30943434424370258967324971192075417
1.20454232501662,1.2045423250166218923592104856034097,1.2045423250166217873417345090892765
1.19758693285891,1.1975869328589127843722701883744076,1.1975869328589127387793839021756721
1.18358235454864,1.1835823545486421795378841725114582,1.1835823545486420902075028916651538
2.21504778992515,2.2150477899251521927730393764720994,2.2150477899251521398078509554108859
3.02604783741011,3.0260478374101089345897422155607037,3.0260478374101089952448559650443934
0.334240582872121,0.33424058287212140058018153782556051,0.33424058287212136623280652796878247
0.337179825391745,0.33717982539174483869760074132755952,0.33717982539174485600552038984207659
3.24404988998662,3.2440498899866191174083677218967667,3.2440498899866196199272683518816816
1.02138792370251,1.0213879237025053213857592653509647,1.0213879237025053758173734809957624
1.83012284834824,1.8301228483482406938685342277767327,1.8301228483482408937823167695296753
1.20816571707435,1.2081657170743454360303066163474038,1.2081657170743455169825152083532248
2.66167044941641,2.6616704494164133784147339184521893,2.6616704494164134168136228680857261
1.6787781459298,1.6787781459297975561619347113045545,1.6787781459297973651721298542944169
0.3807794585872,0.38077945858720033005718255056752894,0.38077945858720038791821958026510493
0.816987464334797,0.81698746433479685038925847705169868,0.81698746433479682156186604445932011
1.33859741222511,1.3385974122251150111978913928072329,1.3385974122251150570396218229362795
0.595510999651659,0.59551099965165921092461475507099608,0.59551099965165921288831042022700907
1.08968376633089,1.0896837663308887666091670209803825,1.0896837663308886402346723232389215
0.867712953714239,0.8677129537142392849450627027224542,0.86771295371423929082185424430934338
1.78612143469525,1.7861214346952509725061670164030204,1.786121434695250978937017208951323
1.49159637018856,1.491596370188557887285862052761137,1.4915963701885580162414210278595471
0.998947438574327,0.99894743857432665786451193494160613,0.99894743857432666748490250970332959
5.51137543001971,5.5113754300197096901763827626378897,5.5113754300197098168984709919644884
1.19140910589482,1.1914091058948155298726265532156096,1.1914091058948154097673892505557948
0.545624415785685,0.54562441578568476164268751905281816,0.54562441578568477584265117751685144
0.628982819024402,0.62898281902440178386672861652898973,0.6289828190244017855375705797925275
0.528195209434692,0.52819520943469182593996734691575575,0.52819520943469173690989449927325771
0.238433965277425,0.23843396527742529754806710373702888,0.23843396527742530778109753297723869
0.715514978462307,0.71551497846230711516791914354162703,0.71551497846230720625503138117871251
0.66095950194381,0.66095950194380982952376768945900992,0.66095950194380979629064142944336515
0.812454590891631,0.81245459089163104424475975863819976,0.81245459089163093490355107591289358
3.40696625964767,3.4069662596476708957932231076666105,3.4069662596476712648102449658653875
3.88938770455569,3.8893877045556895190748797839220388,3.889387704555689472081136343284346
1.70654604953192,1.7065460495319180462385916956299391,1.7065460495319179917035184286470134
1.07206458979699,1.0720645897969927914344773070582474,1.0720645897969927926588901848507101
0.825022123871394,0.82502212387139347359123366466896302,0.82502212387139354444941073317373873
1.72128058042628,1.7212805804262784515103295548354536,1.7212805804262785824519549946532257
0.767151856037292,0.76715185603729217796183183216984713,0.76715185603729220246964269628020635
1.29950286674935,1.2995028667493488560008596634406471,1.2995028667493489339396195335166658
0.171598797444658,0.17159879744465758076326024763198419,0.17159879744465759101008715390838882
3.98159212817447,3.9815921281744707440786803422262329,3.9815921281744704815885236380390706
1.83617848114505,1.8361784811450523469270059768318059,1.8361784811450523180317837495382073
0.65099971217021,0.65099971217020993668320293635176453,0.65099971217020994769697438110677515
0.724031516355775,0.72403151635577515550923630165419664,0.72403151635577507986707138094567928
2.42923386231029,2.4292338623102927435902084536475919,2.4292338623102927749797659118870602
0.742412394477539,0.74241239447753891806844200894907549,0.74241239447753893858741996970288071
0.485516399590552,0.48551639959055245674492769138852044,0.48551639959055239861227730544668703
1.32502517710732,1.3250251771073218979381655018831435,1.3250251771073217351613474518937262
5.59167001981651,5.59167001981651007902030926655341,5.591670019816509734416167130774681
0.280634704483995,0.28063470448399504354448418854845472,0.28063470448399499794210302280016954
0.315579369336751,0.31557936933675141706440216239270723,0.31557936933675137234491758378539326
0.717205113439146,0.71720511343914611038993691899851199,0.7172051134391460057361532309205268
1.59653981581053,1.5965398158105337668223735492102013,1.5965398158105337083932080719221161
0.346886533645343,0.34688653364534268841628982026308077,0.3468865336453426417832612971396681
2.00501918603948,2.0050191860394835060448937943657279,2.005019186039483899753372760118431
0.249844381986143,0.2498443819861433376105468669017709,0.24984438198614333824127251503095709
2.46487630737309,2.4648763073730881628859480415115704,2.4648763073730881572958549796027488
0.649490713511803,0.6494907135118028391997461628444153,0.64949071351180283469389151972165176
1.21199508615429,1.2119950861542941109301452730666715,1.2119950861542942084813691727571719
2.01590294092526,2.0159029409252555064025814233271707,2.0159029409252556354036555687973058
1.38634458527666,1.3863445852766584206503326064394565,1.3863445852766585634188372417865618
3.67976232536353,3.6797623253635306192982389123025682,3.6797623253635311515591534341443425
1.3215206857746,1.32152068577460344921584819544614,1.3215206857746032591642493569893336
1.47231981137051,1.4723198113705142402673084104936551,1.4723198113705142881847257415028299
1.22616369626119,1.2261636962611858765558633038191298,1.22616369626118598622607473063983
0.382820606677488,0.38282060667748846929448888095773585,0.38282060667748845459378429604132894
0.880850978656663,0.88085097865666243143551398284541436,0.88085097865666258621558156696340673
0.325578444782322,0.32557844478232215042428725325498514,0.32557844478232218144884411668678405
0.767359748052069,0.7673597480520689492205016592631242,0.76735974805206898763331567740561987
2.09625399380609,2.0962539938060880134910441381319641,2.096253993806088010126349955757779
1.06708752646847,1.067087526468473609747914709980279,1.0670875264684737171263979840625683
1.05707060959439,1.0570706095943937630107899295454555,1.0570706095943938496264803560860747
1.21547807512498,1.2154780751249820243148859608783316,1.2154780751249821184583653357247935
0.89328640013518,0.89328640013518008013873034565712307,0.89328640013518015936964390921457835
0.438575761815988,0.43857576181598790005297846613365567,0.43857576181598789349605308422204557
1.17342098963422,1.1734209896342238061799900046114313,1.1734209896342239234386414009669943
0.633810791099446,0.63381079109944574876433483497263665,0.63381079109944575074024016462352296
1.56784215993405,1.5678421599340477806793209370923637,1.5678421599340477013851974274031792
0.973898000146887,0.97389800014688717187505078031030446,0.97389800014688724917766633594363011
0.120196837402027,0.12019683740202709033435716630391088,0.12019683740202709564397317169879735
1.05351087596089,1.0535108759608864680721839503288334,1.0535108759608864104741511001581292
8.31143945070951,8.311439450709511768978532567803087,8.3114394507095114409425934407632353
1.27743620298102,1.2774362029810213218025652113966486,1.2774362029810213589245435340896914
0.755725399731122,0.75572539973112202739078568347347699,0.75572539973112191985641231428882518
1.10985406286563,1.1098540628656341893720790301984062,1.1098540628656342732968342485415601
1.23943979502371,1.2394397950237130914488812839906596,1.2394397950237129932601777847096421
0.883844286537165,0.88384428653716494845693823496243572,0.88384428653716496441378730383048748
0.536578862595869,0.53657886259586855412679809152205997,0.53657886259586853114303344324829766
1.33478678304143,1.3347867830414261857599378066769024,1.3347867830414260928766481066665712
0.505092179160634,0.50509217916063394329803003233372924,0.50509217916063391544671375656745456
7.06427679855596,7.0642767985559546016261947209186998,7.0642767985559553455492667831002245
1.39218424645303,1.3921842464530342536483555400645145,1.3921842464530343281119815705443023
0.363700850843315,0.36370085084331490797359967433902162,0.36370085084331485671349790248616037
1.91771204568378,1.9177120456837823304962343363119342,1.9177120456837820916712209459700875
1.22769537341571,1.2276953734157065252033786359359601,1.227695373415706592742052077071269
3.56241925924281,3.5624192592428112022701766526675167,3.5624192592428107942197770917905992
0.899200678815014,0.89920067881501383649589408263970291,0.89920067881501389387108910489967045
0.619921468643606,0.61992146864360589640630338681045406,0.61992146864360583626018863879029529
3.78276069068874,3.7827606906887412612423826264627745,3.7827606906887415227815256729154969
0.810054871978833,0.81005487197883333390264308889357179,0.81005487197883326981711522477950796
2.60464312055702,2.6046431205570241951735008038107867,2.6046431205570241706565573699313598
0.867590330803386,0.8675903308033857791005421292418809,0.86759033080338575587661395030699621
0.182400645255826,0.18240064525582634393372930170452026,0.18240064525582637653812864519997394
3.42194658210452,3.4219465821045205585343417907340083,3.4219465821045209212164528879596455
1.56630920864809,1.5663092086480852195395024348647059,1.5663092086480851904296335821607408
0.385879845044398,0.38587984504439777536113962981210201,0.38587984504439774932613106954784013
0.655883614554707,0.65588361455470708285072661217939053,0.65588361455470717407396042076385382
0.830393108415004,0.83039310841500357416650688123878306,0.83039310841500358175365006586547726
2.53078592601935,2.5307859260193455188988240066847473,2.5307859260193454584390407447769103
0.604734550310813,0.60473455031081334241273289947826522,0.60473455031081337131913805066319057
1.49767732569472,1.4976773256947202313799093529415561,1.4976773256947202276617704343915675
0.723499793195271,0.72349979319527092035165853581661985,0.72349979319527088351993819242273837
0.706853233712018,0.7068532337120184794889320754793553,0.70685323371201845936244064897783981
1.32498972901297,1.3249897290129684910698194462267873,1.3249897290129683271186643660374259
0.478158667218709,0.47815866721870910471610670968921831,0.4781586672187090714134905040412383
1.47915100392938,1.479151003929379830842382298013745,1.4791510039293797708670480691821062
0.684943674288236,0.684943674288236186465329695549626,0.68494367428823624357420038600841758
0.884808709771809,0.88480870977180934072656334318079742,0.88480870977180938968878301968007784
1.54166271588008,1.5416627158800770452439402089043219,1.5416627158800771219494371524957312
0.232672096089237,0.23267209608923699738970092054333046,0.232672096089237005795627990515274
1.9482002364448,1.9482002364448039002601322428587694,1.9482002364448039317426115061631841
0.910235680917616,0.9102356809176154710305593750080677,0.9102356809176155759950385144497768
0.485709954052263,0.48570995405226256826821156707163324,0.48570995405226259664758742886325968
1.07785475437397,1.0778547543739651996718656431254665,1.0778547543739653194231713285332295
0.594148823090416,0.59414882309041548010364326872066791,0.5941488230904155219237460627672724
0.246972026747825,0.24697202674782521970636488005184109,0.24697202674782519012126599151739135
1.66246632840756,1.6624663284075585235119379988230872,1.6624663284075584417476208783677072
1.26019948695199,1.2601994869519876573451587295904009,1.2601994869519877241157370031533945
0.625710165515634,0.62571016551563407686191869782756261,0.62571016551563400545003866319002089
0.149352502788058,0.14935250278805780985657631027006785,0.1493525027880578132327741823215525
2.83300508380678,2.8330050838067802398622956969945115,2.8330050838067801155862030428664443
0.422278944822558,0.42227894482255842049909774187472589,0.42227894482255837889396757918074936
0.225859518602357,0.22585951860235687032369112597656418,0.22585951860235686556538114206056143
1.63977418918712,1.6397741891871206416006092934917446,1.6397741891871207602996260662980583
1.08739814088067,1.0873981408806732200577249376936851,1.0873981408806732925710840010786015
1.10223785241827,1.1022378524182700673779170155616519,1.1022378524182701389659807919666087
1.28548094908831,1.2854809490883101183149006066544365,1.2854809490883101233700858609351877
0.749739012119044,0.7497390121190436281370191349605008,0.74973901211904355339295785284327783
4.57190143503357,4.5719014350335747613907014617292486,4.5719014350335751069143216575899879
3.12758857093729,3.1275885709372874324526320921313732,3.1275885709372875317672140594049577
2.35530211140455,2.355302111404553949207426742619981,2.3553021114045541167094897874936839
0.206968825393563,0.20696882539356305555700181453212595,0.20696882539356307681088616168344886
0.378338292419277,0.37833829241927661843375615204760614,0.37833829241927664786034794424536036
0.674107489684275,0.67410748968427493958422419002262765,0.67410748968427489776211187216004516
2.29561617039978,2.2956161703997787494333575937024004,2.2956161703997787869691774283541225
0.336267298895628,0.33626729889562811300006736480736064,0.33626729889562812596327481962635344
3.71773000758399,3.7177300075839931774847067523414031,3.71773000758399364725092855713875
1.21651665303927,1.216516653039271397002614647390815,1.2165166530392713858603190249138554
0.664127193278385,0.66412719327838530968943074871094277,0.66412719327838525954132736844491672
0.992477738711188,0.99247773871118768430053806379115155,0.9924777387111875617725111074840383
1.33436810302372,1.3343681030237153545314355767578136,1.334368103023715380205497680090491
3.76871970138981,3.7687197013898053771056996748800954,3.7687197013898051761899974979907656
0.766692062060483,0.76669206206048271655394781429643129,0.76669206206048264730380143863291872
3.04579058214994,3.0457905821499438300841224504496752,3.0457905821499433988011761078497074
0.623851149098709,0.6238511490987093085988694401764073,0.62385114909870936449929556717084217
2.93883421389601,2.9388342138960051972023655518385389,2.9388342138960053997859824183435292
2.10640625089684,2.1064062508968394463319202412355807,2.1064062508968396078420153418585607
0.705927985436534,0.70592798543653412190891561268477681,0.70592798543653412257768774933532831
1.19404587830389,1.1940458783038941537786136884504618,1.194045878303894113295093777431347
0.265651545670884,0.26565154567088411232988621680376787,0.26565154567088411760833875984573987
2.57063025640516,2.5706302564051592553955680434439604,2.5706302564051594141924310813976144
1.61256724086701,1.6125672408670139887678352513203302,1.6125672408670139581741431195670081
0.915127610790755,0.91512761079075535809220089764722253,0.91512761079075530256336643755048038
7.38201634753154,7.3820163475315399940002157841167663,7.3820163475315409251996089314096911
1.95473443652159,1.9547344365215929626230655404580019,1.9547344365215931696980595742278621
0.489488695008334,0.48948869500833367648507353450083816,0.48948869500833371533440135259142313
0.942261074188424,0.94226107418842376679982565171268348,0.94226107418842373890207752204552067
0.426735259467448,0.42673525946744786269003161187154496,0.42673525946744792053512692682691405
2.44642704122401,2.4464270412240148186575466905311764,2.4464270412240147325868705440254451
2.37069231261781,2.3706923126178126066332037475312858,2.3706923126178123627011690467857445
0.725013641353523,0.72501364135352264561441137746590929,0.725013641353522496602050150215393
0.417015866985208,0.41701586698520813670302959558269043,0.41701586698520816351372513913720315
1.12919654800084,1.1291965480008387407403720608075184,1.1291965480008388505487086768168017
1.98080029640111,1.98080029640110636187314101533409,1.9808002964011065215966513440580652
0.168320015645557,0.16832001564555678565002153515040983,0.16832001564555679827220388109464577
1.06080828469225,1.0608082846922543631162135954032506,1.0608082846922544582558237506059179
1.21208860960679,1.2120886096067920318975086600831955,1.2120886096067919461771577872722186
0.47027485411397,0.47027485411396983632210845577557256,0.47027485411396987065051165949057002
0.80966293750259,0.80966293750258954397801611867717449,0.80966293750258956108146681708066647
0.578799421635388,0.57879942163538829771091355660127901,0.57879942163538829132715452463703875
1.50529628068091,1.5052962806809068830272511621043932,1.5052962806809069739632147031332431
0.241825506226718,0.24182550622671800634570436421814937,0.2418255062267179958795555622721039
1.07042679718126,1.0704267971812608720563342592014503,1.0704267971812607621251305353652214
0.147939527422671,0.14793952742267123570943717236604464,0.14793952742267125425159740423683941
0.807148516024056,0.80714851602405573442624492373630231,0.80714851602405563442530572727941372
0.262353057380693,0.26235305738069280724810045109763146,0.26235305738069281520997816362949612
1.7818354943483,1.7818354943482952670773979857234679,1.7818354943482952243517079100807733
2.52804891711128,2.5280489171112802630605255023795695,2.5280489171112803866035211479071906
4.9435628119036,4.9435628119035953229083736281657976,4.9435628119035947439190147357245438
0.81846790599411,0.81846790599411017196405409506546877,0.81846790599411029632972131637366224
1.27574801122195,1.2757480112219459659096446008326036,1.2757480112219458056721028256750524
1.82473032157111,1.8247303215711094752560847737515983,1.824730321571109487708222364711884
2.0829017189284,2.082901718928401882962749550419261,2.082901718928401743042126145379292
2.66084446282849,2.6608444628284898084529063695944439,2.6608444628284896768151324734654654
1.59266193027531,1.5926619302753136724566067115053324,1.5926619302753138780242332885857374
1.51048568780416,1.5104856878041550640553358114836254,1.5104856878041550380346808633255981
0.40368062181439,0.40368062181439043532627324183078554,0.40368062181439037607255300300938179
1.16409786494248,1.1640978649424788553866367936723532,1.164097864942478814764675778871836
0.587293666401349,0.58729366640134851872037952473090336,0.5872936664013484852213369778643253
2.03429261344908,2.0342926134490785916783875514821498,2.0342926134490785934256494294299229
0.965276474184159,0.96527647418415868158300567449922118,0.96527647418415879692835220191473068
1.22655432613159,1.2265543261315911069577689737813054,1.226554326131591266251332541335142
1.53958181780528,1.5395818178052808091992654940016906,1.5395818178052805800005363576443855
2.17821726543064,2.1782172654306392536560886030787776,2.1782172654306393775080798702543358
0.905608622793144,0.90560862279314422878472862232206383,0.90560862279314426465715576176104463
0.394114952310595,0.39411495231059481117334054576154487,0.39411495231059476248442884744806935
0.925873168035828,0.92587316803582749426036250279773644,0.92587316803582756928838400871703093
1.66792801556653,1.6679280155665281255044092472570713,1.6679280155665281620254163203600674
1.50251528874412,1.5025152887441201739262543185653006,1.5025152887441202546812145385153781
1.45182984172676,1.4518298417267561778045438802339488,1.4518298417267560413266545549729523
0.138655410564869,0.13865541056486903783750594401210103,0.13865541056486903225772217582846996
0.270195506694444,0.2701955066944438049775908378615093,0.27019550669444381496169172047301623
1.3082135977098,1.308213597709804537069801371597671,1.3082135977098047227405208774820141
2.3606206040544,2.36062060405440029138870397590677,2.3606206040544001442501370328607156
0.524982430938828,0.5249824309388277812359408294613382,0.52498243093882780516145455247546372
0.11952066852907,0.11952066852907024853191218422124726,0.11952066852907025990930155035647348
0.131967467494514,0.13196746749451382903102224499092092,0.13196746749451381845845677763351554
1.65296004656783,1.6529600465678342989776048780726893,1.6529600465678341815219844720018375
4.97387038455845,4.9738703845584488939161385773674598,4.9738703845584494359614104595028238
0.241047636496486,0.24104763649648625888502056479920866,0.24104763649648624225094590290099234
2.0871881611052,2.0871881611051963294802680178409362,2.0871881611051963217010322107754154
0.414860853696791,0.41486085369679093931895556976159628,0.41486085369679092499038426525585721
2.10489606513396,2.1048960651339575349192441137427649,2.1048960651339573431419753831425604
1.68250646366736,1.6825064636673562671085646017924853,1.6825064636673564219228838608362805
3.17336436765657,3.1733643676565743530204798558729691,3.1733643676565743862738401107020778
0.250375875670633,0.25037587567063267029359417008462754,0.25037587567063270172591251523472932
3.92852279424989,3.9285227942498941081201952105536138,3.9285227942498945628090767374218547
0.926389386252737,0.92638938625273729085865780127234304,0.9263893862527372229622422275319761
0.198679463455845,0.19867946345584539354250701201954164,0.19867946345584538607282006175091693
0.371858084868659,0.37185808486865912460707118564339202,0.37185808486865911990769649880649236
2.42365422648234,2.4236542264823363084993061754064011,2.4236542264823365228430347663673238
1.1655419921393,1.1655419921393023183648947092305285,1.1655419921393023853287822302771076
0.136117649367379,0.13611764936737900365300792481240751,0.13611764936737898747069262418415929
0.914084656516494,0.91408465651649440659754763659812023,0.91408465651649438981051498954393447
2.6780538627358,2.6780538627357953761586249436969654,2.6780538627357955984055261671290955
0.201151970161369,0.20115197016136940876634977213172082,0.20115197016136939790115210415905028
1.14300345899873,1.1430034589987267634968216789221686,1.1430034589987269280801422860625774
0.506847168447394,0.50684716844739409631713710110916308,0.50684716844739406531218452003968348
0.475497092712587,0.47549709271258728435184958003639082,0.47549709271258726975304943620166035
1.42052236427081,1.4205223642708132352689366170038528,1.4205223642708130419362789449288982
1.29355271417809,1.2935527141780933836582320460918044,1.2935527141780933478617513222519153
0.92458344849222,0.92458344849221984745915676416399207,0.92458344849221985334261546864371487
1.57973013916117,1.5797301391611736204839385255664873,1.5797301391611734838233164690708521
0.767968885016117,0.76796888501611749912750124632386612,0.76796888501611747333403659002849759
1.13452420460464,1.1345242046046419143467905066621965,1.1345242046046420530669489401211628
0.147503943220331,0.14750394322033113758432860061089033,0.14750394322033114380662782229978622
0.943392015781012,0.94339201578101193622477886575137121,0.94339201578101196378350586118543868
0.527914209798944,0.52791420979894360503696379914727837,0.52791420979894369684547776533668037
0.862480237635804,0.8624802376358038110084979648044782,0.86248023763580386286649821572522721
0.357856951563651,0.35785695156365111530354988753107485,0.35785695156365109364721638376931497
1.63485367713096,1.6348536771309625931923821192488,1.6348536771309624542748477685943345
0.365748191913594,0.36574819191359360546347507327343054,0.36574819191359357441892579597291702
0.985329818665083,0.98532981866508325561744584649451302,0.98532981866508332470937204687041995
1.68360376484718,1.6836037648471755296694808846671709,1.6836037648471756328446471159023431
0.440523681724609,0.44052368172460875175182815545452584,0.44052368172460877258196154181165829
0.382150014098744,0.38215001409874449266462852359713818,0.38215001409874449712494788433227856
1.84436572060077,1.8443657206007661423125873841110656,1.8443657206007662593510112640449665
2.68128889607937,2.6812888960793698564830728135063106,2.6812888960793695638753425593962265
1.98043580113795,1.9804358011379465402341139603552632,1.9804358011379466482709375516831491
1.10139989126657,1.1013998912665688031015375870877092,1.1013998912665687705353124058208297
0.34598682550495,0.34598682550494962938491175912162665,0.34598682550494964161781149421045157
1.14397587168815,1.1439758716881484000602929605809969,1.1439758716881483411281817191924165
0.344148115189562,0.3441481151895619575993922406594864,0.34414811518956195021717089199608799
1.10278809958201,1.1027880995820091873464660385282517,1.1027880995820091821120515159206656
1.13118592244798,1.1311859224479834901351479870075445,1.1311859224479833868408421026968359
0.917770981894601,0.9177709818946010905609203355124748,0.91777098189460122268990534667684297
0.714816592932161,0.71481659293216092779098541888524221,0.71481659293216093706425656471984116
0.112634899859921,0.11263489985992149653868919288104948,0.11263489985992148858212492633517757
0.282379617159647,0.28237961715964727780919391547360308,0.28237961715964725630096237624381748
2.87412591705162,2.8741259170516231947610488748992498,2.8741259170516234987692602555384223
2.35481140065453,2.3548114006545298915694629732957249,2.3548114006545296338958096265354909
0.39226813114148,0.39226813114147950962393071095741573,0.3922681311414795197110303764855185
0.599021157840012,0.59902115784001174136258557459157835,0.59902115784001176491207954919147419
1.34952652281993,1.3495265228199311769586477601456016,1.3495265228199310813394328726667393
1.19502910025558,1.1950291002555764385438060658673362,1.1950291002555763697880656449667589
2.90622770088954,2.9062277008895396709109273250105093,2.9062277008895395961329986131859694
0.846732724851099,0.84673272485109861413851944237638098,0.8467327248510986422045641665773673
0.29534665340407,0.29534665340406991005954936081278788,0.29534665340406989632577775882938227
1.1818101606089,1.181810160608896678656892641327011,1.1818101606088966288542087336576428
3.06787347661208,3.067873476612082996365339019380656,3.0678734766120825991991508736520861
0.402998915421832,0.40299891542183227444886453945223384,0.40299891542183222336413025637007995
1.48082397162996,1.4808239716299643433002414522879883,1.4808239716299641848921625213743483
5.37322803770324,5.3732280377032427759324924556040065,5.3732280377032420665279936509705165
2.58096492765205,2.5809649276520544298569218623309308,2.5809649276520547238405895247560541
0.616610970284792,0.61661097028479241290903987501479669,0.61661097028479237178805929179099925
1.254465173758,1.2544651737580041664821971165130209,1.2544651737580041303109913757888324
2.87355181400847,2.8735518140084662874279419449070483,2.8735518140084664651589119492651864
0.779670948090756,0.77967094809075554711778623064790921,0.77967094809075549359895642634579805
0.659590630817836,0.65959063081783596355436136281258535,0.65959063081783598985950059369298588
2.19464527600793,2.1946452760079307183606931886243394,2.1946452760079309947793488019431925
4.15016749237762,4.1501674923776167882329494078900758,4.1501674923776164481091152209531431
2.27239252103232,2.2723925210323195569451458417468278,2.2723925210323194010363691355443889
0.64749625157184,0.64749625157184016361154152638400828,0.64749625157184025430924958835460832
1.05057990865362,1.0505799086536242852390376186290292,1.0505799086536242599094304920813532
8.01730035185197,8.0173003518519735263698971797008638,8.01730035185197421749123849773348
1.64492162085751,1.6449216208575141403970995611764697,1.6449216208575141476442674160914285
0.186500596813131,0.18650059681313068746943042035628161,0.186500596813130697280933993419688
1.28899577404451,1.2889957740445101809484764496238667,1.2889957740445101318243690505249653
0.626311395701981,0.62631139570198150120790935513118894,0.62631139570198143065863539480583053
1.5258304021705,1.5258304021705020506502788577300172,1.5258304021705020122836830467612408
1.06759262505929,1.0675926250592935064871531845994973,1.0675926250592935571519441385760224
0.729063682722151,0.72906368272215087312733261662902595,0.72906368272215078650870678663817939
0.396570825095717,0.39657082509571706226116101410001206,0.39657082509571705990235306140972607
1.34284298264206,1.3428429826420644871781430792982863,1.3428429826420644637913457900065171
0.472384852651317,0.4723848526513166666399848361147572,0.47238485265131671135682783303810283
0.258671513175433,0.25867151317543341880893637395780017,0.25867151317543340039846055545644473
1.68203988848814,1.6820398884881439151783785042793974,1.6820398884881436572313954251144644
0.518868411504111,0.51886841150411135419180555804113299,0.51886841150411132102131358802372438
1.49659211637846,1.4965921163784590171575019071967543,1.4965921163784590112710702355326651
0.838298800173323,0.83829880017332344041581665897937043,0.83829880017332351418967289554458589
2.50014385221363,2.5001438522136340170483481310402591,2.5001438522136337594041333536987303
0.282443439211062,0.2824434392110621356951359659034342,0.28244343921106212546137572721260364
1.86831328745889,1.868313287458885526056772633313942,1.8683132874588854227015161626294326
0.121194192368529,0.1211941923685293551481066919157983,0.12119419236852934898444400969960218
0.225640869450395,0.22564086945039461036731179504730644,0.22564086945039459845642656816035651
0.418260885574653,0.41826088557465264774920055002054655,0.41826088557465256383243674137016955
