ridicare la patrat cu precizie 64,ridicare la patrat cu precizie double2,ridicare la patrat cu precizie fp128
0.812051933390266,0.8120519333902660886019445883795125,0.81205193339026608860194458837952483
0.0184371715957917,0.018437171595791679964617876299229845,0.018437171595791679964617876299229845
0.335090621510911,0.335090621510911291698405671024233,0.335090621510911291698405671024233
0.265981225785804,0.26598122578580374942014404554822924,0.26598122578580374942014404554824156
0.190557619842407,0.19055761984240735238254975683476169,0.19055761984240735238254975683477401
0.815606505253388,0.8156065052533878835186561663932212,0.8156065052533878835186561663932212
0.131299080461519,0.13129908046151896000818064949445232,0.13129908046151896000818064949445232
0.683201164475073,0.68320116447507316062352641368437548,0.68320116447507316062352641368437548
0.841131853277341,0.84113185327734116878380985529973361,0.84113185327734116878380985529978291
0.732611591397349,0.73261159139734860777534299817784892,0.73261159139734860777534299817786124
0.681634118749924,0.68163411874992426734289458998598265,0.68163411874992426734289458998598265
0.182864532071018,0.1828645320710184048911001088549432,0.1828645320710184048911001088549432
0.0468216514458708,0.046821651445870795193645935409476406,0.046821651445870795193645935409476406
0.149396441445567,0.14939644144556713063508788897910803,0.14939644144556713063508788897910803
0.405887081749827,0.40588708174982659058845409590615937,0.40588708174982659058845409590617169
0.664997043088952,0.66499704308895185404743197411663222,0.66499704308895185404743197411663222
0.705081037013641,0.70508103701364097734409662102925547,0.70508103701364097734409662102925547
0.720307600924212,0.72030760092421223940678313229987699,0.72030760092421223940678313229987699
0.95535421729271,0.95535421729270959695004066725140031,0.95535421729270959695004066725140031
0.690213033266148,0.69021303326614782352733219524336274,0.69021303326614782352733219524336274
0.0984551347903183,0.098455134790318309123301981671376928,0.09845513479031830912330198167138001
0.531896648506994,0.53189664850699393092580868743415324,0.53189664850699393092580868743416557
0.224391699172282,0.22439169917228164611372848969431549,0.22439169917228164611372848969431549
0.613654448864674,0.61365444886467398026505733447853761,0.61365444886467398026505733447854994
0.524335061574016,0.52433506157401565483029709390160241,0.52433506157401565483029709390160241
0.0149209991863764,0.014920999186376365888306931352519365,0.014920999186376365888306931352520135
0.197922407232673,0.19792240723267348486232576618606619,0.19792240723267348486232576618606619
0.0111655960273638,0.01116559602736376645269787995719151,0.01116559602736376645269787995719151
0.583915368508461,0.58391536850846097273260276328658695,0.58391536850846097273260276328659928
0.295853883171334,0.2958538831713337888412033285454494,0.2958538831713337888412033285454494
0.105295783154653,0.10529578315465320515865265175870376,0.10529578315465320515865265175870684
0.667518428443147,0.66751842844314671387413352756942808,0.66751842844314671387413352756944041
0.0362787685475671,0.036278768547567098707816407622888434,0.036278768547567098707816407622888434
0.958036533821046,0.95803653382104594764262493419880067,0.95803653382104594764262493419880067
0.915060997669748,0.9150609976697476476912196678417537,0.9150609976697476476912196678417537
0.219987114866747,0.21998711486674721286201648966159393,0.21998711486674721286201648966159393
0.627576931663714,0.62757693166371352304619047778404344,0.62757693166371352304619047778404344
0.0304216367032381,0.030421636703238066476818657336529664,0.030421636703238066476818657336532746
0.653836053783256,0.65383605378325627969847131181170214,0.65383605378325627969847131181175144
0.249591339962797,0.2495913399627970178774374777210097,0.2495913399627970178774374777210097
0.479014170895134,0.47901417089513410387275889505312686,0.47901417089513410387275889505313919
0.194032038866248,0.19403203886624794867905336071291643,0.19403203886624794867905336071292876
0.0225219478821563,0.022521947882156253704492817063116711,0.022521947882156253704492817063116711
0.0333839278944436,0.033383927894443577131889059399783271,0.033383927894443577131889059399783271
0.025210044360728,0.025210044360728001711899093072713348,0.025210044360728001711899093072714118
0.0561308634370604,0.056130863437060365746027806455407499,0.056130863437060365746027806455408269
0.0455237661416247,0.045523766141624662812417785026272242,0.045523766141624662812417785026272242
0.244204851497408,0.24420485149740782905320004116284948,0.24420485149740782905320004116284948
0.146772841092824,0.14677284109282372045033380565508827,0.14677284109282372045033380565510059
0.616269868120575,0.61626986812057458693998321936787758,0.61626986812057458693998321936787758
0.880433714183538,0.88043371418353832111192205206704423,0.88043371418353832111192205206709353
0.234228983839816,0.23422898383981634764775492175162072,0.23422898383981634764775492175162072
0.654964536804007,0.65496453680400662988581063520660821,0.65496453680400662988581063520660821
0.0305942825672414,0.030594282567241382338355074533027891,0.030594282567241382338355074533027891
0.157429867975156,0.15742986797515641861553440117156989,0.15742986797515641861553440117156989
0.729450516642829,0.72945051664282895963051521391932797,0.72945051664282895963051521391932797
0.35857490676427,0.358574906764270407260491974834547,0.35857490676427040726049197483459631
0.266152036976378,0.26615203697637770678898911040734679,0.26615203697637770678898911040734679
0.168343249957414,0.16834324995741429963241358031231072,0.16834324995741429963241358031231072
0.238081663898208,0.2380816638982084566734644216895031,0.2380816638982084566734644216895031
0.673143312922736,0.67314331292273565875790374375968918,0.67314331292273565875790374375968918
0.19495020051479,0.19495020051478968191487610334126214,0.19495020051478968191487610334126214
0.128306372796668,0.12830637279666833934877041663693034,0.12830637279666833934877041663693034
0.621889948890929,0.62188994889092910263394205573948893,0.62188994889092910263394205573948893
0.193873594140488,0.19387359414048787422437360298386784,0.19387359414048787422437360298386784
0.585615874064502,0.58561587406450151253201020921444716,0.58561587406450151253201020921445949
0.335117385649293,0.33511738564929261076073099730478892,0.33511738564929261076073099730478892
0.0369901903548735,0.036990190354873512246653011360230016,0.036990190354873512246653011360230787
0.461485171259946,0.46148517125994551393341188451856963,0.46148517125994551393341188451856963
0.0284571536120988,0.028457153612098847789143504415315635,0.028457153612098847789143504415315635
0.0294318639953897,0.029431863995389675111546049892026004,0.029431863995389675111546049892026004
0.0601850725227185,0.060185072522718450022371330578929544,0.060185072522718450022371330578929544
0.0106546415230586,0.010654641523058566332277746118777219,0.010654641523058566332277746118777412
0.139263240359613,0.13926324035961282974731716360545193,0.13926324035961282974731716360545193
0.626297780136904,0.62629778013690441334003874698232922,0.62629778013690441334003874698234154
0.805611515269739,0.80561151526973915560996844620333103,0.80561151526973915560996844620334336
0.0916754633995437,0.091675463399543704830414401271858891,0.091675463399543704830414401271858891
0.0621385363062944,0.062138536306294386644324335052993671,0.062138536306294386644324335052994441
0.732579280101794,0.73257928010179426126077058923150873,0.73257928010179426126077058923150873
0.50898567446898,0.50898567446897991228993634571217282,0.50898567446897991228993634571217282
0.0899493045382567,0.089949304538256719938795690578793922,0.089949304538256719938795690578793922
0.638501999603225,0.63850199960322528455977036744350313,0.63850199960322528455977036744350313
0.761835690039017,0.76183569003901733019019069279927715,0.76183569003901733019019069279927715
0.219926759470559,0.21992675947055916794276601350083636,0.21992675947055916794276601350083636
0.584609792050266,0.58460979205026633173234587068220559,0.58460979205026633173234587068221791
0.619085324525108,0.61908532452510796081541217029827044,0.61908532452510796081541217029827044
0.787158901553368,0.78715890155336815433394432727604842,0.78715890155336815433394432727604842
0.94198731363562,0.94198731363562049337738155501993707,0.94198731363562049337738155501993707
0.420052070723414,0.42005207072341360121161985813328479,0.42005207072341360121161985813333409
0.761401706913313,0.76140170691331263752936632353354506,0.76140170691331263752936632353355739
0.0251557967034047,0.02515579670340468818924879977336251,0.025155796703404688189248799773365591
0.404415952626836,0.40441595262683587832808550403946814,0.40441595262683587832808550403951745
0.40071125386465,0.40071125386465043603036116617531985,0.40071125386465043603036116617533218
0.70199024080854,0.70199024080853953152484125782657947,0.70199024080853953152484125782659179
0.0671758332270454,0.06717583322704535540738347171118759,0.067175833227045355407383471711190672
0.277395976227042,0.27739597622704216228939913899269176,0.27739597622704216228939913899270409
0.984822317659882,0.98482231765988175501544968184806651,0.98482231765988175501544968184807883
0.862115580371017,0.86211558037101649321912352799895733,0.86211558037101649321912352799895733
0.0114536481567736,0.011453648156773627191580588816034856,0.011453648156773627191580588816034856
0.0631254713290562,0.063125471329056159685669429143274051,0.063125471329056159685669429143274051
0.658895115470662,0.65889511547066212708711682270983537,0.65889511547066212708711682270983537
0.18497490947231,0.18497490947231013661469086029033528,0.18497490947231013661469086029033528
0.0769536086100234,0.076953608610023371533571202417374577,0.076953608610023371533571202417374577
0.449154056406534,0.44915405640653416049474648726435377,0.44915405640653416049474648726435377
0.0847965399071924,0.084796539907192409137172650914077123,0.084796539907192409137172650914077123
0.0728855587090844,0.072885558709084452912520447856946837,0.072885558709084452912520447856949919
0.554323315344401,0.55432331534440150699868785157950991,0.55432331534440150699868785157952224
0.10308886175193,0.1030888617519303168205520071165967,0.1030888617519303168205520071165967
0.0808916013062801,0.080891601306280084685436716021107676,0.080891601306280084685436716021107676
0.618997517057586,0.61899751705758599162161365462704778,0.61899751705758599162161365462704778
0.355120536625499,0.35512053662549919611674014171225629,0.35512053662549919611674014171225629
0.121369571703589,0.12136957170358935223351434398015069,0.12136957170358935223351434398015069
0.230585649968214,0.23058564996821364431995332536715997,0.23058564996821364431995332536715997
0.023494654316512,0.023494654316511955879159849412119958,0.023494654316511955879159849412119958
0.248757037539496,0.24875703753949596926143354596041133,0.24875703753949596926143354596041133
0.137785558671747,0.13778555867174693390251647752355811,0.13778555867174693390251647752355811
0.276437405440855,0.27643740544085507847725905364865883,0.27643740544085507847725905364867116
0.533741318954973,0.53374131895497316476022708683421907,0.5337413189549731647602270868342314
0.951876031532403,0.95187603153240338928327396331935026,0.95187603153240338928327396331936259
0.792159479936847,0.79215947993684677468453722054038325,0.79215947993684677468453722054038325
0.669561442993998,0.66956144299399775829548059609654553,0.66956144299399775829548059609654553
0.112234152303311,0.11223415230331103940084997391545389,0.11223415230331103940084997391545389
0.335480521415765,0.33548052141576516446112488300720333,0.33548052141576516446112488300720333
0.102130961746846,0.10213096174684624459572652183419128,0.10213096174684624459572652183420361
0.657928878063868,0.65792887806386801952188656103381707,0.65792887806386801952188656103382939
0.241643857092473,0.24164385709247274032832460256544599,0.24164385709247274032832460256544599
0.505429184605665,0.50542918460566460723724718665750142,0.50542918460566460723724718665750142
0.133707209895319,0.13370720989531939596946524419076547,0.13370720989531939596946524419076547
0.0770325635965227,0.077032563596522703447735655011127876,0.077032563596522703447735655011140202
0.276467134447336,0.276467134447335744240509770892352,0.276467134447335744240509770892352
0.145365395402197,0.14536539540219712989693588786458413,0.14536539540219712989693588786458413
0.0208240659661415,0.020824065966141546886590503048230528,0.02082406596614154688659050304823361
0.0464010102032975,0.046401010203297508819231937160659845,0.046401010203297508819231937160659845
0.57593530307178,0.57593530307178039659744389740542197,0.57593530307178039659744389740542197
0.548090902020221,0.54809090202022115747249008582079708,0.54809090202022115747249008582080941
0.703215130567075,0.70321513056707532223810167649166342,0.70321513056707532223810167649166342
0.416262235350037,0.41626223535003723651338565245424273,0.41626223535003723651338565245425506
0.237781882063388,0.23778188206338807872291548900924892,0.23778188206338807872291548900924892
0.289307210390064,0.28930721039006399780291532667668182,0.28930721039006399780291532667668182
0.394954758162167,0.39495475816216736616306466267329127,0.39495475816216736616306466267329127
0.0964295566674932,0.096429556667493199111773219721963025,0.096429556667493199111773219721963025
0.0938253071927802,0.093825307192780222004789530656790354,0.093825307192780222004789530656790354
0.961798979280938,0.96179897928093853230080648640777719,0.96179897928093853230080648640778952
0.029859498900245,0.029859498900244962763022260971730641,0.029859498900244962763022260971730641
0.266772675593847,0.26677267559384696896325256988102099,0.26677267559384696896325256988102099
0.210355162244084,0.21035516224408385442999337914813597,0.21035516224408385442999337914813597
0.670106675247142,0.67010667524714215763193521140744032,0.67010667524714215763193521140744032
0.0178602749014039,0.017860274901403932700915633882387905,0.017860274901403932700915633882390986
0.524187973853766,0.52418797385376592166505661865951453,0.52418797385376592166505661865951453
0.727470539445814,0.72747053944581424874745286050480712,0.72747053944581424874745286050481945
0.444411799052184,0.44441179905218374592263788548340633,0.44441179905218374592263788548340633
0.589195963069223,0.58919596306922307082310969207688513,0.58919596306922307082310969207689745
0.32219640429052,0.322196404290520059025435797944672,0.32219640429052005902543579794468433
0.499429659371182,0.49942965937118203565366946041463825,0.49942965937118203565366946041463825
0.147797805613828,0.14779780561382804838931701770745853,0.14779780561382804838931701770745853
0.0628125734715908,0.062812573471590815605528470048494927,0.062812573471590815605528470048494927
0.699579412341204,0.69957941234120421035972582389903987,0.6995794123412042103597258238990522
0.0171704190171641,0.017170419017164060579890663439608812,0.017170419017164060579890663439611894
0.640745703847801,0.64074570384780148110051800568111926,0.64074570384780148110051800568111926
0.89523837368073,0.89523837368072955262370633584438834,0.89523837368072955262370633584438834
0.647408100148269,0.64740810014826909046799801744099859,0.64740810014826909046799801744099859
0.525431149559877,0.52543114955987718370549741562692032,0.52543114955987718370549741562693264
0.309797539338818,0.3097975393388184263351545572246615,0.3097975393388184263351545572246615
0.0880292674487405,0.08802926744874048677883230981054143,0.08802926744874048677883230981054143
0.640610990409128,0.64061099040912777905908568552733637,0.64061099040912777905908568552733637
0.0926669367055377,0.092666936705537745326804001222654011,0.092666936705537745326804001222654011
0.0672553199866972,0.067255319986697192072240638719466166,0.067255319986697192072240638719469248
0.697978875292921,0.69797887529292052823616056075222225,0.69797887529292052823616056075222225
0.747984118626915,0.74798411862691512843498938161320898,0.74798411862691512843498938161322131
0.0769587366139842,0.076958736613984159385513036199796057,0.076958736613984159385513036199796057
0.212562673208686,0.21256267320868608850768887531854133,0.21256267320868608850768887531854133
0.0914122750345039,0.091412275034503866856120100471138999,0.09141227503450386685612010047114208
0.457781961156696,0.45778196115669554425428324773655788,0.45778196115669554425428324773655788
0.298005308759224,0.29800530875922416002455448911250393,0.29800530875922416002455448911250393
0.507288474280472,0.50728847428047244925795464543695472,0.50728847428047244925795464543700403
0.626827858892884,0.62682785889288400537495375719153055,0.62682785889288400537495375719154287
0.542264336678195,0.54226433667819485702734668766868268,0.54226433667819485702734668766868268
0.286471600187762,0.28647160018776241996667028105949927,0.28647160018776241996667028105949927
0.0156398696035267,0.015639869603526732024572037752381262,0.015639869603526732024572037752382033
0.251360288892813,0.25136028889281284846143752655760227,0.25136028889281284846143752655760227
0.0138228199844302,0.013822819984430190045653010730258171,0.013822819984430190045653010730258171
0.450644518610095,0.45064451861009453198890558427774838,0.45064451861009453198890558427774838
0.198772645903735,0.19877264590373483224809563706414334,0.19877264590373483224809563706414334
0.580690103109287,0.58069010310928734817867890782867235,0.58069010310928734817867890782867235
0.950019032877343,0.9500190328773425563382684488460185,0.9500190328773425563382684488460185
0.269051807140302,0.26905180714030231142500918630872038,0.26905180714030231142500918630872038
0.200850282883148,0.20085028288314763388386003533339484,0.20085028288314763388386003533339484
0.281775543477935,0.28177554347793494660278767860013954,0.28177554347793494660278767860015186
0.915237555763125,0.91523755576312499317607088030438476,0.91523755576312499317607088030439709
0.262146776829956,0.26214677682995630389674889934757638,0.26214677682995630389674889934757638
0.0683037044533188,0.068303704453318829162287594844673755,0.068303704453318829162287594844676836
0.997767472740111,0.99776747274011099489672612186377091,0.99776747274011099489672612186378323
0.688892308062074,0.68889230806207406395628226271286345,0.68889230806207406395628226271287577
0.0241759796786677,0.02417597967866774812261535353321035,0.02417597967866774812261535353321035
0.079750761837287,0.079750761837286960472479245490052702,0.079750761837286960472479245490052702
0.538929512325167,0.53892951232516682798954303618332741,0.53892951232516682798954303618333973
0.108244431007566,0.10824443100756570592878723054242012,0.10824443100756570592878723054242012
0.478335467461891,0.47833546746189121159225896079559365,0.47833546746189121159225896079560597
0.147307823756414,0.14730782375641412523499964660251474,0.14730782375641412523499964660251474
0.804177367134463,0.80417736713446292809475261443863826,0.80417736713446292809475261443865058
0.667742667983971,0.66774266798397133780571584208858271,0.66774266798397133780571584208859503
0.148854443016388,0.14885444301638823412142263067594949,0.14885444301638823412142263067596182
0.679615287351256,0.67961528735125630170071654148901114,0.67961528735125630170071654148906045
0.0382657471862044,0.038265747186204369546622576089344,0.038265747186204369546622576089347081
0.542995042011358,0.54299504201135842768294429030380526,0.54299504201135842768294429030380526
0.749733528401833,0.74973352840183308171415590920734463,0.74973352840183308171415590920734463
0.848150610017582,0.84815061001758182828045493074647248,0.84815061001758182828045493074652178
0.0861394963415718,0.086139496341571807150311017879316712,0.086139496341571807150311017879316712
0.0183580952831315,0.018358095283131546774029270277705842,0.018358095283131546774029270277705842
0.0451072844465058,0.04510728444650575371648300584830683,0.04510728444650575371648300584830683
0.244875229508034,0.24487522950803374228762926918517175,0.24487522950803374228762926918517175
0.152591218885115,0.15259121888511484406015559840404015,0.15259121888511484406015559840404015
0.938487145332729,0.93848714533272936626649545032840635,0.93848714533272936626649545032841867
0.494564754242434,0.49456475424243396449173936502207068,0.49456475424243396449173936502207068
0.651105267364695,0.65110526736469519864725450302353188,0.65110526736469519864725450302353188
0.497939975016941,0.49793997501694127543225060143206956,0.49793997501694127543225060143206956
0.0184904501010703,0.018490450101070258413890551628930525,0.018490450101070258413890551628930525
0.374310360570652,0.37431036057065176096957435051084251,0.37431036057065176096957435051084251
0.537829898589775,0.53782989858977529529995217850399315,0.53782989858977529529995217850399315
0.972618288409428,0.97261828840942807416056388649051377,0.97261828840942807416056388649051377
0.0811806384641168,0.081180638464116783283382006464431057,0.081180638464116783283382006464431057
0.88571378454659,0.88571378454659049026306141809992107,0.88571378454659049026306141809992107
0.878475581939025,0.87847558193902476419751446638136338,0.87847558193902476419751446638136338
0.0455031637573404,0.045503163757340415996972480794486183,0.045503163757340415996972480794489264
0.436762968766649,0.43676296876664945335110991378019054,0.43676296876664945335110991378019054
0.0640170162078836,0.064017016207883568842378917756933487,0.064017016207883568842378917756933487
0.0548367176418897,0.054836717641889718115580062157831714,0.054836717641889718115580062157832485
0.0250112235471154,0.025011223547115410423311733044793056,0.025011223547115410423311733044796137
0.264825781998782,0.26482578199878192795932534126742642,0.26482578199878192795932534126742642
0.91545294652506,0.91545294652506023585855167092222233,0.91545294652506023585855167092223466
0.0486855392598926,0.048685539259892646805315372265705977,0.048685539259892646805315372265709058
0.475630699975901,0.47563069997590067363723105220556661,0.47563069997590067363723105220556661
0.215541606022633,0.21554160602263334616417074330260462,0.21554160602263334616417074330261695
0.739907908761429,0.73990790876142924946589501403914205,0.73990790876142924946589501403914205
0.920860609280395,0.92086060928039535079251212876925343,0.92086060928039535079251212876925343
0.133044934148994,0.1330449341489944744006205559082351,0.1330449341489944744006205559082351
0.303218295224501,0.30321829522450090236853262191554553,0.30321829522450090236853262191554553
0.326346466326747,0.3263464663267470958773430230745869,0.3263464663267470958773430230745869
0.889833574055726,0.88983357405572607523901561448830833,0.88983357405572607523901561448830833
0.567807259876896,0.56780725987689591683459214563451284,0.56780725987689591683459214563451284
0.0763947312807486,0.076394731280748582338710677240255725,0.076394731280748582338710677240255725
0.0548270420221102,0.05482704202211020284689313996775488,0.05482704202211020284689313996775488
0.197996318608085,0.19799631860808459979325548038471155,0.19799631860808459979325548038471155
0.504749651892557,0.50474965189255689278574227505533514,0.50474965189255689278574227505534747
0.167691715538778,0.16769171553877799633520751096365955,0.16769171553877799633520751096365955
0.0431064450460877,0.043106445046087692070329529259409292,0.043106445046087692070329529259409292
0.162489334637234,0.16248933463723444088409587497009481,0.16248933463723444088409587497009481
0.445040833180278,0.44504083318027782502281971410861112,0.44504083318027782502281971410866043
0.0283480763568779,0.028348076356877861057036588376924587,0.028348076356877861057036588376927668
0.816528421094966,0.81652842109496653129626153910133621,0.81652842109496653129626153910138551
0.447000756947938,0.44700075694793784873226825151431063,0.44700075694793784873226825151431063
0.048600010739515,0.048600010739515006546020511155928485,0.048600010739515006546020511155928485
0.765917398850819,0.76591739885081909715825387390762353,0.76591739885081909715825387390762353
0.839362093819907,0.8393620938199065528246018792082537,0.8393620938199065528246018792082537
0.66424400679952,0.66424400679952025249304403927452451,0.66424400679952025249304403927453683
0.994176421337337,0.99417642133733724935173450732715297,0.99417642133733724935173450732715297
0.107583794426684,0.10758379442668365806804223652533019,0.10758379442668365806804223652533328
0.786409977550837,0.78640997755083723074744897288818534,0.78640997755083723074744897288818534
0.966972950004759,0.96697295000475940242497686918762916,0.96697295000475940242497686918762916
0.112490221441186,0.11249022144118625918553357575205397,0.1124902214411862591855335757520663
0.477906207757183,0.47790620775718297766008414180417842,0.47790620775718297766008414180417842
0.0992453128244465,0.099245312824446542094657336685210624,0.099245312824446542094657336685210624
0.337135534726621,0.33713553472662062855032549087863918,0.33713553472662062855032549087865151
0.241620301254884,0.24162030125488394650168352011306516,0.24162030125488394650168352011307748
0.461281278341375,0.46128127834137464217887251482315155,0.46128127834137464217887251482315155
0.372304328862504,0.37230432886250368426230236576291653,0.37230432886250368426230236576292885
0.073396499658629,0.073396499658628967352171493772642455,0.073396499658628967352171493772642455
0.347310987273759,0.34731098727375927714922669491005665,0.34731098727375927714922669491005665
0.17968278766695,0.17968278766694988449320413381220947,0.1796827876669498844932041338122218
0.0322003127574453,0.032200312757445296550317814785632425,0.032200312757445296550317814785633195
0.13985798072152,0.13985798072152022104522906218774193,0.13985798072152022104522906218774193
0.326477988695581,0.32647798869558083726060367245528466,0.32647798869558083726060367245528466
0.546332185359417,0.54633218535941678435458820269406954,0.54633218535941678435458820269408186
0.305271339622501,0.3052713396225013095587901653553608,0.3052713396225013095587901653553608
0.546310968475157,0.5463109684751571108315248568987409,0.5463109684751571108315248568987409
0.275519832056922,0.27551983205692206607396421243986816,0.27551983205692206607396421243986816
0.457609269346409,0.45760926934640874623697512912611219,0.45760926934640874623697512912612452
0.451923145128451,0.45192314512845095903056481434538385,0.45192314512845095903056481434538385
0.101129148756342,0.10112914875634224555748904831758331,0.10112914875634224555748904831758331
0.841308592855562,0.84130859285556204173701906204472586,0.84130859285556204173701906204472586
0.97553432547311,0.97553432547310991454035139877857691,0.97553432547310991454035139877857691
0.822746253940497,0.82274625394049676862598911233956241,0.82274625394049676862598911233961172
0.37728338055649,0.37728338055649029065680486807344247,0.37728338055649029065680486807344247
0.811299026693777,0.81129902669377660054135725410527312,0.81129902669377660054135725410532242
0.379901332585632,0.37990133258563202955808120417558085,0.37990133258563202955808120417558085
0.492565694518691,0.49256569451869110246405388932676705,0.49256569451869110246405388932677938
0.716187080813474,0.71618708081347381813094191713661084,0.71618708081347381813094191713661084
0.737964334252102,0.73796433425210155493454230196292741,0.73796433425210155493454230196293973
0.740192165926819,0.74019216592681854236553507077613972,0.74019216592681854236553507077613972
0.0174965017428311,0.017496501742831087948026731865211966,0.017496501742831087948026731865211966
0.377243101483673,0.3772431014836731667899433506945025,0.3772431014836731667899433506945025
0.0562285798749218,0.056228579874921790614932574444994873,0.056228579874921790614932574444994873
0.0188785140326155,0.018878514032615509551861547152094274,0.018878514032615509551861547152094274
0.270582853999004,0.27058285399900366439849474859855719,0.27058285399900366439849474859856951
0.459302170515148,0.45930217051514759872575794885259903,0.45930217051514759872575794885259903
0.816736138826581,0.81673613882658060008897240898592678,0.81673613882658060008897240898592678
0.0381941160130906,0.038194116013090619391637854202794593,0.038194116013090619391637854202794593
0.781455170650092,0.78145517065009178291610903806261785,0.78145517065009178291610903806261785
0.72125369010498,0.721253690104979835217975323537366,0.72125369010497983521797532353737832
0.0343294992097789,0.034329499209778910259434033942878644,0.034329499209778910259434033942878644
0.0171027495959154,0.017102749595915432622217629477965011,0.017102749595915432622217629477965011
0.479398167135934,0.47939816713593368748524201992547473,0.47939816713593368748524201992547473
0.214258957040507,0.2142589570405069291380824200761181,0.2142589570405069291380824200761181
0.257957465186056,0.25795746518605597964427311804711797,0.25795746518605597964427311804711797
0.54385866714367,0.5438586671436697692663915684787223,0.5438586671436697692663915684787223
0.106717428170289,0.10671742817028856096965335398111777,0.10671742817028856096965335398111777
0.672401666190393,0.67240166619039319124075500125880759,0.67240166619039319124075500125880759
0.359647377931161,0.35964737793116140633308357962935621,0.35964737793116140633308357962936853
0.5469059871825,0.54690598718250017182609959680484615,0.54690598718250017182609959680484615
0.0348766424174638,0.034876642417463764717384358354643368,0.034876642417463764717384358354644139
0.0953036640602297,0.095303664060229695532880661056647581,0.095303664060229695532880661056650663
0.725092501980617,0.72509250198061729901528950251937874,0.72509250198061729901528950251937874
0.63081290736143,0.63081290736143018947981914739922726,0.63081290736143018947981914739922726
0.375610897840724,0.37561089784072440216266257472134855,0.37561089784072440216266257472136088
0.549952296632363,0.54995229663236253234123561726490677,0.5499522966323625323412356172649191
0.0714755754512266,0.071475575451226575535880357870750343,0.071475575451226575535880357870753424
0.291169901007073,0.29116990100707330950964588992911374,0.29116990100707330950964588992912607
0.470319609262201,0.47031960926220052917495156309069504,0.47031960926220052917495156309069504
0.0106690620059188,0.010669062005918768950350953974361196,0.010669062005918768950350953974361196
0.829880792945014,0.82988079294501399559014661966649499,0.82988079294501399559014661966650732
0.0675072006234788,0.067507200623478807321118309339757934,0.067507200623478807321118309339757934
0.0148502701001703,0.014850270100170263674368451869714666,0.014850270100170263674368451869714858
0.412877518105033,0.41287751810503308755035623804776666,0.41287751810503308755035623804776666
0.15730656880579,0.15730656880579033150133380563042987,0.1573065688057903315013338056304422
0.66713433410468,0.66713433410467970787262470279385199,0.66713433410467970787262470279385199
0.271623671029367,0.2716236710293673883011754308201569,0.27162367102936738830117543082016923
0.0374933986235392,0.037493398623539191020937504400650691,0.037493398623539191020937504400650691
0.387396428777571,0.38739642877757141181101896622508742,0.38739642877757141181101896622508742
0.154484085138586,0.15448408513858572799887718798539827,0.15448408513858572799887718798539827
0.13772650957801,0.13772650957800951583929252478250124,0.13772650957800951583929252478250124
0.245222195243729,0.24522219524372870343654167199820053,0.24522219524372870343654167199820053
0.340421189877405,0.34042118987740461095538120492980993,0.34042118987740461095538120492982226
0.188905531494241,0.18890553149424125615695660358431076,0.18890553149424125615695660358431076
0.776087221049047,0.77608722104904682654652545204889011,0.77608722104904682654652545204890244
0.382681223718482,0.38268122371848189519387236436557527,0.38268122371848189519387236436557527
0.0224439665591034,0.022443966559103443456568033895577515,0.022443966559103443456568033895578285
0.286820446318565,0.28682044631856462849655652766593364,0.28682044631856462849655652766593364
0.0105865552742555,0.010586555274255462357949171703519843,0.010586555274255462357949171703520613
0.165246107601291,0.1652461076012906946454919854596429,0.1652461076012906946454919854596429
0.0601581293763724,0.06015812937637243220297737847455285,0.06015812937637243220297737847455362
0.176830771256674,0.17683077125667409298051577810925448,0.17683077125667409298051577810926681
0.739668313543035,0.73966831354303500522735751492953443,0.73966831354303500522735751492953443
0.489390827118398,0.48939082711839783121414599815061523,0.48939082711839783121414599815061523
0.127793510760773,0.12779351076077260456076489145097132,0.12779351076077260456076489145097132
0.218431010591111,0.21843101059111064400149018116329097,0.21843101059111064400149018116329097
0.534174958815728,0.53417495881572815780641192827129902,0.53417495881572815780641192827131135
0.217154854700938,0.21715485470093785529575131996995909,0.21715485470093785529575131996995909
0.294945149474564,0.29494514947456386351802029870566634,0.29494514947456386351802029870571565
0.456649217324607,0.45664921732460691822118861383085233,0.45664921732460691822118861383086465
0.0248218703596081,0.024821870359608141437160150060496773,0.024821870359608141437160150060496773
0.109728359640401,0.10972835964040111831117706314764765,0.10972835964040111831117706314765073
0.0630731700826421,0.063073170082642130411489835390712901,0.063073170082642130411489835390712901
0.681425501844391,0.68142550184439134601140880807075218,0.68142550184439134601140880807076451
0.0989313512868994,0.098931351286899369217646147694342433,0.098931351286899369217646147694354759
0.057757544127942,0.057757544127941985854659679620356151,0.057757544127941985854659679620356922
0.149885945830269,0.14988594583026900218594267409907124,0.14988594583026900218594267409907124
0.388451466142813,0.38845146614281288388707049831286669,0.38845146614281288388707049831287902
0.235062879069078,0.23506287906907846199690776841163657,0.2350628790690784619969077684116489
0.206072705524145,0.2060727055241453937136049764251899,0.2060727055241453937136049764251899
0.212749019009741,0.21274901900974096559251988693960282,0.21274901900974096559251988693960282
0.36839701547388,0.3683970154738796848837229871446073,0.3683970154738796848837229871446073
0.456062727006588,0.45606272700658815599631956846513814,0.45606272700658815599631956846518745
0.462612735823785,0.46261273582378459948966690670158207,0.46261273582378459948966690670158207
0.0158618341818889,0.015861834181888926453823751904025876,0.015861834181888926453823751904025876
0.0643613411840094,0.064361341184009441963636294909093879,0.064361341184009441963636294909093879
0.0378928092544549,0.037892809254454935593452351894645751,0.037892809254454935593452351894645751
0.036441362780254,0.036441362780254028942602944402301299,0.036441362780254028942602944402301299
0.0124059738408062,0.012405973840806207793139383637707241,0.012405973840806207793139383637708012
0.0666519623668032,0.066651962366803166259915301986578135,0.066651962366803166259915301986578135
0.475996000759641,0.47599600075964059872810299914939753,0.47599600075964059872810299914940986
0.903348530590877,0.90334853059087714457112029133325079,0.90334853059087714457112029133325079
0.0622519483806229,0.062251948380622899583679273323009083,0.062251948380622899583679273323009083
0.0641824539038138,0.064182453903813838062627359159574006,0.064182453903813838062627359159574006
0.222047927442019,0.2220479274420187045654688999970133,0.22204792744201870456546889999702562
0.772978654699254,0.77297865469925393595206835686805969,0.77297865469925393595206835686805969
0.0605486019511908,0.060548601951190830336022231949072298,0.060548601951190830336022231949072298
0.148141347466801,0.14814134746680145801442786760801669,0.14814134746680145801442786760801669
0.0118503596406232,0.011850359640623198317193803062992949,0.011850359640623198317193803062993719
0.496388239376151,0.49638823937615099889422791538564358,0.49638823937615099889422791538565591
0.55690071066994,0.55690071066994026652657776269496272,0.55690071066994026652657776269501203
0.146113588486274,0.14611358848627425144666630149721993,0.14611358848627425144666630149721993
0.958769049422195,0.95876904942219476235085469643214178,0.95876904942219476235085469643214178
0.0324085547387173,0.032408554738717250461313810029652889,0.032408554738717250461313810029652889
0.384382527774278,0.38438252777427747798047986122572846,0.38438252777427747798047986122577777
0.0243530059467262,0.024353005946726204714256979425697178,0.024353005946726204714256979425697178
0.0577628745062964,0.057762874506296417998408352906567854,0.057762874506296417998408352906567854
0.116470069700195,0.1164700697001945601469365592849631,0.1164700697001945601469365592849631
0.547901311532359,0.54790131153235895738040351887707824,0.54790131153235895738040351887707824
0.112419135684065,0.11241913568406481422616553717911537,0.11241913568406481422616553717911537
0.115233015259455,0.11523301525945459166374350419489585,0.11523301525945459166374350419489585
0.0600645547138174,0.060064554713817413621727205689292466,0.060064554713817413621727205689292466
0.686177047186992,0.68617704718699229661189371125031242,0.68617704718699229661189371125032475
0.193145928515321,0.19314592851532069714513340640475399,0.19314592851532069714513340640475399
0.632861365438885,0.63286136543888454991435334105246122,0.63286136543888454991435334105246122
0.205193198796469,0.20519319879646876541375104286339766,0.20519319879646876541375104286339766
0.0467386769426304,0.046738676942630362715386587316633121,0.046738676942630362715386587316633121
0.0414315165721192,0.041431516572119203660341941685656908,0.041431516572119203660341941685657679
0.0627991654594022,0.06279916545940217054322603028169786,0.06279916545940217054322603028169786
0.108347802286853,0.1083478022868526640578694251429306,0.1083478022868526640578694251429306
0.0210649482423996,0.021064948242399575172649044410491241,0.021064948242399575172649044410492011
0.970648300033379,0.97064830003337876345268257714919944,0.97064830003337876345268257714919944
0.440665224332681,0.44066522433268065743010212247299453,0.44066522433268065743010212247304383
0.0120231287160893,0.012023128716089307745665747256509704,0.012023128716089307745665747256509704
0.030265466381923,0.030265466381923005687932174016914106,0.030265466381923005687932174016914106
0.851768968210867,0.85176896821086692695953633500227432,0.85176896821086692695953633500227432
0.937488981969892,0.93748898196989242190746838598486095,0.93748898196989242190746838598486095
0.508464640075753,0.50846464007575330607647957634149315,0.50846464007575330607647957634150547
0.102428546948918,0.10242854694891810226523592635693965,0.10242854694891810226523592635693965
0.266776267387333,0.26677626738733319351745064666128183,0.26677626738733319351745064666128183
0.136529649718484,0.13652964971848413055010038100700716,0.13652964971848413055010038100701948
0.753819837999953,0.75381983799995334306626064731988921,0.75381983799995334306626064731993852
0.119912513107094,0.11991251310709412848161243816744923,0.11991251310709412848161243816744923
0.721162296710881,0.72116229671088058179047068387841216,0.72116229671088058179047068387841216
0.224736076852458,0.22473607685245797449428310101322017,0.22473607685245797449428310101322017
0.732611684254144,0.73261168425414409685754583839837092,0.73261168425414409685754583839838324
0.534714179803086,0.53471417980308560907398018156779521,0.53471417980308560907398018156779521
0.511184071345133,0.51118407134513328573689373877772418,0.51118407134513328573689373877773651
0.065150214422788,0.065150214422787990959742421139227616,0.065150214422787990959742421139227616
0.0685178869502796,0.06851788695027956507967324352716466,0.068517886950279565079673243527167741
0.250213102094149,0.25021310209414864728691803587874328,0.25021310209414864728691803587879259
0.901965766438765,0.90196576643876471538898557803638634,0.90196576643876471538898557803638634
0.173994037172856,0.17399403717285620393441555198942116,0.17399403717285620393441555198943348
0.270973791366908,0.27097379136690835719002698821498624,0.27097379136690835719002698821499857
0.241546522993758,0.24154652299375827167478518353052625,0.24154652299375827167478518353052625
0.145341795290534,0.14534179529053430799532206727133038,0.14534179529053430799532206727134271
0.873115891452469,0.87311589145246953302128608519937344,0.87311589145246953302128608519937344
0.849889624118102,0.84988962411810152444524846265399098,0.84988962411810152444524846265399098
0.880175920363093,0.88017592036309312824671498705719209,0.88017592036309312824671498705720442
0.836916411828641,0.83691641182864130783619939885771441,0.83691641182864130783619939885771441
0.520221537503986,0.52022153750398652950622208383553402,0.52022153750398652950622208383558332
0.254928303166673,0.25492830316667255517805152534962939,0.25492830316667255517805152534964171
0.131417005550493,0.13141700555049273572597950708583507,0.13141700555049273572597950708584739
0.0651624174608419,0.065162417460841849346709367523709098,0.065162417460841849346709367523712179
0.0118017148527053,0.011801714852705343518118685176039474,0.011801714852705343518118685176039667
0.901213839012121,0.90121383901212110134880242623247016,0.90121383901212110134880242623248249
0.727984539333992,0.72798453933399162801936753419960608,0.72798453933399162801936753419960608
0.129203442245389,0.12920344224538898239801401022314755,0.12920344224538898239801401022315987
0.324619901184849,0.32461990118484902122770044529815491,0.32461990118484902122770044529815491
0.0114114840537775,0.011411484053777466821149575972906992,0.011411484053777466821149575972906992
0.0342471041174592,0.034247104117459184549800424073279644,0.034247104117459184549800424073280415
0.039335170308159,0.039335170308159013230291465169516494,0.039335170308159013230291465169516494
0.316862006553442,0.3168620065534423629275465760030252,0.31686200655344236292754657600303753
0.80804751403899,0.80804751403899037779801605830079348,0.80804751403899037779801605830079348
0.192086815749256,0.19208681574925594225058096416135913,0.19208681574925594225058096416135913
0.978247329215653,0.9782473292156531711363370561799662,0.9782473292156531711363370561799662
0.379740946363845,0.37974094636384465664683195641212613,0.37974094636384465664683195641213846
0.455369273809698,0.45536927380969797150059506239972452,0.45536927380969797150059506239972452
0.443799287055723,0.44379928705572347647633046547093348,0.44379928705572347647633046547094581
0.0493025199729644,0.049302519972964361340585737901219509,0.049302519972964361340585737901220279
0.766538542157172,0.7665385421571719887703278558269573,0.7665385421571719887703278558270066
0.546860426683524,0.54686042668352394488537002016775096,0.54686042668352394488537002016775096
0.331074194638303,0.33107419463830312766917216787660412,0.33107419463830312766917216787660412
0.363063278737823,0.36306327873782348361342706218221894,0.36306327873782348361342706218223127
0.15301757918512,0.15301757918512004475690701136727149,0.15301757918512004475690701136727149
0.182891611695583,0.18289161169558300074465543536628039,0.18289161169558300074465543536628039
0.796653808635581,0.79665380863558092423853255435919944,0.79665380863558092423853255435921176
0.277114379210574,0.27711437921057424365499478363068697,0.27711437921057424365499478363068697
0.80002747501175,0.80002747501174981895373104817724873,0.80002747501174981895373104817724873
0.299751018101218,0.29975101810121817228870100834637755,0.29975101810121817228870100834638987
0.491777420396818,0.49177742039681792567620569322481884,0.49177742039681792567620569322481884
0.811793793602153,0.81179379360215304892513803156678952,0.81179379360215304892513803156683882
0.326364963309186,0.32636496330918637023493450274631919,0.32636496330918637023493450274633151
0.0704502096511437,0.070450209651143700087971142322970989,0.070450209651143700087971142322970989
0.305731457298015,0.30573145729801507020272125832624757,0.30573145729801507020272125832624757
0.0228893885017413,0.022889388501741277045125341857953982,0.022889388501741277045125341857954753
0.263706662353033,0.2637066623530325579052381500750537,0.26370666235303255790523815007506602
0.332307770243866,0.33230777024386556030507134004191677,0.33230777024386556030507134004192909
0.0503372449407587,0.050337244940758715534752771388749452,0.050337244940758715534752771388749452
0.689707808878251,0.68970780887825138433208935604162646,0.68970780887825138433208935604162646
0.0553512854388669,0.05535128543886693665702275069319575,0.05535128543886693665702275069319652
0.0220780415841973,0.022078041584197315211749397535809853,0.022078041584197315211749397535810624
0.332615995683576,0.332615995683576225669702560645332,0.332615995683576225669702560645332
0.0112724329433644,0.011272432943364432104633316847802118,0.011272432943364432104633316847802118
0.534222947647684,0.53422294764768368892795213330608105,0.53422294764768368892795213330608105
0.666764889099432,0.66676488909943208069073958484925402,0.66676488909943208069073958484926634
0.58606920005528,0.58606920005528016740001214924692204,0.58606920005528016740001214924692204
0.830710259581527,0.83071025958152678851349443039493739,0.83071025958152678851349443039493739
0.663762655790582,0.66376265579058173749953920437066603,0.66376265579058173749953920437067835
0.439105309605291,0.43910530960529110751544967201909055,0.43910530960529110751544967201909055
0.88344572854957,0.88344572854956981894377493723308053,0.88344572854956981894377493723309285
0.0543997194749245,0.054399719474924483047178085645426155,0.054399719474924483047178085645426155
0.475333718155747,0.47533371815574684052707158060681295,0.47533371815574684052707158060681295
0.0618243634947978,0.061824363494797806454668064104018848,0.061824363494797806454668064104019618
0.0938995696197229,0.09389956961972294460287518079029583,0.09389956961972294460287518079029583
0.271863961236982,0.27186396123698222381982101981799333,0.27186396123698222381982101981799333
0.790295020649479,0.79029502064947888429875381826098174,0.79029502064947888429875381826098174
0.614864125343105,0.61486412534310477830258116638873782,0.61486412534310477830258116638873782
0.0597160789252601,0.059716078925260087719264638071671239,0.059716078925260087719264638071672009
0.326390097019463,0.3263900970194634901082116212448898,0.32639009701946349010821162124490212
0.642251231119879,0.64225123111987939169111942805360228,0.64225123111987939169111942805360228
0.0391646627294794,0.039164662729479396574784392484379177,0.039164662729479396574784392484379177
0.0392761195257853,0.039276119525785291369843748768787126,0.039276119525785291369843748768787126
0.140409499123718,0.140409499123718210370177715256336,0.140409499123718210370177715256336
0.368522671359702,0.36852267135970205544029715597543357,0.36852267135970205544029715597543357
0.140076031965756,0.14007603196575643496610005610072032,0.14007603196575643496610005610072032
0.0448497689446375,0.044849768944637482680734146323497483,0.044849768944637482680734146323497483
0.0840269933125788,0.084026993312578787699995972164647559,0.084026993312578787699995972164647559
0.650646234475448,0.65064623447544840145768396950320977,0.65064623447544840145768396950322209
0.498873623681656,0.49887362368165636928334037515378839,0.49887362368165636928334037515378839
0.636867959532895,0.63686795953289489946513607211500568,0.63686795953289489946513607211501801
0.178254490311486,0.17825449031148647096588234890752611,0.17825449031148647096588234890752611
0.0746622131590968,0.07466221315909678613483578718011683,0.07466221315909678613483578718011683
0.87789290128392,0.87789290128391954677947571107382446,0.87789290128391954677947571107382446
0.818398218449963,0.81839821844996315837339355934081338,0.81839821844996315837339355934081338
0.358686034868783,0.35868603486878263473707704135238296,0.35868603486878263473707704135239529
0.483137930729748,0.48313793072974793185034123466566943,0.48313793072974793185034123466566943
0.220825160933507,0.2208251609335073675605878682424132,0.2208251609335073675605878682424132
0.0998233120330664,0.099823312033066379410897297835726289,0.099823312033066379410897297835726289
0.209092602881556,0.2090926028815563391610925408846045,0.2090926028815563391610925408846045
0.848448652067778,0.84844865206777830279746763394954831,0.84844865206777830279746763394954831
0.11899062385574,0.11899062385574017996191137106821839,0.11899062385574017996191137106822147
0.468315500615875,0.46831550061587471855407276102165046,0.46831550061587471855407276102165046
0.704925796367739,0.70492579636773903281300400727235008,0.70492579636773903281300400727235008
0.156039816303427,0.15603981630342714922704518449186235,0.15603981630342714922704518449186235
0.474836321851758,0.47483632185175811437163378965750048,0.47483632185175811437163378965750048
0.220919732199126,0.22091973219912618003972779085203074,0.22091973219912618003972779085204307
0.0825298793270812,0.08252987932708115341845398548768995,0.08252987932708115341845398548768995
0.0876359596054431,0.087635959605443085002197296108759634,0.087635959605443085002197296108759634
0.521238958434914,0.52123895843491424946050532982997819,0.52123895843491424946050532982999052
0.155937851147515,0.15593785114751480414592377610186106,0.15593785114751480414592377610186106
0.211602350338467,0.21160235033846751137288920412356147,0.21160235033846751137288920412356147
0.572157417555814,0.57215741755581347078814609159853544,0.57215741755581347078814609159854777
0.200446794820949,0.2004467948209491269404467153016286,0.2004467948209491269404467153016286
0.705052540616955,0.70505254061695502611095443981676498,0.70505254061695502611095443981676498
0.316510976705947,0.31651097670594693032340712881508339,0.31651097670594693032340712881509571
0.0872701496097181,0.087270149609718068619812679934056328,0.08727014960971806861981267993405941
0.0424655614313631,0.042465561431363096051955582873529883,0.042465561431363096051955582873529883
0.47269572283674,0.47269572283673993820758000906367495,0.47269572283673993820758000906372425
0.550616305179417,0.55061630517941668529878868084052171,0.55061630517941668529878868084053404
0.0317479606287172,0.031747960628717221994926971797545317,0.031747960628717221994926971797545317
0.0131369613270039,0.013136961327003924363359096511276417,0.01313696132700392436335909651127661
0.791760762551734,0.79176076255173408773539357862675435,0.79176076255173408773539357862676668
0.270849721952342,0.27084972195234183889172128207277889,0.27084972195234183889172128207279122
0.578882810590453,0.57888281059045318015759383981545569,0.57888281059045318015759383981546802
0.726423423383808,0.72642342338380838432472151116159985,0.72642342338380838432472151116159985
0.0276314010131843,0.027631401013184307524672696839260348,0.027631401013184307524672696839260348
0.719700026428849,0.71970002642884862009145907185472821,0.71970002642884862009145907185472821
0.279378901118484,0.27937890111848429273201379555396664,0.27937890111848429273201379555397896
0.310756237372534,0.31075623737253391536341312484283982,0.31075623737253391536341312484283982
0.671851923694269,0.67185192369426920890887768888428194,0.67185192369426920890887768888428194
0.716158725664881,0.71615872566488091031506849271320113,0.71615872566488091031506849271320113
0.237194359656323,0.23719435965632314279167733747095229,0.23719435965632314279167733747095229
0.750954305561639,0.75095430556163869724784168298748589,0.75095430556163869724784168298748589
0.97757928786037,0.97757928786036996091261635042916163,0.97757928786036996091261635042917395
0.21441801349893,0.21441801349892957032625652035365924,0.21441801349892957032625652035365924
0.0477956520374598,0.047795652037459758428261424027120317,0.047795652037459758428261424027120317
0.0526508272469872,0.052650827246987205900932669508767993,0.052650827246987205900932669508768763
0.0631941109809518,0.063194110980951763894798626885133026,0.063194110980951763894798626885136108
0.0485945309441951,0.048594530944195146361022593178083957,0.048594530944195146361022593178083957
0.20414183135994,0.20414183135993979814433506175811463,0.20414183135993979814433506175811463
0.678825386849953,0.67882538684995312585815849793426119,0.67882538684995312585815849793427352
0.579548271875119,0.57954827187511903783529926751368648,0.57954827187511903783529926751369881
0.341208261057453,0.34120826105745254308000207710995631,0.34120826105745254308000207710995631
0.0872766591304141,0.087276659130414141993155212433448143,0.087276659130414141993155212433451225
0.489675222159864,0.48967522215986391036334114546685628,0.48967522215986391036334114546686861
0.518618480715583,0.51861848071558277063953125206946472,0.51861848071558277063953125206946472
0.308401027134333,0.30840102713433326340450566297847796,0.30840102713433326340450566297849028
0.425483734307773,0.42548373430777275534015692978546325,0.42548373430777275534015692978547558
0.517365511807496,0.51736551180749570126392015133326036,0.51736551180749570126392015133326036
0.779593766150695,0.77959376615069503832739317294188528,0.77959376615069503832739317294188528
0.154369294607656,0.15436929460765603950420634332730787,0.15436929460765603950420634332730787
0.237174816119841,0.23717481611984129877635588905100295,0.23717481611984129877635588905100295
0.0585019382618652,0.058501938261865169693642787087961099,0.05850193826186516969364278708796187
0.0579578952506831,0.05795789525068310687911246705495273,0.05795789525068310687911246705495273
0.0376550079472632,0.037655007947263176584652853010125084,0.037655007947263176584652853010125084
0.100052580196785,0.10005258019678547718337768451973745,0.10005258019678547718337768451973745
0.182995215915679,0.18299521591567890914171016016714603,0.18299521591567890914171016016714603
0.225189802635314,0.2251898026353138021044923770996302,0.2251898026353138021044923770996302
0.0350993554326259,0.035099355432625916816836431643081255,0.035099355432625916816836431643081255
0.0594340085461702,0.059434008546170162612640012986151258,0.059434008546170162612640012986151258
0.0215136742281855,0.021513674228185477333068087423310043,0.021513674228185477333068087423310043
0.195348133131406,0.19534813313140616168263273366071233,0.19534813313140616168263273366071233
0.640737031499712,0.64073703149971212257254875166771834,0.64073703149971212257254875166771834
0.643267786103442,0.64326778610344183983490704904416368,0.64326778610344183983490704904417601
0.283982794105886,0.28398279410588615576897209389963489,0.28398279410588615576897209389964722
0.850991634514837,0.85099163451483712417453122434045996,0.85099163451483712417453122434045996
0.188495546807081,0.18849554680708092469194582112767728,0.18849554680708092469194582112767728
0.0241704218216889,0.024170421821688889946623672847360715,0.024170421821688889946623672847363796
0.193152593310757,0.19315259331075715790819825363561101,0.19315259331075715790819825363562334
0.258256116703355,0.25825611670335530799588093384479498,0.25825611670335530799588093384484429
0.510333391234074,0.51033339123407442220289850763286417,0.51033339123407442220289850763286417
0.072161549067154,0.072161549067153990026410188582406038,0.072161549067153990026410188582406038
0.576995993037973,0.57699599303797323466838747308882432,0.57699599303797323466838747308883665
0.214876722717474,0.21487672271747359222966794668279101,0.21487672271747359222966794668279101
0.832721402032112,0.83272140203211169512844015466777269,0.83272140203211169512844015466782199
0.507701807020344,0.50770180702034412414649835012422409,0.50770180702034412414649835012422409
0.798242355957023,0.79824235595702254045224016301463029,0.79824235595702254045224016301464261
0.20898842699549,0.20898842699549019073865478254937405,0.20898842699549019073865478254937405
0.381756307500379,0.38175630750037870250838642798765666,0.38175630750037870250838642798765666
0.0604865994303649,0.060486599430364892028424722511369663,0.060486599430364892028424722511370434
0.293113938568961,0.29311393856896115363756244007305183,0.29311393856896115363756244007306415
0.0144842074698301,0.014484207469830117508526298584347128,0.014484207469830117508526298584347128
0.546093975863678,0.5460939758636784495371407265363833,0.5460939758636784495371407265363833
0.194874120174302,0.19487412017430208041994003133025395,0.19487412017430208041994003133025395
0.0357134986218759,0.035713498621875851511232671324603821,0.035713498621875851511232671324604591
0.107095287620369,0.10709528762036889196235833175300462,0.10709528762036889196235833175301695
0.82276792461326,0.82276792461325981405765911384683509,0.82276792461325981405765911384684741
0.0146445834603359,0.014644583460335904897673596243785127,0.01464458346033590489767359624378532
0.642342940352087,0.64234294035208722311293091400208902,0.64234294035208722311293091400208902
0.185613427336613,0.18561342733661318650856721593515389,0.18561342733661318650856721593516622
0.0200842983690322,0.02008429836903218249560026686558033,0.0200842983690321824956002668655811
0.334174292537473,0.33417429253747315654093309203258656,0.33417429253747315654093309203259889
0.0327737665000729,0.032773766500072914226732807530622088,0.032773766500072914226732807530622088
0.66685405827966,0.66685405827965985207929368233659436,0.66685405827965985207929368233660668
0.127822835017979,0.12782283501797889922100627298146874,0.12782283501797889922100627298146874
0.367808909711512,0.36780890971151245639676934477309181,0.36780890971151245639676934477309181
0.0139071523274735,0.013907152327473523661781058408940906,0.013907152327473523661781058408941676
0.0303975343235797,0.030397534323579723848446852643088078,0.030397534323579723848446852643088078
0.303274409394345,0.30327440939434509367940558284599548,0.30327440939434509367940558284604479
0.422008221377291,0.42200822137729131287451023154293254,0.42200822137729131287451023154293254
0.213273315248263,0.21327331524826261897177804470010688,0.21327331524826261897177804470010688
0.0190275784864326,0.019027578486432602749825809045625376,0.019027578486432602749825809045625376
0.10256110154986,0.10256110154985970327671012300109348,0.10256110154985970327671012300109657
0.287636517575606,0.28763651757560551696613955941962968,0.287636517575605516966139559419642
0.0428274144719645,0.04282741447196449379462898525844053,0.0428274144719644937946289852584413
0.600917349472397,0.60091734947239655101710840647585388,0.60091734947239655101710840647585388
0.802895577856389,0.80289557785638931225394128030152527,0.80289557785638931225394128030152527
0.566303352296053,0.5663033522960529604716250478982325,0.5663033522960529604716250478982325
0.881300895834733,0.88130089583473287901264239545351617,0.8813008958347328790126423954535285
0.140081370668365,0.14008137066836530788986938048618407,0.14008137066836530788986938048618407
0.166129103077618,0.16612910307761805891568363368107743,0.16612910307761805891568363368107743
0.0780969339696808,0.078096933969680843259926501653806985,0.078096933969680843259926501653806985
0.0970776183512661,0.097077618351266148689597796657576042,0.097077618351266148689597796657576042
0.587836936062155,0.58783693606215478081668633274189855,0.58783693606215478081668633274191087
0.493602936863296,0.49360293686329584182703435817016046,0.49360293686329584182703435817016046
0.454490542138594,0.45449054213859425035853866601554949,0.4544905421385942503585386660155988
0.884672608580373,0.88467260858037261387653587973136916,0.88467260858037261387653587973136916
0.553590846732982,0.55359084673298229432231181907017001,0.55359084673298229432231181907017001
0.284413061156148,0.28441306115614839980476836406096885,0.28441306115614839980476836406096885
0.230984343683223,0.23098434368322291605459753938137211,0.23098434368322291605459753938137211
0.199999883764447,0.19999988376444693705464812022071953,0.19999988376444693705464812022071953
0.374815303870618,0.37481530387061825462745915291677689,0.37481530387061825462745915291677689
0.251261763220117,0.25126176322011659698834309291985473,0.25126176322011659698834309291986705
0.197704065736458,0.19770406573645777138357125361587539,0.19770406573645777138357125361588771
0.506255065066804,0.50625506506680395436566607213814781,0.50625506506680395436566607213814781
0.0944315747026063,0.094431574702606308228206492006367775,0.094431574702606308228206492006367775
0.379369457875818,0.37936945787581765568464255749667593,0.37936945787581765568464255749668826
0.380129376935842,0.38012937693584220606095311492364343,0.38012937693584220606095311492364343
0.0226510718905809,0.022651071890580919403639710657429156,0.022651071890580919403639710657429926
0.0225097577353051,0.022509757735305072796404152360241426,0.022509757735305072796404152360241426
0.100382910123702,0.10038291012370176794482575572477174,0.10038291012370176794482575572477174
0.358973889131398,0.35897388913139841883861588182195957,0.35897388913139841883861588182197189
0.840975209536865,0.84097520953686492661879094218172802,0.84097520953686492661879094218172802
0.0392017685334554,0.039201768533455409111591695787734151,0.039201768533455409111591695787734151
0.135655052126322,0.13565505212632153118366935789681995,0.13565505212632153118366935789681995
0.35057878596396,0.35057878596396015958404834942112999,0.35057878596396015958404834942112999
0.984356824791416,0.98435682479141633279340443843925253,0.98435682479141633279340443843926486
0.109145823020475,0.10914582302047478602956064599402579,0.10914582302047478602956064599402579
0.255804999436495,0.25580499943649473060689590474920217,0.25580499943649473060689590474920217
0.13409249835874,0.13409249835873961306394368384067729,0.13409249835873961306394368384067729
0.351120280946654,0.35112028094665450901623202850163676,0.35112028094665450901623202850163676
0.0292692652021106,0.029269265202110582977493069800905642,0.029269265202110582977493069800905642
0.554367447034534,0.55436744703453350987336254728798076,0.55436744703453350987336254728799308
0.948707532789667,0.94870753278966693731204305798999044,0.94870753278966693731204305798999044
0.0287173813659246,0.02871738136592458334183691162328078,0.02871738136592458334183691162328078
0.200505306849968,0.20050530684996797267027707589398116,0.20050530684996797267027707589398116
0.599510783776436,0.59951078377643589101243337577373235,0.59951078377643589101243337577374468
0.200838419934336,0.20083841993433631277091841908351651,0.20083841993433631277091841908351651
0.0167447397374099,0.016744739737409908124888425139100967,0.016744739737409908124888425139101738
0.400019248340699,0.40001924834069922267276557189205418,0.40001924834069922267276557189210349
0.374574530447514,0.37457453044751361457682273251323887,0.37457453044751361457682273251325119
0.346483305815409,0.3464833058154088197696254570112419,0.34648330581540881976962545701125423
0.027705879338248,0.027705879338247989848950920689424503,0.027705879338247989848950920689424503
0.12287538210844,0.12287538210844045977728621951472103,0.12287538210844045977728621951472103
0.235083175122128,0.23508317512212762795427062601296308,0.23508317512212762795427062601296308
0.214194317647162,0.21419431764716223505315418386390732,0.21419431764716223505315418386390732
0.0952498916022625,0.09524989160226247396234229714499895,0.09524989160226247396234229714499895
0.0256341593446528,0.025634159344652814401892841673080255,0.025634159344652814401892841673081026
0.413149292070096,0.41314929207009635333176787756580101,0.41314929207009635333176787756580101
0.189408881795158,0.18940888179515779569717756172779512,0.18940888179515779569717756172779512
0.24516000112542,0.24516000112541954406587720580984388,0.24516000112541954406587720580984388
0.0626622748968199,0.062662274896819935514131016382865065,0.062662274896819935514131016382865065
0.733078585270479,0.73307858527047904088279436516352775,0.73307858527047904088279436516352775
0.355294622483938,0.35529462248393816382608520077209547,0.35529462248393816382608520077209547
0.365749613938741,0.36574961393874049056754482303673912,0.36574961393874049056754482303675144
0.177843191850937,0.17784319185093737594127471014311952,0.17784319185093737594127471014311952
0.742938640777685,0.74293864077768480853317351879510417,0.74293864077768480853317351879510417
0.0481190644665752,0.048119064466575237229642832590485433,0.048119064466575237229642832590488514
0.324875462792043,0.32487546279204294134805220968522587,0.32487546279204294134805220968522587
0.563732377944696,0.56373237794469616259751237455179359,0.56373237794469616259751237455179359
0.780041775614484,0.78004177561448376944779028862635381,0.78004177561448376944779028862635381
0.0225167451953841,0.022516745195384120382905487010313134,0.022516745195384120382905487010313134
0.521480085678974,0.52148008567897393467200411433536804,0.52148008567897393467200411433536804
0.0249514684772765,0.024951468477276531321172641543949141,0.024951468477276531321172641543949141
0.306249153615862,0.3062491536158619502991465205617297,0.3062491536158619502991465205617297
0.6822696511064,0.68226965110640018616323070675225942,0.68226965110640018616323070675225942
0.2361023235232,0.23610232352320036739294795207320787,0.23610232352320036739294795207320787
0.797516732619902,0.7975167326199023345156912196485726,0.7975167326199023345156912196485726
0.660694303760846,0.6606943037608463953663976304759398,0.6606943037608463953663976304759398
0.101272316888895,0.10127231688889542205769070499034804,0.10127231688889542205769070499036037
0.102791892034957,0.10279189203495688088542486943470916,0.10279189203495688088542486943470916
0.431858665093513,0.43185866509351288299727537140667975,0.43185866509351288299727537140672905
0.55242323678028,0.55242323678027991591212210041816408,0.55242323678027991591212210041816408
0.36877457341344,0.36877457341344002931664521202156725,0.36877457341344002931664521202157957
0.0602569758269139,0.060256975826913936598953778256011506,0.060256975826913936598953778256012276
0.604733511190476,0.60473351119047624362214024452783649,0.60473351119047624362214024452783649
0.640340353660672,0.64034035366067187894636350282121885,0.64034035366067187894636350282123118
0.111651796949386,0.1116517969493864753297428487214781,0.1116517969493864753297428487214781
0.235136830037615,0.23513683003761534597816378010273595,0.23513683003761534597816378010273595
0.900081299512002,0.90008129951200158609524993863200513,0.90008129951200158609524993863200513
0.247336231533763,0.24733623153376266896229149035428967,0.247336231533762668962291490354302
0.818817528111686,0.8188175281116858028831526722286659,0.81881752811168580288315267222867823
0.480714463850376,0.48071446385037611308276124141961992,0.48071446385037611308276124141961992
0.568183753908476,0.56818375390847583659531277590097151,0.56818375390847583659531277590097151
0.426204566600171,0.42620456660017094811276633648158055,0.42620456660017094811276633648158055
0.235557496974113,0.23555749697411348000158649011670761,0.23555749697411348000158649011670761
0.560796503762768,0.5607965037627683962866795418604617,0.56079650376276839628667954186047403
0.1539128139306,0.15391281393060027428222292658766819,0.15391281393060027428222292658766819
0.0401603725873379,0.040160372587337908459257909429696138,0.040160372587337908459257909429696138
0.0972610120639256,0.097261012063925600645130536833202298,0.097261012063925600645130536833202298
0.0751719474344179,0.075171947434417868095211982178607594,0.075171947434417868095211982178607594
0.0327787815526819,0.032778781552681926895307228313441756,0.032778781552681926895307228313441756
0.358617103020083,0.35861710302008309936458817232825518,0.35861710302008309936458817232826751
0.0866823446756198,0.086682344675619797103442412075769106,0.086682344675619797103442412075772188
0.461192235406936,0.4611922354069358907723384690919899,0.4611922354069358907723384690919899
0.944827216593744,0.9448272165937441358347535039112633,0.9448272165937441358347535039112633
0.799580608854545,0.79958060885454501819414359319967214,0.79958060885454501819414359319967214
0.750031924491016,0.75003192449101627688725228925729178,0.75003192449101627688725228925730411
0.0476728614573662,0.047672861457366212153063693851435256,0.047672861457366212153063693851435256
0.603726624692824,0.60372662469282409050599233711935371,0.60372662469282409050599233711935371
0.673711287189701,0.67371128718970059248791438531862696,0.67371128718970059248791438531862696
0.169970603193648,0.16997060319364770951218342576360187,0.16997060319364770951218342576360187
0.717320914005895,0.71732091400589508108138034224373813,0.71732091400589508108138034224375046
0.0189120995640232,0.018912099564023187039936456311040752,0.018912099564023187039936456311040752
0.805053413285367,0.80505341328536731524738375529434517,0.8050534132853673152473837552943575
0.646595465811815,0.64659546581181501596790047954473017,0.64659546581181501596790047954473017
0.210792982678083,0.21079298267808313479113275132040453,0.21079298267808313479113275132040453
0.0329491619467467,0.032949161946746649165023118524118664,0.032949161946746649165023118524121745
0.932177488051051,0.93217748805105139541032969142472836,0.93217748805105139541032969142472836
0.240982989589747,0.2409829895897465056585757725713398,0.2409829895897465056585757725713398
0.162035113299427,0.16203511329942650612446728766938147,0.16203511329942650612446728766938147
0.457215871999353,0.45721587199935341018424183544344271,0.45721587199935341018424183544345504
0.919009285539788,0.91900928553978801199803620554850606,0.91900928553978801199803620554851838
0.0216585441436805,0.021658544143680526282813605881294782,0.021658544143680526282813605881295552
0.0344261573592548,0.034426157359254813768998963752412338,0.034426157359254813768998963752413108
0.0939888207688575,0.093988820768857541853468518148407119,0.093988820768857541853468518148407119
0.568251361429873,0.56825136142987257360962944630430086,0.56825136142987257360962944630430086
0.1194818501038,0.11948185010380031027521012159352341,0.11948185010380031027521012159352341
0.307857097323565,0.30785709732356469638639200443284302,0.30785709732356469638639200443285535
0.0615013639388808,0.061501363938880812330212973078859658,0.061501363938880812330212973078862739
0.504981430145339,0.50498143014533898855854823609501717,0.50498143014533898855854823609501717
0.0612790795828673,0.061279079582867344491815843143388704,0.061279079582867344491815843143389474
0.935736512328353,0.93573651232835260655757943780998401,0.93573651232835260655757943780998401
0.148934327500547,0.1489343275005470741394218691852601,0.1489343275005470741394218691852601
0.684544032279771,0.6845440322797711871483547119812216,0.68454403227977118714835471198123392
0.567435678831599,0.56743567883159933664728220596408354,0.56743567883159933664728220596408354
0.554855390242069,0.55485539024206867930804667284791817,0.55485539024206867930804667284791817
0.436940119777196,0.43694011977719578747247607966450058,0.43694011977719578747247607966451291
0.0704502002372247,0.070450200237224718262951863462015624,0.07045020023722471826295186346202795
0.125346834869754,0.12534683486975396275194822253487364,0.12534683486975396275194822253487364
0.0872068081715696,0.087206808171569640459016555186393886,0.087206808171569640459016555186393886
0.0810994085010538,0.081099408501053755614126928851358588,0.081099408501053755614126928851358588
0.268657374520152,0.26865737452015196147571077675533263,0.26865737452015196147571077675533263
0.0871418961453453,0.087141896145345283579394961455727371,0.087141896145345283579394961455727371
0.136568873296297,0.1365688732962972775152626769012405,0.1365688732962972775152626769012405
0.244976566901179,0.24497656690117935923051964773060754,0.24497656690117935923051964773060754
0.881136545355442,0.88113654535544170537484251232873089,0.88113654535544170537484251232874322
0.723793787572539,0.72379378757253930806234655450880768,0.72379378757253930806234655450880768
0.0728395998238383,0.072839599823838335300932482373445726,0.072839599823838335300932482373445726
0.60704052162307,0.60704052162306949026187832209747585,0.60704052162306949026187832209747585
0.218926296447213,0.21892629644721271176343426265110782,0.21892629644721271176343426265110782
0.118854296536747,0.11885429653674705729298342987654511,0.11885429653674705729298342987654511
0.798119281799994,0.79811928179999417527146435899963064,0.79811928179999417527146435899963064
0.0106907370961378,0.010690737096137831931283942752676011,0.010690737096137831931283942752676011
0.8885853670119,0.88858536701190030229398364342012297,0.88858536701190030229398364342012297
0.883918190306793,0.88391819030679301266081928713176055,0.88391819030679301266081928713176055
0.876090993387841,0.87609099338784150421246958085659739,0.87609099338784150421246958085660971
0.0286190274357081,0.028619027435708127520393860226579104,0.028619027435708127520393860226579104
0.766674137466273,0.76667413746627284092428891322116164,0.76667413746627284092428891322117396
0.509789308181842,0.50978930818184167891219119408500813,0.50978930818184167891219119408502046
0.757440091226387,0.75744009122638677953463801134402046,0.75744009122638677953463801134406976
0.14089837808914,0.14089837808914025944768585163189055,0.14089837808914025944768585163189055
0.615690483848366,0.61569048384836553479226766631442653,0.61569048384836553479226766631443885
0.219673127941234,0.21967312794123439969811810060372365,0.21967312794123439969811810060373598
0.553987297842246,0.55398729784224623409755146026414389,0.55398729784224623409755146026414389
0.319398073292665,0.31939807329266528589982598376621172,0.31939807329266528589982598376622404
0.0720290122943701,0.07202901229437011471498173071718657,0.07202901229437011471498173071718657
0.67409728584266,0.67409728584265961608358626584233258,0.67409728584265961608358626584234491
0.266619162317014,0.26661916231701390579495391069794579,0.26661916231701390579495391069795812
0.156727953687455,0.15672795368745480762911520654344529,0.15672795368745480762911520654344529
0.808362824447219,0.80836282444721908985936812640636209,0.80836282444721908985936812640636209
0.233109228776664,0.23310922877666432921039609381182049,0.23310922877666432921039609381182049
0.746577531280744,0.74657753128074387423084759717590196,0.74657753128074387423084759717590196
0.203657574626566,0.20365757462656585251167059590648629,0.20365757462656585251167059590649862
0.633512387263815,0.63351238726381510924996260070389678,0.63351238726381510924996260070389678
0.17302773564586,0.17302773564585983764355456578923801,0.17302773564585983764355456578923801
0.0164892372824594,0.016489237282459409884663699599456471,0.016489237282459409884663699599457241
0.956247888642068,0.95624788864206800731222166008911381,0.95624788864206800731222166008911381
0.19900210075263,0.19900210075262965708555643333453966,0.19900210075262965708555643333453966
0.0425618642565239,0.04256186425652388806121303929954345,0.04256186425652388806121303929954345
0.133065395590459,0.13306539559045897416583677622340556,0.13306539559045897416583677622340556
0.174976948831161,0.17497694883116114349351128077895699,0.17497694883116114349351128077895699
0.28240916591236,0.28240916591236002273973559035394449,0.28240916591236002273973559035394449
0.234427237735021,0.23442723773502130566756216376428437,0.23442723773502130566756216376428437
0.919530572967573,0.91953057296757330974354358833926325,0.91953057296757330974354358833927558
0.0401215855875455,0.040121585587545468125899574641486869,0.040121585587545468125899574641486869
0.293585772887497,0.29358577288749652855469108189344412,0.29358577288749652855469108189345645
0.121483572801974,0.1214835728019738095152511031493533,0.1214835728019738095152511031493533
0.160722748002262,0.16072274800226246805338655995269651,0.16072274800226246805338655995269651
0.624565679600707,0.62456567960070678237670996242360888,0.62456567960070678237670996242362121
0.443240639231062,0.44324063923106244881447290735125772,0.44324063923106244881447290735125772
0.286682161763669,0.28668216176366930823437183956591831,0.28668216176366930823437183956591831
0.191558749970029,0.19155874997002890712196745185706239,0.19155874997002890712196745185706239
0.0268221392138967,0.026822139213896716249801130314711911,0.026822139213896716249801130314711911
0.76051133089398,0.76051133089397971730754903954474226,0.76051133089397971730754903954475458
0.732566858528424,0.73256685852842436698659888376639372,0.73256685852842436698659888376639372
0.214513571165422,0.2145135711654222394611604412584773,0.2145135711654222394611604412584773
0.914640879143951,0.91464087914395069666486015683810928,0.91464087914395069666486015683810928
0.350813131354223,0.35081313135422271430783151577220516,0.35081313135422271430783151577220516
0.0493747153849103,0.049374715384910305817898451209767262,0.049374715384910305817898451209767262
0.675778506960178,0.67577850696017825357112812134390167,0.67577850696017825357112812134390167
0.94182670164268,0.94182670164267998386425501952655303,0.94182670164267998386425501952656535
0.206899017575968,0.20689901757596771969894175181938627,0.20689901757596771969894175181938627
0.0130229530465226,0.013022953046522559278267688774679997,0.013022953046522559278267688774679997
0.951937276478211,0.95193727647821065236249927249245685,0.95193727647821065236249927249245685
0.167787636852017,0.16778763685201726352081270204020742,0.16778763685201726352081270204020742
0.0416525341678881,0.041652534167888123997689025701035298,0.041652534167888123997689025701035298
0.445969531810814,0.44596953181081376195311514427125562,0.44596953181081376195311514427126794
0.450832723957493,0.4508327239574929628546394635658696,0.4508327239574929628546394635658696
0.896273484317628,0.89627348431762809691825484188367426,0.89627348431762809691825484188368659
0.0645243640909685,0.064524364090968522900608097568659529,0.064524364090968522900608097568659529
0.187221170432053,0.18722117043205253348750471435214875,0.18722117043205253348750471435214875
0.829696369499574,0.82969636949957378948520155785156728,0.82969636949957378948520155785156728
0.542591189820287,0.54259118982028720618380426642261877,0.54259118982028720618380426642261877
0.494522205354822,0.49452220535482188512424414526313829,0.49452220535482188512424414526313829
0.0245996073292492,0.024599607329249211705092512231205918,0.024599607329249211705092512231205918
0.0348418553349711,0.034841855334971074903596568730289524,0.034841855334971074903596568730292605
0.338981276758761,0.33898127675876074374826107723748519,0.33898127675876074374826107723749752
0.791724484536379,0.79172448453637926570829353971803855,0.79172448453637926570829353971808785
0.0310152446009758,0.031015244600975774639455874387976337,0.031015244600975774639455874387977108
0.586899809784819,0.58689980978481926704858384429101225,0.58689980978481926704858384429101225
0.249648024751056,0.24964802475105571159939269701561929,0.24964802475105571159939269701561929
0.233552754830435,0.23355275483043499875815377701420146,0.23355275483043499875815377701420146
0.188084760417239,0.18808476041723908716955502936925089,0.18808476041723908716955502936925089
0.60939250000603,0.6093925000060294732314512095410731,0.6093925000060294732314512095410731
0.316788284044768,0.31678828404476774164815964080947769,0.31678828404476774164815964080952699
0.441507617869974,0.44150761786997379920566904594740677,0.44150761786997379920566904594740677
0.502844415914552,0.50284441591455239047846902183283014,0.50284441591455239047846902183284247
0.159596409421367,0.15959640942136716181149433242526741,0.15959640942136716181149433242526741
0.635851084310892,0.6358510843108916970421833357358399,0.63585108431089169704218333573585223
0.694294926475034,0.69429492647503437696034153267429466,0.69429492647503437696034153267429466
0.0794908948349931,0.079490894834993107341230215957906605,0.079490894834993107341230215957906605
0.607742650953068,0.60774265095306797906811815055390427,0.60774265095306797906811815055390427
0.0328495192977371,0.032849519297737077555361282853882593,0.032849519297737077555361282853882593
0.12312891727385,0.1231289172738498929372123062442395,0.1231289172738498929372123062442395
0.285896943344453,0.28589694334445344952016215233424846,0.28589694334445344952016215233424846
0.242135156085632,0.24213515608563232012717671013664575,0.24213515608563232012717671013664575
0.676757337147739,0.67675733714773861828568342828917742,0.67675733714773861828568342828918975
0.157053864579522,0.15705386457952242596093005775589795,0.15705386457952242596093005775589795
0.236442015182539,0.23644201518253933991333622327943972,0.23644201518253933991333622327943972
0.298338421339048,0.298338421339048041268460461156572,0.29833842133904804126846046115658433
0.143601070333606,0.14360107033360609004206300770471282,0.14360107033360609004206300770471282
0.881780242338183,0.88178024233818324651853695315008561,0.88178024233818324651853695315008561
0.475731198521154,0.47573119852115421461388211238587727,0.47573119852115421461388211238592657
0.283821312185665,0.2838213121856652550046145043406616,0.2838213121856652550046145043406616
0.049190336040909,0.049190336040908981863475706520730881,0.049190336040908981863475706520730881
0.848696824231201,0.84869682423120086927079551677554359,0.84869682423120086927079551677554359
0.163884092852488,0.16388409285248779168071719568324145,0.16388409285248779168071719568325378
0.0237225608389211,0.023722560838921091359176812887104023,0.023722560838921091359176812887104794
0.201847427845144,0.20184742784514437337055827473846001,0.20184742784514437337055827473846001
0.987485712210629,0.98748571221062888801734208266832354,0.98748571221062888801734208266832354
0.0823270192258246,0.082327019225824625652897950840058923,0.082327019225824625652897950840071249
0.453098998035802,0.45309899803580152285755503613050659,0.45309899803580152285755503613050659
0.19980777835193,0.19980777835192985023497128015443098,0.19980777835192985023497128015443098
0.0626472158513038,0.062647215851303825576498589684116215,0.062647215851303825576498589684119297
0.0247191316656046,0.024719131665604610522785071819505651,0.024719131665604610522785071819505651
0.562074371014743,0.56207437101474335455499723862086703,0.56207437101474335455499723862087936
0.0197428508965202,0.019742850896520208116486573789431337,0.019742850896520208116486573789434419
0.0302373499253597,0.030237349925359650672138857527586403,0.030237349925359650672138857527587174
0.0401111420469631,0.040111142046963068553986114257895241,0.040111142046963068553986114257898322
0.117888809556376,0.11788880955637610607877273456848355,0.11788880955637610607877273456848355
0.183052406837231,0.18305240683723078047377214665844385,0.18305240683723078047377214665844385
0.601778152895783,0.60177815289578253654739960258529052,0.60177815289578253654739960258529052
0.359848579389348,0.35984857938934754993591527697408855,0.35984857938934754993591527697410087
0.575787811880102,0.5757878118801018841680140795702265,0.5757878118801018841680140795702265
0.903902709472236,0.90390270947223587272162670886145209,0.90390270947223587272162670886146442
0.808189263047238,0.80818926304723830542447987811881911,0.80818926304723830542447987811881911
0.406549836737027,0.40654983673702662280915877090488669,0.40654983673702662280915877090493599
0.121521866377341,0.12152186637734121411867683767240441,0.12152186637734121411867683767240749
0.525009063582835,0.52500906358283498876168618369744968,0.525009063582834988761686183697462
0.0947130902369872,0.094713090236987164588254723640572849,0.094713090236987164588254723640572849
0.776153088879261,0.77615308887926147864303538281970503,0.77615308887926147864303538281970503
0.298050497400057,0.29805049740005721158781137865083958,0.2980504974000572115878113786508519
0.729390974342932,0.72939097434293213821839528426342313,0.72939097434293213821839528426342313
0.52568628563298,0.52568628563298014031767941667466993,0.52568628563298014031767941667466993
0.0766627359021251,0.076662735902125107787717669248399433,0.076662735902125107787717669248399433
0.0729626759871323,0.07296267598713225714948050822043511,0.07296267598713225714948050822043511
0.619698845183276,0.61969884518327581515634348033228149,0.61969884518327581515634348033228149
0.649475732333729,0.64947573233372883383629715272975525,0.64947573233372883383629715272975525
0.0445204074461111,0.044520407446111103494707265312973027,0.044520407446111103494707265312973027
0.700596494611954,0.70059649461195345784295447752932823,0.70059649461195345784295447752932823
0.123219504797666,0.1232195047976658339265659099367999,0.1232195047976658339265659099367999
0.514134432296486,0.51413443229648562845968483251295989,0.51413443229648562845968483251295989
0.386109687803318,0.38610968780331778179258463381486595,0.38610968780331778179258463381487827
0.0150938703263716,0.015093870326371611412452034641371477,0.01509387032637161141245203464137167
0.02868325965908,0.028683259659080016700400755701425935,0.028683259659080016700400755701425935
0.129332938060039,0.12933293806003858529180060630461628,0.12933293806003858529180060630461628
0.664579090171082,0.66457909017108203229673024035032054,0.66457909017108203229673024035032054
0.0532313956937193,0.053231395693719255869899134909254504,0.053231395693719255869899134909254504
0.0106667950392164,0.010666795039216387157042509873083583,0.010666795039216387157042509873083776
0.0158560011925608,0.015856001192560786223455853239373292,0.015856001192560786223455853239373292
0.925740843481329,0.92574084348132896845742556961565078,0.92574084348132896845742556961565078
0.848976210867703,0.84897621086770254356135518453418662,0.84897621086770254356135518453418662
0.0116365325484157,0.011636532548415745037399059128917657,0.011636532548415745037399059128917657
0.977805816135802,0.97780581613580180262026465515118987,0.97780581613580180262026465515118987
0.12388733351103,0.12388733351103044407868320247176896,0.12388733351103044407868320247176896
0.852931016683338,0.8529310166833380771552758185889393,0.85293101668333807715527581858895163
0.307220196348981,0.30722019634898132482401054308257064,0.30722019634898132482401054308261995
0.887365932982665,0.88736593298266466089600686013490775,0.88736593298266466089600686013492008
0.0340664638409626,0.034066463840962646118986813992562954,0.034066463840962646118986813992562954
0.838709064452412,0.83870906445241183618566885247154503,0.83870906445241183618566885247154503
0.123638615456262,0.12363861545626155805121100000614887,0.12363861545626155805121100000616119
0.0336372321021152,0.033637232102115237218409537394426881,0.033637232102115237218409537394427652
0.0392488907293095,0.039248890729309528091963563648581435,0.039248890729309528091963563648582205
0.84788983979813,0.84788983979812967944174216314374405,0.84788983979812967944174216314375637
0.804489307921052,0.80448930792105214052257419606438367,0.804489307921052140522574196064396
0.016128837143143,0.016128837143143008688206784883796963,0.016128837143143008688206784883796963
0.297648563257183,0.29764856325718316899444666634004803,0.29764856325718316899444666634004803
0.443860025161125,0.44386002516112520687332988335567067,0.44386002516112520687332988335567067
0.0266070720047132,0.026607072004713189391091876015373318,0.026607072004713189391091876015374089
0.136198168690426,0.13619816869042599008939088278564545,0.13619816869042599008939088278564545
0.0328005807372701,0.032800580737270052629043639335913385,0.032800580737270052629043639335913385
0.107746378004314,0.10774637800431413454370670958182163,0.10774637800431413454370670958182163
0.118447516109757,0.11844751610975737648163850437138427,0.11844751610975737648163850437138427
0.487377787560816,0.4873777875608154967126277976189194,0.4873777875608154967126277976189194
0.329702289035661,0.32970228903566143558585206993650178,0.32970228903566143558585206993651411
0.528249483358359,0.52824948335835861895598504532907222,0.52824948335835861895598504532907222
0.52258662870308,0.52258662870307978179802373585853945,0.52258662870307978179802373585855177
0.417684898616689,0.417684898616688678340574621999826,0.417684898616688678340574621999826
0.0114709137298872,0.011470913729887206349176970302984471,0.011470913729887206349176970302984664
0.8011615782314,0.80116157823139954118217554962517756,0.80116157823139954118217554962518988
0.252251038141851,0.25225103814185080962414952590535151,0.25225103814185080962414952590536384
0.265088806258967,0.26508880625896679700127007325925241,0.26508880625896679700127007325926474
0.0762094781116507,0.076209478111650703115850828832343187,0.076209478111650703115850828832343187
0.899899919529051,0.89989991952905097190452902114664122,0.89989991952905097190452902114665355
0.0653961430759118,0.065396143075911782688551095619079366,0.065396143075911782688551095619079366
0.82949017600653,0.82949017600653038649450391090471999,0.82949017600653038649450391090471999
0.915514731575419,0.91551473157541940604630816126625606,0.91551473157541940604630816126625606
0.0516842206975728,0.051684220697572788788215237726882328,0.051684220697572788788215237726882328
0.0851025265341712,0.085102526534171242700546422529161329,0.085102526534171242700546422529161329
0.326893517637614,0.32689351763761398850649032426261934,0.32689351763761398850649032426266865
0.607142514871856,0.60714251487185553117395002482149747,0.60714251487185553117395002482149747
0.399819027387337,0.39981902738733745579216831900571356,0.39981902738733745579216831900572589
0.525017622640409,0.52501762264040905100035682436467302,0.52501762264040905100035682436467302
0.0122807629545576,0.012280762954557596716499205843899612,0.012280762954557596716499205843899612
0.766530767845599,0.7665307678455994505220954032128947,0.7665307678455994505220954032128947
0.0774430979890783,0.077443097989078341570879779486432884,0.077443097989078341570879779486432884
0.941858142453471,0.94185814245347107184704961293860911,0.94185814245347107184704961293860911
0.731434794687878,0.73143479468787846990021224786437393,0.73143479468787846990021224786438626
0.512922902582044,0.51292290258204376490805008399750529,0.51292290258204376490805008399751762
0.468665358226703,0.46866535822670344826015111363626643,0.46866535822670344826015111363627876
0.0113757705176472,0.011375770517647205075890287800501179,0.011375770517647205075890287800501372
0.03517364311713,0.035173643117130018316801387028517504,0.035173643117130018316801387028518274
0.542403944566658,0.54240394456665832128168886663909534,0.54240394456665832128168886663909534
0.553911342392278,0.55391134239227832060608411641399435,0.55391134239227832060608411641399435
0.142751944673099,0.14275194467309909651848819111766367,0.14275194467309909651848819111766367
0.347343390544449,0.34734339054444937227532731989394069,0.34734339054444937227532731989394069
0.899602775205249,0.89960277520524886415729162015797861,0.89960277520524886415729162015799093
0.920759923561259,0.92075992356125916207498482979871721,0.92075992356125916207498482979871721
0.154069283800916,0.15406928380091558882268016525041522,0.15406928380091558882268016525041522
0.100214953734259,0.10021495373425900070960468081565564,0.10021495373425900070960468081565564
0.0290424265537277,0.02904242655372771097719222729224507,0.02904242655372771097719222729224507
0.83505168769956,0.83505168769956044811196226636674773,0.83505168769956044811196226636674773
0.125687141671951,0.12568714167195120999470394958495694,0.12568714167195120999470394958495694
0.0708159022796033,0.070815902279603317291732141696251398,0.070815902279603317291732141696251398
0.647621326720487,0.64762132672048739760907180064755924,0.64762132672048739760907180064755924
0.299761665984919,0.29976166598491927616396191417428913,0.29976166598491927616396191417428913
0.491845248023275,0.4918452480232749718139754417532245,0.49184524802327497181397544175323683
0.063890957622017,0.063890957622016984372091535192780091,0.063890957622016984372091535192780091
0.147359579184831,0.14735957918483107850402524626945963,0.14735957918483107850402524626947195
0.956337157627198,0.95633715762719836470591523557670349,0.95633715762719836470591523557670349
0.248236190836527,0.24823619083652699332850526803144561,0.24823619083652699332850526803145794
0.415478887387059,0.4154788873870584942247463067840169,0.41547888738705849422474630678402923
0.771709165597489,0.77170916559748888021238203662026917,0.77170916559748888021238203662026917
0.717008277412531,0.71700827741253074225160990070146414,0.71700827741253074225160990070146414
0.58533650170681,0.58533650170681033544893741788848028,0.58533650170681033544893741788848028
0.289069163796136,0.28906916379613553716682273637937166,0.28906916379613553716682273637937166
0.323567480744756,0.32356748074475573906311335036559443,0.32356748074475573906311335036564374
0.999092908165331,0.99909290816533067337709695558431611,0.99909290816533067337709695558431611
0.296609348507955,0.29660934850795488823795809968213292,0.29660934850795488823795809968214524
0.0117858338151134,0.011785833815113409093747035845092257,0.011785833815113409093747035845092257
0.321051617287162,0.3210516172871620828533399641069571,0.32105161728716208285333996410696942
0.257740151829479,0.25774015182947904908321344694026054,0.25774015182947904908321344694026054
0.902979250229694,0.90297925022969394737219983793508333,0.90297925022969394737219983793513263
0.171829084194391,0.17182908419439076639061348699066831,0.17182908419439076639061348699068064
0.303690686460021,0.30369068646002057947770514921765543,0.30369068646002057947770514921766776
0.0711136191891727,0.071113619189172646348886787942219414,0.071113619189172646348886787942222496
0.917326498471466,0.91732649847146612314755778128265081,0.91732649847146612314755778128270011
0.0878718940066905,0.087871894006690501985466268818037815,0.087871894006690501985466268818037815
0.0160174266816942,0.016017426681694151778126824090067787,0.016017426681694151778126824090067787
0.49852747884133,0.4985274788413295453433062273679281,0.4985274788413295453433062273679774
0.229629410262369,0.22962941026236920065623517981257754,0.22962941026236920065623517981257754
0.399640583860704,0.39964058386070406391966090959107175,0.39964058386070406391966090959107175
0.405685975313623,0.40568597531362277066058116809227436,0.40568597531362277066058116809227436
0.890532165733229,0.89053216573322894880448910964000309,0.89053216573322894880448910964000309
0.0604755025601926,0.060475502560192644860656832483094864,0.060475502560192644860656832483095634
0.696550722973985,0.6965507229739851925045951616458099,0.69655072297398519250459516164582223
0.0117180434151039,0.01171804341510393975097042733827204,0.011718043415103939750970427338272233
0.0209162253679506,0.020916225367950595460269410741126485,0.020916225367950595460269410741126485
0.017865476059031,0.01786547605903103842260048097061446,0.01786547605903103842260048097061523
