radical cu precizie fp64,radical cu precizie double2,radical cu precizie fp128
0.949283541390276,0.94928354139027611026484006562708333,0.9492835413902761029386347408476774
0.368488190926525,0.36848819092652538673400456512523115,0.36848819092652538794421013357929119
0.760835149626987,0.76083514962698736942793875584584854,0.76083514962698742019374076392295779
0.718145999910846,0.71814599991084630023922044029179553,0.71814599991084623300648901522205895
0.660703458112919,0.66070345811291940864960945453295719,0.6607034581129193719199382997464571
0.950320658506377,0.95032065850637725937024528468069581,0.95032065850637725709868560295975806
0.601956933505742,0.60195693350574170377634987302439224,0.60195693350574167363796673601640955
0.909153362861187,0.9091533628611865567137189044988469,0.90915336286118650612310410550341657
0.957670302198488,0.95767030219848820699286601698519958,0.95767030219848818642688319264400796
0.925163406290418,0.92516340629041801668794808750970942,0.92516340629041807219603621530114393
0.908631586837523,0.90863158683752248653770636977692927,0.90863158683752249842452392678291672
0.653931668405372,0.65393166840537200472443418492685481,0.65393166840537203956800653532652987
0.465169982547594,0.46516998254759375660893406964353652,0.46516998254759376304556705779116856
0.62170600647293,0.62170600647293012601452949189813473,0.62170600647293008665462305914604928
0.798180856128363,0.79818085612836267199788942951170239,0.79818085612836270689674005877970908
0.903035718293857,0.90303571829385700816272452390483826,0.90303571829385695494396935795003647
0.916346570157847,0.91634657015784668641313642191349137,0.91634657015784672775313952107566049
0.921254239421275,0.92125423942127472982229755010605251,0.92125423942127469439248307886616162
0.98864666631496,0.98864666631496038056484027419809238,0.98864666631496041749365927950390946
0.911477156791715,0.91147715679171529559395665519894942,0.91147715679171524494569702876649142
0.56015677463213,0.56015677463213034643160766180043615,0.56015677463213038567707609406175375
0.853997921054238,0.85399792105423833371337227381086498,0.85399792105423832472520384963349831
0.688258679336142,0.68825867933614180399540233834766072,0.68825867933614177712063182579146324
0.88507683013443,0.8850768301344302193145138649416368,0.88507683013443021785736262786789642
0.850946438279836,0.85094643827983627155013485128755506,0.85094643827983631339613518400120012
0.349501848194131,0.34950184819413061286342073474923588,0.34950184819413062740491516446364725
0.666996785819638,0.66699678581963822484152302545834696,0.66699678581963825715458287279852986
0.325065199511677,0.32506519951167734501569318605898866,0.32506519951167733199708275126912592
0.874153048551203,0.87415304855120283374923718332287997,0.87415304855120288066312116259439087
0.737512386158491,0.7375123861584908208168040928473274,0.73751238615849084234935016944449245
0.569642973509318,0.56964297350931840168605550942733982,0.56964297350931844724669697130116835
0.903890485548234,0.90389048554823359265041834473143992,0.90389048554823358922961143949302184
0.436428530884895,0.43642853088489483743604412183722006,0.43642853088489482056163415525407139
0.989339884528936,0.98933988452893591676980422272375052,0.98933988452893587767948636057887622
0.978053274084203,0.9780532740842025305796607411110077,0.97805327408420248709154960934490883
0.684856072604324,0.68485607260432359558045433953757909,0.68485607260432361149694565389357343
0.890054792265656,0.89005479226565581268304584459126331,0.89005479226565580197757037622161699
0.417633803956443,0.41763380395644334182031714894505906,0.41763380395644333635834838483319841
0.899222605752052,0.89922260575205230224505796875795025,0.89922260575205224656506255733174437
0.706817637600489,0.70681763760048923103110886613851623,0.70681763760048919401642884595072645
0.831930583929107,0.8319305839291069212295546750911406,0.83193058392910688636147326890836632
0.663694718721472,0.66369471872147155706603311358572597,0.6636947187214715201524854372075557
0.387392748738009,0.38739274873800891883188967347397748,0.38739274873800892323928301377211298
0.427449052179906,0.42744905217990633318574885667933562,0.42744905217990630181785788801059628
0.398467956396233,0.39846795639623291007682079563846575,0.39846795639623294331720106923338512
0.486743802687564,0.48674380268756424520503023570966554,0.48674380268756421973392444837334239
0.461912320142601,0.4619123201426012768026700388199285,0.46191232014260128627299791739347317
0.702972881961446,0.70297288196144620729697620307749956,0.70297288196144621340113239215917467
0.61895834875102,0.61895834875102046904577432573055644,0.61895834875102042877106952588075938
0.886018384628987,0.88601838462898691492507131401016934,0.88601838462898689137185813756056661
0.968666244856694,0.96866624485669435211988290664126184,0.96866624485669432386350450227877014
0.69568102600178,0.69568102600177995762677381845487803,0.6956810260017799952528247932592611
0.899610356365309,0.89961035636530853027048040100434299,0.89961035636530848086201415274463579
0.418225075632863,0.41822507563286317722288593717296226,0.41822507563286317236199177215973537
0.62990025303645,0.6299002530364501264240366566680872,0.62990025303645011131250178564896102
0.924163812960375,0.9241638129603752460570934104179145,0.92416381296037525028298497554864348
0.773828950535947,0.77382895053594668774507582160811297,0.77382895053594669490451550923818507
0.718261269177425,0.71826126917742461539726294858726634,0.71826126917742460566776086352882321
0.640543939984781,0.64054393998478052526084748926474483,0.64054393998478050903519077292441102
0.69852424930216,0.69852424930216013338153824712629039,0.69852424930216013062396187734840375
0.905788669832202,0.90578866983220201963188195363658201,0.90578866983220203241349212753973074
0.664478481895744,0.6644784818957441241455000440207994,0.66447848189574413025063042371836871
0.598497109012546,0.59849710901254567899699015282621409,0.59849710901254565590057666816186519
0.888031527005917,0.88803152700591679162083915388867716,0.88803152700591673093840428910507136
0.663559185505439,0.66355918550543929808204083655019959,0.66355918550543932397931799049291916
0.874788791995598,0.87478879199559782076920798066249559,0.87478879199559783616991661378327228
0.76085034140351,0.76085034140351045585885718132905674,0.76085034140351052088009705080346353
0.438552550976585,0.43855255097658480776863661874162219,0.43855255097658478914916650039881972
0.824212957172804,0.82421295717280391189458528252883135,0.82421295717280387669920193894463145
0.410721903946814,0.41072190394681419951372345639107731,0.41072190394681423187810265445016435
0.414194609006156,0.4141946090061561399917614908865543,0.41419460900615614908481940072343046
0.495304412572712,0.4953044125727116468975148957462819,0.49530441257271166430504918700408173
0.321280754178889,0.32128075417888911678066466975531341,0.32128075417888911350589903216566616
0.610884525485532,0.61088452548553152655478016676068664,0.61088452548553154463552476574332453
0.889600909188932,0.88960090918893219154514467177865201,0.88960090918893220539101635708287423
0.947395715468736,0.94739571546873640594639502908418209,0.94739571546873640822852664005778543
0.550254088932979,0.55025408893297941646593550166849835,0.55025408893297937467902456811593422
0.499275499429974,0.49927549942997434731204129266200042,0.49927549942997434348804000192092042
0.925153205208758,0.92515320520875776199835305153065424,0.92515320520875777266263961944823081
0.844649228658411,0.84464922865841109695861453210921508,0.8446492286584111487938804405820464
0.547645410518634,0.54764541051863359013489940370444742,0.54764541051863354990177026198421751
0.893903351183498,0.89390335118349785119171081995913192,0.89390335118349783023852870874948818
0.934254780113837,0.93425478011383697091448223897529397,0.93425478011383693042714859833060861
0.68480909370171,0.68480909370170992634668516035549248,0.68480909370170990926168869634611836
0.874412830172852,0.87441283017285206716325670067643993,0.87441283017285202931610931082480889
0.887028609187637,0.88702860918763652530833457845250133,0.88702860918763657054329004755888655
0.941923436085491,0.94192343608549151768328329717175747,0.94192343608549148662351409540292838
0.98517019297084,0.98517019297084014955107065367029045,0.9851701929708401133815631642272579
0.805055427924685,0.8050554279246844990528858300298704,0.80505542792468449935752298670438168
0.934121701073188,0.93412170107318814736224667191450498,0.93412170107318816572085622017025869
0.398253424665911,0.39825342466591053819144531294268852,0.39825342466591056336946699235407308
0.797456623623813,0.79745662362381336010759802797077802,0.79745662362381334251234008400767008
0.795624017892924,0.79562401789292428534283591574466399,0.79562401789292429965971075013332902
0.915340689955071,0.91534068995507125288166052644660673,0.91534068995507120602942150423481525
0.509100197475395,0.50910019747539492617526518679585573,0.50910019747539491819744200674688159
0.725729938332497,0.72572993833249698281258109078944542,0.72572993833249700368219716450230222
0.996183789748145,0.9961837897481452342736211929724662,0.99618378974814527407154755304584674
0.963587979072448,0.96358797907244778263985797970796394,0.96358797907244783094998885905500151
0.3271417401596,0.32714174015960013611437388413629295,0.32714174015960014025119725274211638
0.501246275304017,0.50124627530401738050246521397583971,0.50124627530401739068585492531013084
0.900957016848938,0.9009570168489378617582070926325377,0.9009570168489378537834222289124388
0.655810258548257,0.65581025854825703107717813152831296,0.6558102585482570292073840882208544
0.526692637534852,0.52669263753485217596578545102400282,0.52669263753485218723865150774347068
0.818651065787764,0.81865106578776353509493868150329076,0.81865106578776359111737199873818312
0.539628070532728,0.53962807053272786805246148953338404,0.5396280705327279023558142549778792
0.519589506768669,0.51958950676866864940843953989890417,0.51958950676866867664789168158101779
0.862860893635178,0.86286089363517793078618062537995613,0.86286089363517798318113414764338577
0.566634399203211,0.56663439920321153271849793219488668,0.56663439920321150832862313831404631
0.533305248957889,0.53330524895788943818589368277080048,0.53330524895788946358166033476632644
0.886997154767814,0.88699715476781407568996389580556941,0.88699715476781411006897008118170197
0.771958488453186,0.77195848845318604182700752714183185,0.77195848845318604312744767670053986
0.590238392161269,0.5902383921612687270251928036617509,0.59023839216126868143413681654884561
0.692959844755156,0.6929598447551561719825829948743137,0.69295984475515621074078750146985751
0.3915094640987,0.39150946409870014875687711335019067,0.3915094640987001571166032600621204
0.70622623056015,0.70622623056014978990626898900503257,0.70622623056014975064717761545777356
0.609257557918607,0.609257557918607338302700369955946,0.60925755791860734585993334808290356
0.72510216533335,0.72510216533334972760388620301288834,0.72510216533334967620288796823099155
0.854737397450853,0.85473739745085318544154922623681087,0.8547373974508532104916115940405968
0.987745586524069,0.98774558652406885650473194481510452,0.987745586524068845977565104183586
0.943415822989827,0.94341582298982723219743439901787328,0.94341582298982724486341309000505945
0.904581307570671,0.90458130757067099317795458411488436,0.90458130757067102997267335375148905
0.578803645354536,0.57880364535453621915236470204565428,0.57880364535453623396395620247593325
0.761056373515392,0.76105637351539250616562875428937568,0.76105637351539248832263171557147613
0.565313498204588,0.56531349820458767412719742146041237,0.56531349820458762584632888597947366
0.900626532722264,0.90062653272226352211333497725368923,0.90062653272226357725950464820395384
0.701122557095372,0.70112255709537150954858541534000731,0.70112255709537147394506437197709
0.843169869765333,0.84316986976533330060006188769143488,0.84316986976533330473815043191772167
0.604698242805172,0.60469824280517215611403448695556903,0.60469824280517217852204588065118801
0.526827683247636,0.52682768324763617969943794418916964,0.52682768324763618109449538638024664
0.725121659527382,0.72512165952738149105742717612038986,0.72512165952738151158270216736972702
0.617469141803437,0.61746914180343720719476583158687659,0.6174691418034372235189781960688624
0.379875585718298,0.37987558571829836019283437555729938,0.37987558571829836351555616558176009
0.464121683557399,0.46412168355739894892493118664979821,0.46412168355739892609752239974282884
0.871150971071931,0.87115097107193099195816600042832019,0.87115097107193105024303715595864225
0.860425253145558,0.86042525314555769203581845142038805,0.86042525314555764598247484590218494
0.915739719203479,0.91573971920347904643242399177256397,0.91573971920347900174903161355604449
0.80323338897371,0.80323338897370984066994753990030965,0.80323338897370984169731817093921736
0.698304257737216,0.69830425773721658270887154042839189,0.69830425773721654754341757823721518
0.733398157269428,0.73339815726942816951916511159499901,0.73339815726942811337496523348970824
0.792751071266712,0.79275107126671190628544129779857008,0.79275107126671187301378512153998625
0.557253163369563,0.55725316336956321371757464206353911,0.55725316336956320462832967038224244
0.553452047871081,0.5534520478710815704169998960770558,0.55345204787108152583054194165414202
0.99030980263735,0.99030980263734983938003708764937683,0.9903098026373498722494658085930495
0.415691006660865,0.415691006660865215708223828722094,0.41569100666086519092245336599228143
0.71867963098849,0.71867963098848949008531231446481523,0.71867963098848949472862025878775356
0.677233282973021,0.67723328297302076642109758602495437,0.67723328297302076769755141078454311
0.904765404329801,0.90476540432980132430037781476256776,0.90476540432980137210841905882134962
0.36557125089227,0.36557125089226972497141554325600727,0.36557125089226974375614670309213181
0.850886754620615,0.8508867546206150823186559778806506,0.85088675462061506273790825139107743
0.923536049758773,0.92353604975877296296603128447283872,0.92353604975877296403884494667555423
0.816481587160943,0.81648158716094340626966289582892056,0.81648158716094346153170487505154345
0.876122715656786,0.87612271565678632855303042485695855,0.8761227156567863592173441891899282
0.753407904474537,0.75340790447453718666983664876424816,0.7534079044745371475746457500268104
0.84065651391508,0.8406565139150805048103636626371392,0.84065651391508048513497876322830073
0.620036129413128,0.62003612941312770333578630490948503,0.62003612941312771992173200448387625
0.500623977925744,0.50062397792574364904078914221898113,0.50062397792574364333722120974853873
0.914553792603985,0.91455379260398515325342607681636883,0.91455379260398519017932237332456146
0.361988874850578,0.36198887485057834807018483548070897,0.36198887485057834394912557695298774
0.894687615441054,0.8946876154410543983019153880690454,0.89468761544105440235342886663989075
0.972712893118349,0.97271289311834920555505112457069991,0.97271289311834916778870530510572657
0.897004315015182,0.89700431501518189124637847994737222,0.89700431501518183882640343096875351
0.851390801989786,0.85139080198978580302737371312366738,0.85139080198978585608041556222610991
0.746052673439686,0.74605267343968609200854195000703199,0.74605267343968611094341779206068836
0.544699243305583,0.54469924330558248950705004629642654,0.54469924330558251721403027092375851
0.894640585883081,0.89464058588308098576030064889316429,0.89464058588308097198019138213096459
0.551735847174106,0.5517358471741064050019640860790007,0.55173584717410638987638590991825683
0.509250730708166,0.50925073070816554814653929686784737,0.5092507307081655828952759504816675
0.9140302513439,0.91403025134390020969828584482663537,0.91403025134390020454222878308185132
0.929978898149756,0.92997889814975572909086664284850222,0.92997889814975567475791254890304295
0.526701411699216,0.52670141169921624529827615837558764,0.52670141169921625207215990890988284
0.679003090193534,0.67900309019353355616069519226672831,0.67900309019353355161249611784932508
0.549858736020212,0.54985873602021191793581914473132364,0.54985873602021187663279666251985261
0.822554473882054,0.82255447388205367932543431400690775,0.82255447388205366572379431096110691
0.738849527971575,0.73884952797157487777900498695603967,0.73884952797157481448760415230853063
0.843944230986444,0.84394423098644360349194126507968613,0.84394423098644363887772831712067065
0.88978908203775,0.889789082037750418076446677656799,0.88978908203775042762132814336245948
0.858129359169261,0.85812935916926065657323673070483735,0.85812935916926070074833846860215743
0.731594435357561,0.73159443535756083528897995379288642,0.73159443535756080880345101627537894
0.3536374757716,0.35363747577160036182278908622118411,0.3536374757716003853943103471070702
0.708066694262627,0.70806669426262734691088943022245976,0.70806669426262730939808638938512066
0.342885534002801,0.34288553400280079667449256842343674,0.34288553400280078717636741197264002
0.819329370380415,0.81932937038041540148143372847453983,0.81932937038041535729557523012274893
0.667711958979447,0.66771195897944681520904503780432738,0.66771195897944677630867665062874859
0.872943440770123,0.87294344077012287855109850705742245,0.87294344077012286006878905401424135
0.987263489698702,0.98726348969870237739686210866877283,0.98726348969870236111765257965396473
0.720209720019002,0.72020972001900184423249523548876479,0.72020972001900186242863416394682969
0.669449947650195,0.66944994765019478526326231696248102,0.66944994765019482267659416102137929
0.728577615482359,0.72857761548235913841056173763618071,0.72857761548235907932378211486238942
0.978100448733935,0.97810044873393518420485114106388543,0.97810044873393521898535320147227032
0.715543647683929,0.71554364768392918089718109942260463,0.71554364768392921097300499721676701
0.511223800462856,0.5112238004628559442113227649504523,0.51122380046285590585541562683815831
0.999441400308883,0.999441400308882884052626545305716,0.9994414003088829142348170226646032
0.911040814831871,0.9110408148318711595502293917314964,0.91104081483187115973034330951404994
0.394317471660784,0.39431747166078412412184321202281204,0.39431747166078412505305890898975275
0.531414879153435,0.5314148791534348995886299649883918,0.53141487915343486556119692469462289
0.856806971780521,0.85680697178052112130493707686609555,0.85680697178052111971006514190749299
0.573589761289279,0.57358976128927937520446382955677931,0.57358976128927934705185649456727922
0.83163574171349,0.8316357417134897441689538735500784,0.83163574171348975817130551343314891
0.619521600663293,0.61952160066329282335627840606417492,0.61952160066329278558654910730704495
0.946973795674553,0.94697379567455251813161432456027082,0.94697379567455253347516176960494519
0.903966386995455,0.9039663869954549677799436781284393,0.90396638699545493487057091760597416
0.621141362701462,0.62114136270146233980750882073673108,0.62114136270146229652234693482676343
0.907958052893722,0.90795805289372226681467441004856259,0.90795805289372227854920276006716066
0.442285345090388,0.44228534509038823316300802350392715,0.44228534509038826452782079552766534
0.858418297170958,0.85841829717095825309421728331845953,0.85841829717095825395440374330509952
0.9305221881652,0.93052218816520022690106272489832604,0.93052218816520019424063476410274516
0.959661881623391,0.95966188162339144386315480697157826,0.9596618816233914393958594171476415
0.541752073269622,0.54175207326962214184717497727350412,0.54175207326962219244772949501090251
0.368092445972414,0.36809244597241403917809393783154391,0.36809244597241401786402220500695055
0.460852205900057,0.46085220590005704908202736145967323,0.46085220590005703824550161630696009
0.703454826943344,0.70345482694334451338253974652993307,0.70345482694334453312046167764752875
0.625003408110481,0.62500340811048094685740546236161293,0.62500340811048097805612123651051249
0.984253758992983,0.98425375899298285424406816971257787,0.98425375899298283173595321052920422
0.838601800772262,0.83860180077226161678605294317172635,0.8386018007722615972604551342343979
0.898282217016715,0.89828221701671518313122522780073376,0.89828221701671517434232338306858873
0.840028940023652,0.84002894002365178340741185318710618,0.8400289400236518255539169381509128
0.368754111067228,0.36875411106722777141701716788577434,0.36875411106722777745144195035334187
0.782182260305168,0.78218226030516804011489694099993147,0.78218226030516799999241629696796946
0.856369586913032,0.85636958691303178893812474554066662,0.8563695869130317655906621352966143
0.993083137983172,0.9930831379831718448236733834703031,0.99308313798317180954856101733054602
0.533781005764258,0.53378100576425761682061942619405634,0.53378100576425764063337074467651274
0.970115293072986,0.97011529307298619063985093370138659,0.97011529307298614083014111774326307
0.968127203534403,0.96812720353440273970321086119709547,0.96812720353440273233317712117369534
0.461860050133909,0.4618600501339087838155533926820566,0.4618600501339088060297116545060909
0.812945539183309,0.81294553918330893644076152889944715,0.8129455391833089003515678701321423
0.503006800960082,0.50300680096008245565813886657192573,0.50300680096008241261712591352337575
0.483913639070363,0.48391363907036327502974205745869149,0.48391363907036327586906549047134179
0.397679985664561,0.39767998566456113419753046654404886,0.39767998566456114971424176220425543
0.717364805205114,0.717364805205113803597774915454901,0.71736480520511381459130801662151611
0.978157989863488,0.97815798986348823522429074761831465,0.97815798986348822648129907941537626
0.469731836839296,0.46973183683929574417606091475588029,0.46973183683929576409573341733094373
0.830457611003478,0.83045761100347830494138469081356344,0.83045761100347834409046329454322814
0.681369639934859,0.68136963993485949784522801496103521,0.68136963993485946167129250618386778
0.927458353832489,0.92745835383248858517871421592170764,0.92745835383248858850582208555853182
0.979599317780239,0.97959931778023897908727056079320925,0.97959931778023903529059317275679341
0.603948053268247,0.60394805326824652188004974006987875,0.60394805326824648151952331556558967
0.74205970681529,0.74205970681529041033778619051185284,0.74205970681529045340104196627185707
0.755822347530767,0.7558223475307666539586265130154497,0.7558223475307666268565616279817643
0.97124142390433,0.97124142390433006781789246137306488,0.97124142390433002469552717421676336
0.868060980929564,0.86806098092956375370877246458405474,0.86806098092956372898809043400830886
0.5257337427622,0.5257337427622003711051632971491909,0.52573374276220035887945904740444921
0.483892291721298,0.48389229172129787512559328724525141,0.48389229172129789057677243071716382
0.667059047273907,0.66705904727390742222791633175919824,0.66705904727390745902675371219060897
0.842886323312974,0.84288632331297395914348385316119649,0.84288632331297398672077065372574023
0.639923268385146,0.63992326838514610287623325623589565,0.63992326838514606387034573683262703
0.455654382934403,0.45565438293440253434560554017240028,0.45565438293440251418111848176762711
0.634901298190089,0.63490129819008910418196819881702018,0.63490129819008907651391403392676321
0.816770352220766,0.81677035222076578787347479082046375,0.81677035222076575574907075061826887
0.4103277591344,0.410327759134399974095766877371619,0.41032775913439996877912015933624113
0.950589092040714,0.95058909204071346521394396274072652,0.95058909204071346609693796811809017
0.817668118556313,0.81766811855631325727421942476790048,0.81766811855631320155858785880453171
0.46952539996064,0.46952539996064044742977638456471258,0.46952539996064042548163936932902569
0.935503644625635,0.93550364462563535024860361693523906,0.93550364462563534620689693724029555
0.957166164541997,0.9571661645419970570521860283317412,0.95716616454199703658597739284144646
0.902779962410435,0.90277996241043510271242358653347899,0.90277996241043514071020889746483379
0.998540915046136,0.99854091504613544899385386435271717,0.99854091504613546659052174729769917
0.572712568943526,0.57271256894352551498017359468593385,0.57271256894352551086213739703431964
0.941699313327451,0.94169931332745074883401053139588899,0.9416993133274508000717952626019496
0.991638960297151,0.99163896029715066155425886777702609,0.99163896029715064171904424990645639
0.57913350731362,0.5791335073136198194058209496670765,0.5791335073136198536975753817642993
0.831449100780593,0.83144910078059322639770712001187528,0.83144910078059316898307984203860536
0.561277329783167,0.56127732978316732044201194599293986,0.56127732978316729224106659595501676
0.761993264692164,0.76199326469216375875191582028996824,0.76199326469216378969008607807558536
0.701105469827922,0.70110546982792223367864917537631875,0.70110546982792226936580395268493439
0.824121903848621,0.82412190384862081371975000378706044,0.82412190384862075746793723688413957
0.78113216531412,0.78113216531411948766877830671007264,0.78113216531411953866332523533093182
0.520497726803858,0.52049772680385802100120060434384945,0.52049772680385803380112164421492544
0.767678947099315,0.76767894709931468971659486954490745,0.76767894709931467990630234286930621
0.651068403122178,0.65106840312217794032878434644114827,0.6510684031221779640540301685334411
0.423608847773153,0.42360884777315252827436345825882042,0.42360884777315253135042720562677592
0.611535697469593,0.61153569746959354079010679965883018,0.61153569746959351933301807379136878
0.755898487872278,0.75589848787227798835759688049792282,0.75589848787227797140657355807716093
0.859734186879074,0.85973418687907359387900449372013855,0.85973418687907359406173127514557139
0.743312623058571,0.74331262305857112526742253461979401,0.74331262305857118188877779689952937
0.859725839784175,0.85972583978417546694935929768224518,0.85972583978417552104281646247283159
0.724499710488616,0.72449971048861609303201367221552256,0.72449971048861608675789257091941294
0.822476888627339,0.82247688862733864815887620168752624,0.82247688862733866093977928064116817
0.819909929666353,0.81990992966635343183751444376684652,0.81990992966635347652387338820699695
0.563922065028312,0.56392206502831232764136077303424554,0.56392206502831232204145633449792767
0.957720604927331,0.95772060492733050530464625407389063,0.95772060492733054171888727501414786
0.993826650914593,0.99382665091459309999900709081944479,0.9938266509145931045448343196903656
0.952393622087358,0.9523936220873576020210983415062424,0.95239362208735763630913625248340287
0.783730807530891,0.78373080753089060421147997849160117,0.78373080753089059249440244685851879
0.949063429061283,0.94906342906128257120609609667732737,0.94906342906128262499682723063806456
0.785086852049105,0.78508685204910536389411124355199042,0.78508685204910538197293414625055605
0.837753093832988,0.83775309383298811394467910265128734,0.83775309383298805084308556995350743
0.919933894776353,0.91993389477635259775904260910540952,0.91993389477635255670306160787906379
0.92684869594776,0.92684869594776006822692177432020118,0.92684869594776011742928805849385053
0.927547418534553,0.92754741853455319700705049648758006,0.92754741853455319545185513508176518
0.363695398270464,0.36369539827046369721338092069587741,0.3636953982704637228973527714309193
0.783709888762795,0.78370988876279513151054960254992649,0.78370988876279512054359440006368522
0.486955503741468,0.48695550374146809004454348166936931,0.48695550374146809474314498904714694
0.370673852489309,0.37067385248930918389770405316591035,0.37067385248930920150446781381368903
0.72123213422505,0.7212321342250502667225734756061873,0.7212321342250502270028615850478185
0.823236512999927,0.82323651299992703906533147451378103,0.82323651299992699660914793686085672
0.950649541674523,0.95064954167452347442578814307045225,0.95064954167452347869035151097158674
0.442078216754951,0.44207821675495125691012691910246219,0.44207821675495123059203343917805814
0.940212492424218,0.94021249242421839626628995038691043,0.94021249242421839764862168766918868
0.921556596254688,0.92155659625468783155781816738234858,0.92155659625468782304403165072445062
0.43044420665059,0.43044420665058998200401234809690401,0.4304442066505899513305824589958951
0.361631692784768,0.36163169278476847834828154075853343,0.36163169278476847567456966432314554
0.832097260745452,0.8320972607454519324229885200830136,0.83209726074545190046215701927680204
0.680353693203778,0.68035369320377791145039928222518308,0.68035369320377787083393230875401714
0.712667616828185,0.71266761682818548579283349529867209,0.7126676168281854510349506396494809
0.858759419005585,0.85875941900558503630557236471153392,0.85875941900558507621744599595026793
0.571556065046732,0.57155606504673218765855864845037879,0.57155606504673216377387205497540019
0.905539074788671,0.9055390747886712064591962348955838,0.90553907478867114856469644522348298
0.774406919056992,0.77440691905699157192631974564825411,0.77440691905699152709442313837393096
0.859959838451762,0.85995983845176226592200876683193528,0.85995983845176221863880645243546688
0.432149154023125,0.43214915402312463766760169641412279,0.43214915402312465963080062898160204
0.555619397860871,0.55561939786087063948065348309841013,0.55561939786087059539843540018512221
0.922780383188312,0.92278038318831162246873504738170693,0.92278038318831163861611636326908504
0.891199928041352,0.89119992804135247474985688010475863,0.89119992804135241483366919776165166
0.782860797790433,0.78286079779043342490581467516499964,0.78286079779043342044098675289909908
0.861154856229856,0.86115485622985639437863505537784252,0.86115485622985634823387797915554489
0.517058182339939,0.51705818233993957149553640496911682,0.51705818233993953975810304548519615
0.734575804962406,0.73457580496240580143283075067509144,0.73457580496240576881074280659215616
0.828129530591175,0.82812953059117499540748702109438352,0.82812953059117500545509721725367937
0.321389408092733,0.32138940809273328430475549458330442,0.32138940809273326498152903362162492
0.954451639526229,0.95445163952622878887551736300367047,0.95445163952622881332957773663081986
0.509726866441361,0.50972686644136110070896727190394662,0.5097268664413611335302598364689956
0.349086929430081,0.34908692943008128333553378155213939,0.34908692943008126524557387729428366
0.801595570825327,0.80159557082532660383950631404798502,0.80159557082532663589685082223229009
0.629776882230161,0.62977688223016106903736037828655812,0.6297768822301610974846799850722012
0.903760431402208,0.90376043140220809274146956839482502,0.90376043140220805799608244753093305
0.72192470424924,0.72192470424924031106543534380935152,0.72192470424924029264919462576336116
0.44003650062177,0.44003650062176958351225624729361936,0.44003650062176957120205639720713193
0.788930785260739,0.7889307852607387928860404989914808,0.78893078526073878151648412502838032
0.626932719712555,0.62693271971255509559971217423477964,0.62693271971255507725927208392108308
0.609192271886216,0.60919227188621648915058197881569466,0.60919227188621650383014345142747883
0.703703877390715,0.70370387739071508209034355648077189,0.70370387739071508032013015590372269
0.763843076188462,0.76384307618846193648686250051385631,0.76384307618846190841089781790370375
0.659266743967796,0.65926674396779603370089973936200607,0.65926674396779607413053979513124277
0.938593696297036,0.9385936962970364160355252068607899,0.93859369629703643338955085454842383
0.786519127031125,0.78651912703112511121603649671284737,0.78651912703112517394301601298523869
0.38705697956728,0.38705697956728024060460893681057476,0.38705697956728025139902046928863352
0.731817055529316,0.73181705552931632848513817687768869,0.73181705552931635604020754136102119
0.320766250301515,0.32076625030151490263490728171803181,0.32076625030151489565683590921195521
0.637577246197937,0.63757724619793663423605960908266733,0.63757724619793662472670916413399811
0.495248969837387,0.49524896983738739955659958207019286,0.49524896983738738648824315381458509
0.648469359512168,0.64846935951216821395715905241324477,0.648469359512168225432185325146327
0.927383262874148,0.92738326287414795903679412534890689,0.92738326287414796542158121352351545
0.836399869196276,0.83639986919627635057852452876911189,0.83639986919627636421561006243684048
0.597898137175716,0.59789813717571640018907037031067413,0.59789813717571636396012418388227046
0.683641744566456,0.68364174456645622202150113158080293,0.6836417445664561998158169749736449
0.854910953123315,0.85491095312331447723896247474012161,0.85491095312331453907512081326562972
0.682641026555484,0.68264102655548406220698203343248696,0.68264102655548403101111129004071247
0.736945403819822,0.73694540381982163012869550092554969,0.73694540381982160625907923036359587
0.822045165189785,0.82204516518978526423506412406330618,0.82204516518978532908080534472630251
0.396925157478415,0.39692515747841508087499738149058296,0.39692515747841507670706433253755856
0.575545578259141,0.57554557825914120122825229197893354,0.5755455782591412199889840411984477
0.501142418835512,0.50114241883551210156876370427448083,0.50114241883551206336907808831487004
0.90856205625507,0.90856205625506976376002902633614221,0.90856205625506972482095738367801934
0.560832903427503,0.56083290342750266929068332632346589,0.56083290342750271798626342257442265
0.490232590521791,0.49023259052179073538302726316424558,0.49023259052179075311016857803409841
0.622214644090443,0.62221464409044338452419149899944993,0.62221464409044337591982669190987713
0.789467382065659,0.78946738206565894551804673202301306,0.7894673820656589719860827136480763
0.696299386910327,0.69629938691032700053175172664979937,0.69629938691032700066695273695456386
0.673759835813239,0.67375983581323920325371381034611184,0.67375983581323919765074610080599331
0.679151855493855,0.6791518554938555080640079973958169,0.67915185549385551656023371255608765
0.779074564870256,0.77907456487025646635273478250888606,0.77907456487025639701254283132346106
0.821781092741964,0.8217810927419636993246428860317626,0.8217810927419637317230561130421928
0.824715954382233,0.82471595438223249634598692758844696,0.8247159543822325609719766369323716
0.354885578589673,0.35488557858967294598930828123196856,0.35488557858967293407817057294090325
0.503681815074533,0.50368181507453326088336263296182494,0.50368181507453323038719707597519769
0.441203755960697,0.44120375596069689843339070191713834,0.44120375596069688870904561137567742
0.436916707673712,0.43691670767371228697637841086960867,0.43691670767371226487730267784300087
0.333739580157678,0.33373958015767783405666789409637384,0.33373958015767782616530984165789677
0.508104726825694,0.50810472682569434625412811188917032,0.50810472682569435750564461235277384
0.83061702012159,0.8306170201215899126441496966753645,0.83061702012158986436360403128224316
0.974908452176393,0.97490845217639350903538876641599605,0.97490845217639347752272575251079944
0.499503156691895,0.49950315669189511406093817817215762,0.49950315669189508690502332507114682
0.503331463710892,0.50333146371089163869618570874570439,0.50333146371089167842477150645690628
0.686454380855838,0.68645438085583786229828296850130193,0.68645438085583782876140825498607636
0.937652412432259,0.9376524124322586310866096709417127,0.93765241243225858582251141803293022
0.496050657903178,0.49605065790317807926807036131336472,0.49605065790317805242201154396322901
0.620396119438339,0.62039611943833919833886187018953333,0.62039611943833917756696509139310127
0.329938414188079,0.32993841418807915166159499368976897,0.329938414188079159349974744685045
0.839373726051592,0.83937372605159159166420234229660647,0.83937372605159160018025431721948618
0.863862144342581,0.86386214434258062487386048322372242,0.86386214434258061562449452317853937
0.618262138513778,0.61826213851377761699704988966809065,0.61826213851377758958818517342549887
0.98952894287261,0.98952894287261007241997211339491799,0.98952894287261005439233506685120742
0.424292071095764,0.42429207109576416052155453534171155,0.42429207109576412833692311747244902
0.78739183976929,0.78739183976928961449674274558489381,0.78739183976928961406612402856993318
0.395037335856525,0.39503733585652465045562744775459738,0.39503733585652465672577874594776053
0.49024390088305,0.49024390088305000659898050355775176,0.49024390088305000121189185135654346
0.584189280712627,0.58418928071262665116423392557873829,0.58418928071262666354525975382318211
0.860350835924056,0.86035083592405619115307291693542352,0.86035083592405622866466408958892478
0.579041992907622,0.57904199290762182334420321628895482,0.57904199290762180945561704513634169
0.582631862805224,0.58263186280522435326310698445550632,0.58263186280522432653220645617243548
0.495056270146595,0.49505627014659496007168175352787175,0.49505627014659494270119272621005039
0.910141770753185,0.91014177075318540114396546422524085,0.91014177075318534883655477154667452
0.662935673175676,0.66293567317567592457986254164201408,0.66293567317567591810519982384799779
0.891922553865355,0.89192255386535451601336022818357097,0.89192255386535453166127038592247665
0.673039790088412,0.6730397900884119530077666592334583,0.67303979008841193204335786213935753
0.464963758912418,0.46496375891241848677465296475228522,0.46496375891241847099694186056486663
0.451162201996631,0.45116220199663089930336149511401764,0.45116220199663090995300774746176663
0.500597259908139,0.5005972599081394862884932640979489,0.50059725990813945217290190533536548
0.573726653979557,0.57372665397955658204751501736597534,0.57372665397955657364206387163006305
0.380969404530608,0.38096940453060786110634272304573384,0.38096940453060787091275002293011854
0.992579895868198,0.9925798958681977814704797959711172,0.99257989586819778024427952460453681
0.814755300931739,0.81475530093173940151366089213911558,0.8147553009317394454375777733578149
0.331134456596013,0.33113445659601299084229614967977028,0.33113445659601300166892583506748725
0.417096785349974,0.41709678534997378115697586805315439,0.41709678534997376960264367354106397
0.960683769415527,0.96068376941552676558506581546864036,0.96068376941552672868148363106820105
0.983991944504047,0.98399194450404674027961154791521477,0.98399194450404677362286185170324532
0.844432984684214,0.8444329846842138348586998466091156,0.84443298468421384435861536258101185
0.565724846104016,0.56572484610401641049137117280103156,0.56572484610401640957078677983312047
0.718682050029138,0.71868205002913763900207833482938183,0.71868205002913760032633004534457013
0.607864448467075,0.60786444846707534954360177616343347,0.60786444846707539082313020153089956
0.931787522635769,0.93178752263576920852994185905020363,0.93178752263576918806698493183135127
0.588458887295247,0.58845888729524722076019524127437507,0.58845888729524718248159634651423523
0.921527401191702,0.92152740119170189273703510264535967,0.9215274011917018985340167109133581
0.688522598010751,0.68852259801075147696227911544520789,0.68852259801075146576861118419164393
0.925163435605988,0.92516343560598788549556670376442664,0.92516343560598792443214111073065306
0.855126618197372,0.8551266181973718863787636424984228,0.85512661819737191683824754851065489
0.845559801545786,0.84555980154578627442279425781692149,0.84555980154578631492024883068092037
0.505218171085491,0.50521817108549143756863613347470446,0.50521817108549144314531694580233525
0.511624095990031,0.51162409599003124095982237169428577,0.51162409599003120828687990022680912
0.707257418979109,0.70725741897910890308208567691839269,0.7072574189791089142318193127607545
0.974535162433234,0.97453516243323371460926124236180476,0.97453516243323376233712878053586024
0.6458528662467,0.64585286624670024566343956411169687,0.64585286624670023683334191429143888
0.721492501754687,0.7214925017546867288433920106325008,0.7214925017546867599496196556159775
0.701051943420822,0.70105194342082230384079767950864304,0.70105194342082229680936383427687414
0.617444078706539,0.61744407870653850580810191442794004,0.61744407870653849754672686119959872
0.966647146372702,0.96664714637270224208575717941246135,0.96664714637270218809251156042476209
0.96015341693889,0.96015341693888990640820425807169762,0.9601534169388898776950636990354676
0.968595329922442,0.96859532992244226906544980935272177,0.96859532992244221531480663547390789
0.956468168337415,0.95646816833741470058129421843984346,0.95646816833741472387073251059935454
0.849272540093483,0.84927254009348311316642775229164917,0.84927254009348312783417173381353739
0.71056614856328,0.71056614856328024142277765515010677,0.71056614856328028718786161169425987
0.602092048559443,0.60209204855944296401816140642275987,0.60209204855944300145352931794824212
0.505241827045901,0.50524182704590115731083960754605907,0.50524182704590113959293967154533714
0.329599298959537,0.32959929895953703764732315996246917,0.32959929895953705420808384495153954
0.97433199260756,0.97433199260756009165676377161239576,0.97433199260756009516568238613594317
0.923699139422536,0.92369913942253608676360436917788922,0.92369913942253603225032314309340923
0.599540493521295,0.59954049352129526787029097360351267,0.59954049352129529845375258307989669
0.754820671621407,0.75482067162140728675128905165029611,0.75482067162140733942860386010005398
0.32684024842786,0.32684024842786033821103714931779909,0.3268402484278603519636227115079402
0.430185693875617,0.4301856938756171942138889294575036,0.43018569387561721028614292323452004
0.445343644332109,0.44534364433210850006351845587043571,0.44534364433210852928409016755991014
0.750269932195846,0.75026993219584594531761377261697704,0.75026993219584597538507049545330325
0.948111085853628,0.94811108585362785355507624448804162,0.94811108585362786285888037406223488
0.662024998980701,0.66202499898070066682579962080747807,0.66202499898070065912632473181761822
0.994516900351311,0.99451690035131140332100408151548052,0.99451690035131140905350852325590561
0.785003977205757,0.78500397720575695566021617142953952,0.78500397720575693663849634283857432
0.821468530502092,0.82146853050209180802295230305585022,0.82146853050209176627464677667181113
0.816200112044437,0.81620011204443660701522336016058411,0.81620011204443661536699284428998246
0.471213017363643,0.47121301736364312724801423250263599,0.47121301736364312755157995703249196
0.935693255540047,0.93569325554004662625399815140312065,0.93569325554004660620503254345570969
0.859941927958782,0.85994192795878200023969647926886264,0.85994192795878198594232080896009367
0.758544969960566,0.75854496996056629381041117144392099,0.75854496996056631925501309465274052
0.77623921885895,0.77623921885895029439925547872595783,0.77623921885895032233318051343625349
0.62543953720505,0.62543953720504998040565588318934478,0.62543953720504995329507928097660846
0.653955876545382,0.65395587654538157428639423970307107,0.65395587654538160748018665582661799
0.944751106389636,0.944751106389636073207200332911796,0.94475110638963602591410345520409259
0.72554568797749,0.7255456879774903564796504973146407,0.72554568797749032378624773375122332
0.945749728980419,0.94574972898041878250281633776174321,0.94574972898041873331025208350476001
0.739929200660034,0.73992920066003355177361119661563016,0.73992920066003352215159064268610568
0.837417719397384,0.83741771939738396316127889658969452,0.83741771939738396465574098474166722
0.949208091453198,0.94920809145319770360587267970543326,0.94920809145319764572099725800735759
0.755833057111682,0.75583305711168218496074457743301801,0.75583305711168223865178130983468459
0.515193734177215,0.51519373417721492278884598142275919,0.51519373417721492460588051238054746
0.743592552822365,0.74359255282236524401949048013317917,0.74359255282236525437813049676936494
0.3889632297074,0.38896322970740026443494794010570248,0.38896322970740027740119562578234875
0.716605728415613,0.71660572841561334655866666081616215,0.7166057284156133583893020284548942
0.759250565555992,0.75925056555599214504496855712317823,0.75925056555599211414715839877203162
0.473666162023948,0.47366616202394787774623059829930585,0.47366616202394787166171180688594325
0.911310314481836,0.91131031448183580242524792558162375,0.91131031448183579412872027636817785
0.485044883480697,0.48504488348069697978405882392224134,0.48504488348069695256251444811132411
0.385469603178082,0.38546960317808181384540752571189289,0.38546960317808182827443111580799358
0.759426561279343,0.75942656127934275161546644497406879,0.75942656127934275542394245597261652
0.325840013537736,0.32584001353773566297845158031013337,0.32584001353773568346427388180127285
0.854930153197809,0.85493015319780864571474192424555099,0.85493015319780861192068006849970083
0.90363528451627,0.90363528451626954864042099244612161,0.90363528451626959464792635526688534
0.874958036652147,0.87495803665214718141654946780001131,0.87495803665214722618956817580923114
0.954690044016596,0.95469004401659606846201945557720892,0.95469004401659607810622042194711093
0.902616365832893,0.90261636583289285983165683903513776,0.90261636583289284784158561600378578
0.814033301919617,0.81403330191961668695072734265386279,0.81403330191961674448268918882036568
0.969493649868721,0.96949364986872114827965131085611905,0.96949364986872118212171679804839013
0.482946657947197,0.48294665794719752121911577490669565,0.48294665794719750938217654752485026
0.830327947074011,0.83032794707401079665207351662046906,0.83032794707401073128679202158231556
0.498643214371744,0.4986432143717437865109673432168607,0.49864321437174376521140385719966937
0.553561529257236,0.55356152925723599855725003585874636,0.55356152925723603669648753480042245
0.722084312871,0.72208431287099967350486384510522348,0.72208431287099970366956873552663117
0.942860216745673,0.94286021674567287755752108583814508,0.94286021674567289350233391072711228
0.885512688652924,0.88551268865292389888072603152067689,0.88551268865292394556511529740045226
0.494336662177117,0.49433666217711727371423126253983292,0.4943366621771172762647701817944389
0.755847608566818,0.75584760856681810293404158083236344,0.7558476085668180902623249675312135
0.895212703387568,0.89521270338756746536574752308519914,0.89521270338756750091528585805745945
0.44486024606298,0.44486024606297984397633899779389175,0.44486024606297982396028460609199585
0.445176410352955,0.44517641035295520927742635109530261,0.44517641035295517934932709533306328
0.612137693115181,0.61213769311518056320802101382966673,0.61213769311518059720210941830414417
0.779140989665619,0.77914098966561896712184588833888772,0.77914098966561902217673430988437702
0.611773918105752,0.6117739181057520735747948465868193,0.61177391810575203849517669137464595
0.460193046809828,0.46019304680982765475425359007325891,0.4601930468098276426167373456326483
0.538399571945978,0.5383995719459777458570557565045076,0.53839957194597777774273471091049621
0.898123851633839,0.89812385163383867977762119847074232,0.89812385163383867384476789299907101
0.840422431748572,0.84042243174857189513797475811046283,0.84042243174857189780287189350743311
0.893330887123626,0.89333088712362570910318828547330574,0.89333088712362574175995035037607009
0.649770693717849,0.64977069371784887356321881044651428,0.64977069371784884445897584963086252
0.522727339269378,0.52272733926937745285735678032028915,0.5227273392693774979900787813250538
0.967966627255671,0.96796662725567099881247477909945859,0.96796662725567102139666311887020598
0.951132822256596,0.9511328222565963271226031553789284,0.9511328222565963612136862378127577
0.773888899064527,0.77388889906452693573492119162145924,0.77388889906452698091875341356463847
0.833715323345513,0.83371532334551338433741700800195555,0.83371532334551340115673414311930105
0.685507386705179,0.68550738670517861222252383647034414,0.6855073867051785748901006557644095
0.562092763073739,0.56209276307373921287537776138555653,0.56209276307373925153396832697403134
0.676214792996202,0.67621479299620193118942017800040719,0.67621479299620196635472824363963372
0.959746177357122,0.95974617735712228781153269444135393,0.95974617735712232250440925806218766
0.587324591604449,0.58732459160444896362974676558526001,0.58732459160444892098184110400018991
0.827245918593825,0.82724591859382473725688185056882051,0.82724591859382471182105091518476396
0.916296127026941,0.91629612702694116056090154008946743,0.9162961270269411334628819971217228
0.628505174496791,0.6285051744967908020214365185688607,0.62850517449679083624893037181662442
0.830110644892665,0.83011064489266547815592624219881045,0.83011064489266544494503124233975842
0.685580769298878,0.68558076929887756748569813867413907,0.68558076929887756875161244165303658
0.535985205813086,0.5359852058130863996739837012155593,0.53598520581308639252261479210389948
0.544089802909214,0.54408980290921419000483561532557598,0.54408980290921423137349934201972885
0.849687476138487,0.84968747613848652373407045015325555,0.84968747613848656191751902743792989
0.628402474206019,0.62840247420601938862011927542903135,0.62840247420601941352878681511630011
0.678234881666102,0.678234881666102118290089149778666,0.67823488166610208250136040709873483
0.869718850429616,0.86971885042961626528147980746202209,0.8697188504296162842513825144772969
0.669113479629346,0.66911347962934579183594164694157634,0.66911347962934577063342580489440544
0.916337311303274,0.91633731130327417665894787341366348,0.91633731130327415570065251147597155
0.750062052568723,0.75006205256872341416301044260732002,0.75006205256872342152380739586494806
0.543521127098954,0.5435211270989539567006003839618214,0.54352112709895392338106161141073182
0.453951251298734,0.45395125129873387818103015939137412,0.4539512512987338639037723073152278
0.829173508331214,0.82917350833121340690593122433662913,0.82917350833121346843596463838831241
0.861414676703789,0.86141467670378929397142553575731933,0.86141467670378931366408078733530786
0.422113224273229,0.42211322427322913493010899761743451,0.42211322427322914054266610369274288
0.338550711114894,0.33855071111489406967451229804683895,0.33855071111489408614973540389363672
0.943297088278136,0.94329708827813599083689404145243312,0.94329708827813593816480171150633313
0.72140990103004,0.72140990103003984705855592583698474,0.72140990103003991202877395007366742
0.872263427104486,0.87226342710448596439422092009364457,0.87226342710448593038954796730756017
0.923203537373599,0.9232035373735988603572434125206996,0.92320353737359881375661987351769619
0.407709401826062,0.40770940182606185534989428542198463,0.40770940182606185838228619123233632
0.921059910042272,0.92105991004227170286046588850923347,0.92105991004227174386496768013556907
0.727023419922097,0.72702341992209671403216287721282967,0.7270234199220966893884293973110643
0.746629187630003,0.74662918763000271304883997155749401,0.74662918763000270187658867374939461
0.905353930240738,0.90535393024073765350523434822297124,0.90535393024073762064294514255010988
0.919924789177316,0.91992478917731633207074100900638456,0.91992478917731636552583022458281761
0.697872506918112,0.6978725069181124460286605809748501,0.69787250691811241651696365792249086
0.93090074508759,0.93090074508759021544990405265192407,0.93090074508759016636742633717844106
0.994347068907877,0.99434706890787748814881887971242846,0.99434706890787750385589425116958141
0.680479924258793,0.68047992425879342286578930554125534,0.68047992425879338538444171677123682
0.467570494477295,0.46757049447729462305626444307283519,0.46757049447729462041089546516735579
0.479017411721298,0.47901741172129810192863989427311578,0.47901741172129810805662809532507567
0.50138247765221,0.5013824776522102208897426886232926,0.50138247765221022579032660124540492
0.469512164305721,0.46951216430572139793886451113206617,0.46951216430572140657639904932881427
0.672175999496462,0.67217599949646238515982452717892777,0.67217599949646237682357854465717134
0.907694113375585,0.90769411337558531716144780989989181,0.90769411337558531357276601274222709
0.872513999185308,0.87251399918530784845015766620584602,0.87251399918530789717824214788026382
0.764284204957884,0.7642842049578838991148298673059851,0.76428420495788394687241448117859648
0.543531262188332,0.5435312621883318823324736159706854,0.54353126218833185678933432112148469
0.836521355002525,0.83652135500252538477128924775065924,0.83652135500252537512846427726110941
0.848617526767248,0.84861752676724852808639876908509958,0.8486175267672484874493174097978524
0.745210480239851,0.74521048023985066703100622350168783,0.74521048023985073956699031453761096
0.807645431045269,0.80764543104526890196021914991286851,0.8076454310452688359671012997583759
0.848104502209168,0.84810450220916773637569010955135417,0.84810450220916772554103001227088404
0.939652101605285,0.93965210160528542328574346257057194,0.9396521016052853733174260436975339
0.626816225509541,0.62681622550954085140601802165551675,0.62681622550954082086209316323560876
0.697858131240869,0.69785813124086928133338340630596139,0.69785813124086930487011064093304557
0.491804574276241,0.49180457427624068305607208932168482,0.49180457427624069775959997293444571
0.490657172043441,0.49065717204344145904441309766944042,0.49065717204344143579094217557476113
0.44050991290873,0.4405099129087302167318046895931961,0.44050991290873024262618142731624732
0.562415230663427,0.56241523066342649368684052216938648,0.56241523066342654229056898534817594
0.654048469912624,0.65404846991262379625850147004252873,0.65404846991262375481171827249912987
0.688869854467817,0.68886985446781747443089741168312792,0.68886985446781749669520627710887328
0.432837405639802,0.4328374056398016216927386641993016,0.43283740563980164316651255904123303
0.493751872435095,0.49375187243509497244412763112722144,0.49375187243509496500258559228460814
0.382982250640304,0.38298225064030348266627440765486479,0.38298225064030348069322031851821316
0.664817306249749,0.66481730624974888262106547264181962,0.66481730624974888736740026141717126
0.894684588077091,0.89468458807709105883332993506635551,0.89468458807709105841098791607936872
0.895566728899384,0.89556672889938380874268988083451247,0.89556672889938383877478953689464973
0.73000024684377,0.73000024684376987756811799915174287,0.73000024684376989452793871353275309
0.960464511730554,0.9604645117305544198438166677250179,0.96046451173055441577630727307270937
0.658908748192775,0.65890874819277450295312261827280042,0.65890874819277453809264600038603032
0.394294807128682,0.39429480712868157487354394041200153,0.39429480712868160575363661402638225
0.662941392003807,0.66294139200380676293602527378252438,0.6629413920038067934814379976442463
0.71287380093824,0.71287380093824028300827537883303233,0.71287380093824024732799100469567804
0.845207800054012,0.84520780005401169354097234975201735,0.84520780005401167233179483404198533
0.518294334857067,0.51829433485706686660656458553695688,0.51829433485706691145869074568498981
0.871551790233516,0.87155179023351589739966403767722077,0.87155179023351594602652038547417906
0.680843574105996,0.68084357410599570572796397825202888,0.68084357410599567356680312435661788
0.955267344278715,0.9552673442787152149979682592709291,0.95526734427871526181246744115674885
0.844116087467611,0.84411608746761109217336936743113433,0.84411608746761108015291613219417063
0.945221718876297,0.94522171887629732621970841025192745,0.94522171887629728226697394620749747
0.676130549890782,0.67613054989078195064163725304752197,0.67613054989078194282059408425373533
0.786043453990109,0.78604345399010911689505417023228704,0.78604345399010910087791774123998165
0.495923618599572,0.49592361859957179212542810681017209,0.49592361859957179198441986300949558
0.735798872116395,0.73579887211639449799085960668926649,0.73579887211639456885555819871208035
0.346915483959458,0.34691548395945758935575943040989429,0.34691548395945759748705038647072242
0.859640457117842,0.85964045711784222140121692586515894,0.85964045711784218847302162817385234
0.664413643351047,0.66441364335104737034310483685178984,0.66441364335104739671527570101635807
0.434718476766705,0.43471847676670542159278843196202095,0.43471847676670541462009477711162718
0.572061328566263,0.57206132856626278622822426901672233,0.57206132856626280273506565075825799
0.952399893403262,0.95239989340326237745280523999008573,0.95239989340326235321178627597054434
0.347871825219268,0.34787182521926785613473034278456359,0.34787182521926784287515952495425664
0.895244659291218,0.89524465929121786840878700793906759,0.89524465929121789424131987281656199
0.656375477908986,0.65637547790898610954720268447828991,0.65637547790898613048694775150197766
0.376455950392675,0.37645595039267453571303505146086772,0.37645595039267455064939511953245259
0.760314476025919,0.7603144760259186413970121151942632,0.7603144760259186695305339585719706
0.425482388753911,0.42548238875391127884476095625259455,0.42548238875391129820348389194595511
0.903665494706641,0.90366549470664109919075670253052078,0.90366549470664109776338630469192846
0.597932433538169,0.59793243353816937759388931148063683,0.59793243353816938909987673547506873
0.77876345161183,0.77876345161183011859092402755056222,0.77876345161183015649756726180196159
0.343407323668969,0.34340732366896884926790734670743246,0.34340732366896885422926664386621357
0.417551058897207,0.41755105889720672730818934259706035,0.41755105889720672927806616381156956
0.742094036187597,0.74209403618759715416045765645827616,0.7420940361875971183446054172194094
0.805991066084137,0.80599106608413727754248992917806276,0.80599106608413729540506284044143645
0.679569892872268,0.67956989287226830062378780099557328,0.67956989287226826140951515685337976
0.371403404576037,0.37140340457603660101474588506959042,0.37140340457603659868320619218878785
0.565907785989834,0.56590778598983401259370111535812464,0.56590778598983397845610229783346338
0.732337048718099,0.73233704871809912211807674286801352,0.73233704871809913023520206077110097
0.454915216799112,0.45491521679911241131643083623124763,0.45491521679911243570261711579677471
0.880447948272356,0.88044794827235631795496218899324184,0.88044794827235634684627494943118341
0.946596221303221,0.94659622130322059674641289331336288,0.94659622130322055992712730926593248
0.867485617492225,0.86748561749222458193752085760931095,0.86748561749222456322286209512752058
0.968904678340113,0.96890467834011318311384526681824412,0.9689046783401131749800872370161223
0.611779747140684,0.61177974714068391428437558202639899,0.61177974714068389367217556766090497
0.63842727109436,0.63842727109436038540267670875762075,0.63842727109436035709889640450130837
0.528638143380018,0.52863814338001768260478851193384866,0.52863814338001769494955684745161921
0.558187077854257,0.55818707785425694817499831700506664,0.5581870778542569891109135945943615
0.875617066522658,0.87561706652265826969629087469381853,0.87561706652265822922597054204362955
0.838193780042866,0.83819378004286588489623954120035682,0.83819378004286589035849000568502372
0.821071943925961,0.82107194392596123348383145047563637,0.82107194392596118811965066521076375
0.969830069362318,0.96983006936231826144406343729647955,0.96983006936231823069072942146361116
0.862575711720752,0.86257571172075228894674099612359357,0.86257571172075233888473659570252104
0.730276598754862,0.73027659875486186452222738024998043,0.73027659875486188292210875884240471
0.693259190983052,0.69325919098305162518394292454391027,0.69325919098305164334402970460612775
0.668740207812152,0.66874020781215188304642540500389782,0.66874020781215184233668969328496261
0.782445917213765,0.78244591721376461085704270419215995,0.78244591721376457409688795491470144
0.707997298849816,0.70799729884981608596264061364387307,0.70799729884981605581523699268425361
0.666812757437465,0.66681275743746549604320608303715885,0.66681275743746553241280405936470248
0.843514097626777,0.84351409762677713809967733150518302,0.84351409762677713816570225307917289
0.554343944740666,0.5543439447406661917808085631525758,0.55434394474066615306235888468169871
0.78481192063047,0.78481192063046992523105899152281053,0.78481192063046994477148131327463654
0.785204642063707,0.78520464206370738723798934304935085,0.78520464206370740496609635148342603
0.387946814020584,0.38794681402058416510322228226963599,0.38794681402058418327164520938727913
0.387340318400619,0.38734031840061854173084640846927498,0.38734031840061852913751352513762589
0.562878869404187,0.56287886940418662927519987700844447,0.56287886940418666054518944823507148
0.774044118523235,0.77404411852323468654399460824535679,0.77404411852323470790007844461424479
0.957625712418905,0.95762571241890541544414900436447168,0.95762571241890542615651553013428301
0.444965577211637,0.44496557721163736199816188016944984,0.4449655772116373399764506859483282
0.606888618884668,0.60688861888466777855056615854062197,0.60688861888466775045173583518424403
0.769478355555105,0.76947835555510462612003549990979959,0.76947835555510460397981747928937685
0.996066053112324,0.99606605311232395478848663611931439,0.99606605311232391512460296203575679
0.574780174647864,0.57478017464786453043747347812980042,0.57478017464786448881004974219457788
0.711176270037829,0.71117627003782926795402143778032233,0.71117627003782921004863002583165937
0.605133394954204,0.60513339495420406548383533549298923,0.60513339495420410672826002655502792
0.769775312731224,0.7697753127312239952406919462048916,0.76977531273122403499329422749331461
0.413621356831638,0.41362135683163852379364652391497504,0.41362135683163849507341647978582849
0.86287806699399,0.86287806699399026003957250974721067,0.86287806699399029615963181971224519
0.986922584162092,0.98692258416209149134412847914705659,0.98692258416209150421752674343395976
0.411657667456591,0.41165766745659129819006930531731163,0.41165766745659128477527982164035447
0.669162304184506,0.66916230418450616132749878679214891,0.66916230418450618602557874319562656
0.879932279854878,0.87993227985487846027819198803655442,0.87993227985487839908433631484484546
0.669440062393561,0.66944006239356069962707634325659396,0.66944006239356072944973063045801123
0.359724154446623,0.35972415444662254126006553058337615,0.35972415444662256244368945761946062
0.795280295870621,0.79528029587062057631764739677112883,0.79528029587062059824848719554925263
0.782320230255994,0.7823202302559941160468693519997579,0.78232023025599409333879672726426721
0.767221171305361,0.76722117130536137890477653768420351,0.76722117130536130857506586808717396
0.407983861928068,0.40798386192806839572177374927047818,0.40798386192806841050462856449814853
0.592060680979406,0.59206068097940641618557585649275877,0.59206068097940639140454523752763869
0.696314416582169,0.69631441658216898160192128504015119,0.69631441658216896096091689454303478
0.680302373731773,0.68030237373177290366181783893055178,0.68030237373177290909989191480056932
0.555541008051375,0.555541008051374623117965327780299,0.55554100805137465827112566308730748
0.400133368223661,0.40013336822366078945557971382494707,0.40013336822366081327649483865262279
0.801727449556107,0.80172744955610724130736538206790749,0.80172744955610723575569151280990821
0.659705469935353,0.659705469935352497394729575238352,0.65970546993535246177317955779749185
0.703659254181412,0.70365925418141169740515156767722537,0.7036592541814116998392603811308554
0.500324234273681,0.50032423427368081663865452668427273,0.5003242342736808524347434441000154
0.925310804451362,0.92531080445136186183515335911368026,0.9253108044513618694080734485057487
0.772053077715723,0.77205307771572276449798408777201393,0.7720530777157227061846768376046709
0.77767111646855,0.77767111646855053674271851499554481,0.7776711164685504703394022413871754
0.649395554165358,0.64939555416535835464080899430165607,0.64939555416535834465275083994711636
0.928406637522304,0.92840663752230418338989387771967013,0.92840663752230416591530026608999084
0.468359456968077,0.46835945696807683564419199827242633,0.46835945696807680907040250785160938
0.754969188594457,0.75496918859445672221583785488965525,0.75496918859445679146012666338278103
0.86649935706101,0.86649935706100993459101101023900344,0.86649935706100987844633350113121943
0.939787070085853,0.93978707008585288110817801196217451,0.93978707008585289103957214752253869
0.387370374366144,0.38737037436614395385473550391890567,0.38737037436614393836252541830768603
0.849785726309235,0.84978572630923505492086279677084651,0.84978572630923505569367587371083138
0.397442245243902,0.39744224524390214936555845161537361,0.39744224524390214670052932087228917
0.743907135208542,0.7439071352085422688321006070720874,0.74390713520854227631249098952955687
0.908843307086061,0.90884330708606056564778972657731018,0.90884330708606050780385922720088617
0.697067870057341,0.69706787005734083193104058720443594,0.69706787005734083331603553832002765
0.945006837749875,0.94500683774987544994500512531098745,0.94500683774987539950707997258095173
0.901571429542429,0.90157142954242876764666531692992157,0.90157142954242872900764298953080778
0.564121544713133,0.56412154471313322456730513489173801,0.56412154471313317590573568420499933
0.566225879454671,0.56622587945467107821672213335455337,0.56622587945467107989588267173291164
0.81065377511281,0.81065377511281004317018444009700528,0.81065377511281005080836150897534364
0.862120524661574,0.8621205246615736396458437145528821,0.86212052466157361715402706000445931
0.779274100150842,0.77927410015084189332856798514932866,0.77927410015084191448880618341523981
0.495452281794651,0.49545228179465124321023574796334332,0.49545228179465126796383028034643135
0.881842466057378,0.88184246605737783795004257563394159,0.88184246605737779447625247548441815
0.894546081967853,0.89454608196785343698741428862732262,0.89454608196785340520044002379221004
0.578051362624992,0.57805136262499210741037993553118075,0.57805136262499214584255289541533787
0.696354144535804,0.69635414453580407393524950968529189,0.69635414453580410939125626166209566
0.974025741799464,0.97402574179946422265385103251504427,0.97402574179946420643974609441867441
0.7052156392305,0.70521563923049971639843023924333319,0.70521563923049972260805380986435329
0.951254628050408,0.95125462805040815583675263314569252,0.95125462805040816999434218115261658
0.832667851649104,0.83266785164910362396196372138873999,0.83266785164910361324874035780012463
0.868204840725459,0.86820484072545888234955774466926539,0.86820484072545890338929447236750007
0.807987281605911,0.80798728160591057325074308237957786,0.80798728160591062895140220433973651
0.696665385489229,0.69666538548922942071276777464097239,0.69666538548922945217471231675605667
0.865368981831082,0.8653689818310822338466753751643058,0.86536898183108218723135089726062994
0.626352326044583,0.62635232604458260175313052331396742,0.62635232604458259235945277150122849
0.447661178132332,0.44766117813233233072941293101225738,0.44766117813233234069840636305776079
0.558450515404572,0.55845051540457214531633180072577098,0.5584505154045721231578105356190407
0.523617255879273,0.52361725587927284773606319690603603,0.52361725587927280703368927294858076
0.425498664684012,0.42549866468401180026461740076997272,0.42549866468401181643876746790036033
0.773851715126344,0.77385171512634380057978796822769453,0.77385171512634380667639834537606757
0.542603589600806,0.54260358960080625035530795647457746,0.54260358960080622036499823517702655
0.824082130098487,0.82408213009848682046091964940611407,0.82408213009848688673449175774980068
0.985911877656357,0.98591187765635685454550751842632637,0.98591187765635684348476901025857053
0.945617635985987,0.94561763598598739927531111670444193,0.9456176359859874366286387973459737
0.93061476197285,0.93061476197285030967624206549831699,0.93061476197285031605485019373130932
0.467269898895209,0.46726989889520937047238729046931197,0.46726989889520936540647173405467821
0.881475167821987,0.88147516782198707319368746540522809,0.88147516782198711360079290896872698
0.905979677431695,0.90597967743169504266498260707485606,0.90597967743169506100875442340147623
0.642086374373805,0.64208637437380449331362691871807678,0.6420863743738045365252704120043299
0.920297777671918,0.92029777767191753070243664808827507,0.92029777767191759061780287481354733
0.370838603029461,0.37083860302946144467322485064539433,0.37083860302946147452832588248460367
0.947231591435153,0.94723159143515316762274593382782543,0.94723159143515318886485739373519768
0.896722699805522,0.89672269980552154423590379224131935,0.8967226998055215564268512309810971
0.677585396302757,0.67758539630275668815985137473666968,0.67758539630275668376342871549633591
0.426050513644697,0.42605051364469674657442363944959093,0.42605051364469677344004741122240944
0.982595232531149,0.98259523253114901744382364086252635,0.98259523253114898009002304206457249
0.700642692760608,0.70064269276060808938293224183022766,0.70064269276060808639190678822462693
0.634457132857286,0.63445713285728608797946377680112354,0.63445713285728608535310170581638363
0.822300064965037,0.82230006496503730030853834499468174,0.82230006496503723876669706193167578
0.979106592736126,0.97910659273612629904207513697873508,0.97910659273612634494190466546060969
0.383625365446226,0.38362536544622608162813729708329942,0.38362536544622609483750285264292443
0.430746876976395,0.43074687697639460906669802572333606,0.43074687697639460949612200688812791
0.553693021878783,0.55369302187878322182585967899415485,0.55369302187878321877816354893963941
0.868230666243176,0.86823066624317588272259995681651039,0.86823066624317583933356785279226743
0.587929815101156,0.58792981510115585530973121338706869,0.58792981510115589554107050945837591
0.744881678999204,0.74488167899920439731042426855683998,0.74488167899920439555951278179088952
0.497990647807466,0.49799064780746556797852483895774641,0.49799064780746558204821811004784022
0.842983068841441,0.84298306884144124281360114713076014,0.84298306884144126130937087561127364
0.497540064791853,0.49754006479185284994791636489816995,0.49754006479185282512713936589957808
0.983531772125446,0.98353177212544596814440183741287486,0.98353177212544594736583575788638416
0.621224681636431,0.62122468163643085300013933923345036,0.62122468163643085351959473151929699
0.909599781131065,0.90959978113106547181554564320314328,0.90959978113106541506152151687419343
0.867918928240033,0.86791892824003253096498730328665313,0.86791892824003254157265091223762481
0.863067876386267,0.86306787638626706386558363107452882,0.8630678763862671247001749005902815
0.813027959302871,0.81302795930287118928612493660603718,0.81302795930287120042924903786204887
0.515193716966506,0.51519371696650562839676266686203126,0.51519371696650561467339203863027046
0.595015587524546,0.59501558752454606516848418641439544,0.59501558752454607076599013882894769
0.543422477147135,0.54342247714713464317869103836167833,0.54342247714713466217174889750272629
0.533647429300664,0.53364742930066382022885411815775666,0.53364742930066384005113552738543554
0.719945616132759,0.71994561613275934511865226665768205,0.71994561613275928287872819639951337
0.543321325341134,0.54332132534113420978903797159713267,0.54332132534113416867367289495630056
0.607908102080633,0.60790810208063257127875249573998546,0.60790810208063257227942249931021884
0.70352759381573,0.70352759381572992599702940133571342,0.70352759381572994338253937093832217
0.968859503336247,0.96885950333624720393594997398536706,0.9688595033362472004365935047107382
0.922366906991159,0.92236690699115875529257121849290464,0.92236690699115874987201638253687512
0.51950757900532,0.51950757900531977704672711943606614,0.51950757900531981332790439243991189
0.882682305325426,0.88268230532542610642266418126254606,0.88268230532542605905281770387511924
0.684028949839649,0.68402894983964858330712379566548578,0.6840289498396485569314081422735925
0.587156295129301,0.5871562951293011643273234613609509,0.58715629512930120338677695637171866
0.945185282857806,0.945185282857805559211973890395419,0.94518528285780556939793371924799571
0.321552516236135,0.32155251623613530251591593973455266,0.32155251623613531752484906771318679
0.97090064427603,0.9709006442760297439609319815624909,0.97090064427602972395691101264875109
0.969623243806016,0.96962324380601553940302981018164805,0.96962324380601557532241307374741988
0.967469547595102,0.96746954759510247510483555386962872,0.96746954759510242633461413169456321
0.411304743094832,0.41130474309483169015442487517983571,0.41130474309483169483496229593646332
0.935734632194259,0.93573463219425931391238129829543164,0.93573463219425935374449809976208604
0.844982434040763,0.84498243404076285388152207902085177,0.84498243404076280979110923133578841
0.932904251198784,0.93290425119878397097988801084332386,0.93290425119878393189526485679331795
0.612669835343502,0.61266983534350205717511203268697064,0.61266983534350205500662736873453904
0.885810064287007,0.88581006428700752907162077399597734,0.88581006428700753054654435109487222
0.684611568461764,0.68461156846176417182335088875824104,0.68461156846176414052223722901235068
0.86273010250451,0.86273010250451003418196252858033302,0.86273010250451007057978475635016252
0.751766680195157,0.75176668019515663125191726070036152,0.7517666801951566725041151383450286
0.518056187178343,0.51805618717834248853953897079038841,0.51805618717834252508666981581276419
0.906109418401955,0.90610941840195535538169705279425118,0.90610941840195535997894668224476937
0.718576218335208,0.71857621833520789220587651390724959,0.7185762183352079193423194473152594
0.629196960263383,0.62919696026338268778718026904706046,0.6291969602633826649315318963225905
0.948203563570937,0.94820356357093666142528769565342414,0.94820356357093666130633246891960814
0.694848088116865,0.69484808811686531191537519846317325,0.69484808811686529051154484379551633
0.929541382169672,0.92954138216967171290324394256803023,0.92954138216967168096345905405922194
0.671777017438723,0.67177701743872281285102198850722898,0.67177701743872278305637395343687803
0.892151844677841,0.89215184467784099620332855629197865,0.8921518446778410424085490895675288
0.644954282901734,0.64495428290173413262381541917020841,0.6449542829017341356667451443700329
0.358344003900619,0.35834400390061873775567319674522763,0.35834400390061872136512419986003585
0.988877788819929,0.98887778881992936105458683289001769,0.98887778881992940286184931335625011
0.667904570327551,0.66790457032755100226840404257728278,0.66790457032755097605711882264022299
0.454208398843653,0.45420839884365292761232590315660817,0.45420839884365294935035640186367216
0.603971272745157,0.60397127274515757245996976766937634,0.60397127274515754713914826888951804
0.646763063991156,0.64676306399115621543252553052319393,0.64676306399115621332896212062925443
0.728986854644881,0.72898685464488135233366253656223555,0.72898685464488138232329100639433391
0.695828187249443,0.69582818724944308995779371357422095,0.69582818724944305575019006307694146
0.979245407282043,0.97924540728204305826934031967836097,0.97924540728204307952456487861567253
0.447553050859916,0.44755305085991558459992416063484194,0.44755305085991558438516298175375141
0.736094802929009,0.73609480292900907384536750479432776,0.73609480292900909491491419165563757
0.590376944468968,0.59037694446896854447511569449153654,0.59037694446896852908222715578589944
0.63316855343356,0.63316855343355987838557594416792497,0.63316855343355989998067903728467723
0.888985196145132,0.88898519614513208468670905541313498,0.88898519614513204416236073220969867
0.815943135621832,0.8159431356218319167139170273824335,0.81594313562183186895712355686639633
0.731728831956989,0.73172883195698868442183024173599302,0.73172883195698867352827224520270212
0.6615695360119,0.66156953601189973206764748779639472,0.66156953601189970199591484246959866
0.404690820089857,0.40469082008985682461567832275156819,0.40469082008985679218614811247766328
0.933848492945956,0.93384849294595617143817738522950796,0.93384849294595618205642646372841435
0.925149283472299,0.92514928347229843386989686674672634,0.92514928347229849126169332362927206
0.680555727369097,0.68055572736909695749821501680059497,0.68055572736909699130089258529836269
0.977940994940162,0.97794099494016245826911687274088645,0.97794099494016245077258306070117823
0.769606913334879,0.76960691333487870223760285590458412,0.76960691333487869885840605860820789
0.471385426162052,0.47138542616205173135913960196661912,0.47138542616205173084081254144912841
0.906673857556029,0.90667385755602863985534894221516178,0.90667385755602862772458478896247594
0.985128196580912,0.98512819658091175450630280026518179,0.98512819658091179481408553768129008
0.674434234531111,0.67443423453111070208378649712515229,0.67443423453111070506983218833265889
0.337813785815146,0.33781378581514610393622341514806614,0.33781378581514611457650353855464159
0.987761474350677,0.98776147435067650302468505411432564,0.98776147435067652628796714966878652
0.6400147593657,0.64001475936569994829278272181662643,0.64001475936569996960406882617709324
0.451762686468518,0.45176268646851809374929590816939544,0.45176268646851807041777245572554306
0.817196122504203,0.81719612250420293815316112758174864,0.81719612250420291470427487494142468
0.819414902334185,0.81941490233418553388399436182274399,0.81941490233418546793687807810007453
0.97299394373549,0.9729939437354902969453841486401266,0.97299394373549031202603703562277958
0.504000460527962,0.5040004605279623359948589886829958,0.5040004605279623119783974807301651
0.65779222969964,0.65779222969964026566454111378266005,0.65779222969964030013199333461331123
0.954398608436611,0.95439860843661103031470998500448174,0.95439860843661097789184241159640031
0.858258640629555,0.85825864062955533349458485440105119,0.85825864062955536857952932739421713
0.83858376333394,0.83858376333394022600052155828871834,0.83858376333394017709975522334486812
0.396033609205018,0.39603360920501787335819351365058969,0.39603360920501788612778909823206952
0.432041353834529,0.43204135383452934885104633924732234,0.4320413538345293538974971708497563
0.763034066204706,0.76303406620470595533356429700328117,0.7630340662047059040512536473706539
0.943286282762164,0.94328628276216412099659106241224134,0.94328628276216415444442760430781085
0.419656353524236,0.41965635352423555781282562764212965,0.4196563535242355600111057336471799
0.8752678817743,0.87526788177429995468052416969928199,0.87526788177429993160676134963889261
0.706857765591631,0.70685776559163091491306030613693599,0.70685776559163089547668701015880134
0.695178366318037,0.69517836631803652087043551463562619,0.69517836631803654628484459945769567
0.65854946619202,0.65854946619202001699732689702055237,0.65854946619201997624633503856142329
0.883536053986454,0.88353605398645425703943345643173681,0.88353605398645420736048299870723979
0.750226288111827,0.75022628811182714094805187852181261,0.75022628811182710315499325151026991
0.815144401939415,0.81514440193941483562926065693696255,0.81514440193941484865033374611433511
0.84208980196935,0.84208980196934955353700455391412741,0.84208980196934958994685463464952124
0.63205632125577,0.63205632125576985319246011550823558,0.63205632125576988717940674174637409
0.892974082211849,0.89297408221184891124357904155146285,0.89297408221184894800523948978992321
0.912821788588744,0.91282178858874351636663568748415003,0.91282178858874352609555380516897401
0.530981446746377,0.53098144674637750590913625517071919,0.53098144674637746091964758063755001
0.882937431828757,0.8829374318287573233390187326566306,0.88293743182875733259751422816245118
0.425728039354143,0.42572803935414259265167311682873549,0.42572803935414257487384821479856486
0.592365852349858,0.59236585234985839060995124354026197,0.59236585234985835586017995942355148
0.731227267744785,0.73122726774478476551904248948459982,0.73122726774478473044611393094043804
0.701478658108516,0.70147865810851626519427669031253826,0.70147865810851623944735190340486531
0.907001996912759,0.90700199691275917058287132226696272,0.90700199691275918655851955713870047
0.629523804364667,0.62952380436466711728696505292122821,0.62952380436466713696497441011322312
0.697318461083556,0.69731846108355642098288723485525641,0.69731846108355639637441693005351251
0.739055914371645,0.73905591437164542723538769455526603,0.73905591437164540701841079903632897
0.615586970848535,0.61558697084853534114941387680218609,0.61558697084853536637808272304536845
0.969036400199255,0.96903640019925458854695083748732724,0.96903640019925455535081895668679049
0.83050147548154,0.83050147548153950776555341356041535,0.83050147548153953120515104608303538
0.729896449193688,0.72989644919368829587770594299760863,0.7298964491936883259002558851205189
0.470944736473612,0.47094473647361186586732279419487634,0.47094473647361187996300815494849968
0.959816351363331,0.95981635136333059000588522594526415,0.959816351363330614396859318882622
0.636259383571053,0.63625938357105297301944290420997395,0.63625938357105295224288087139035976
0.392455475120498,0.39245547512049776175471065602189154,0.39245547512049775094142291911496945
0.670279296060859,0.6702792960608594485475107226479744,0.67027929606085945749530471081786421
0.996856637999949,0.99685663799994945423286230164651893,0.99685663799994943901566456175607135
0.535655536181111,0.53565553618111065172891666364693124,0.53565553618111068026337681919304704
0.820442738306941,0.820442738306940619239363560502222,0.82044273830694055835947797151488175
0.668579564076848,0.66857956407684827722276335240074424,0.66857956407684830887063904472682064
0.500294171989288,0.50029417198928761567878751116412651,0.50029417198928759635555565586937417
0.39651379624176,0.39651379624175951130177069910705638,0.39651379624175950919191517517292167
0.865861532605415,0.86586153260541483026768674743475298,0.86586153260541478990541021396328455
0.374845642304461,0.37484564230446088197893459653180347,0.37484564230446087771227894120335852
0.416999881413452,0.4169998814134517149811032903036071,0.41699988141345170851719532557853091
0.447523923803431,0.44752392380343139573681047449447854,0.44752392380343140054339808462987719
0.585960236410676,0.58596023641067601221863675920178835,0.58596023641067603685672150890754757
0.654099565854526,0.6540995658545259482224436229483178,0.65409956585452596575079499841694704
0.880763085546697,0.88076308554669703242203668623619109,0.88076308554669701179826715388410437
0.774515205071123,0.77451520507112276390333208091857455,0.77451520507112278583169033690225046
0.871095192482259,0.87109519248225939695220211399121813,0.87109519248225943751305032526740172
0.975057937510851,0.97505793751085083665907763136760043,0.97505793751085085511475871930881582
0.948152662915575,0.94815266291557533577271168083396,0.94815266291557531075507300615185948
0.798506485323237,0.7985064853232365908314196588463594,0.79850648532323653864273946490535882
0.590423463046806,0.5904234630468064390182068385754954,0.59042346304680640262237355601247755
0.851219767010163,0.85121976701016328049451526610177933,0.85121976701016325041254282615553926
0.554756630524548,0.55475663052454783209911118154714035,0.55475663052454781275101533702971989
0.938613610670386,0.93861361067038626034199042841638284,0.93861361067038631793101357253189054
0.738877535616562,0.73887753561656198122078787922046976,0.73887753561656194270357556733946527
0.924144953379741,0.92414495337974143983244280367370943,0.92414495337974146362087490000549552
0.851494136633861,0.85149413663386064003074272718556726,0.85149413663386064639954463686983541
0.5261942263838,0.52619422638380007503048203966202796,0.52619422638380010485189701262539244
0.519726891459733,0.51972689145973340512232850863648793,0.51972689145973336817116462504206631
0.887248291445835,0.88724829144583489041634255350316611,0.88724829144583487800840237676165231
0.897719651248718,0.89771965124871797870386049186011893,0.89771965124871791895406952858043544
0.459345834681445,0.45934583468144455285661769056492246,0.45934583468144453842574253321474688
0.914886017129035,0.91488601712903477868884906445402916,0.91488601712903478902845237343899677
0.592474775092482,0.59247477509248174651684302585882929,0.59247477509248177788300903489049776
0.84677723252056,0.84677723252056045320901426052485632,0.84677723252056049564484460247869814
0.788274857389985,0.78827485738998549108369567231050215,0.78827485738998547654265897752708414
0.350509790811182,0.35050979081118245813195320996749723,0.35050979081118245829178226638953092
0.411535331047225,0.41153533104722530885228267661616127,0.41153533104722528193908007811838212
0.599690661388725,0.59969066138872468734657011263207984,0.59969066138872464880816043028150839
0.902893794579637,0.90289379457963722747828141388305679,0.90289379457963720610844305721146161
0.480332489691052,0.48033248969105203989658424477014981,0.48033248969105205839972810416863192
0.321372334493697,0.32137233449369685130494414888712763,0.3213723344936968345056721128461031
0.35485294791638,0.35485294791638012038388868541107763,0.35485294791638013758274452215879444
0.980894628481414,0.98089462848141412300160517710831919,0.98089462848141411770549261373522349
0.959895333267395,0.95989533326739467783583612541401846,0.95989533326739467596952642700659489
0.328439889355105,0.32843988935510458007458930238490803,0.328439889355104587924821754495242
0.994404667344887,0.99440466734488670469747821467885537,0.99440466734488668522028989089225311
0.593275926710184,0.59327592671018436865910436665385478,0.59327592671018436087120542595416762
0.961011261513742,0.96101126151374171954225588249504288,0.96101126151374171415283202567123236
0.744496123191285,0.74449612319128464493112836954530336,0.74449612319128461099252060409638016
0.970567373240381,0.97056737324038073934820667797669044,0.97056737324038070996551927941768282
0.429617302430833,0.42961730243083341827074575531693227,0.429617302430833388115010234732868
0.956979939769468,0.95697993976946790609336884864471852,0.95697993976946795489327189821956768
0.592977934876159,0.59297793487615851661940824382499281,0.59297793487615853864608146955551124
0.428257584362685,0.42825758436268503977087497650107649,0.42825758436268504165965927327589187
0.445099233873907,0.44509923387390703215555806837681438,0.44509923387390704956305778450161423
0.95958810931963,0.95958810931963047814283458637350927,0.95958810931963043315997834225140833
0.94706561521675,0.9470656152167499473154572646855091,0.94706561521674989888419471893927575
0.356369694039284,0.35636969403928439892421589713057095,0.35636969403928441529995010030146964
0.738628307370162,0.73862830737016181092616665913830657,0.7386283073701617765008533579177688
0.816228036776297,0.81622803677629723335087066113686679,0.81622803677629721933517577807893164
0.403877139095118,0.40387713909511773056616863393830223,0.40387713909511775569048535109939892
0.607495152772917,0.60749515277291749168820693645952175,0.60749515277291746964913390391231972
0.425569390403288,0.42556939040328804092440515344087193,0.42556939040328801676167350552548313
0.572928821160952,0.57292882116095180882378381361476625,0.57292882116095185699350688351200425
0.5866532614759,0.58665326147590037731193104560703077,0.58665326147590036769249332054551428
0.835538436313518,0.8355384363135174857326983277002405,0.83553843631351755202603051437287168
0.757757931037879,0.7577579310378791276615962323621886,0.75775793103787915225274302253908304
0.85253019582614,0.85253019582614046375804626797961077,0.85253019582614047703280930392988029
0.850236164005879,0.85023616400587856365692746193736991,0.85023616400587854818474746155963926
0.803918815660762,0.80391881566076222592535017354482691,0.80391881566076226422206181473059028
0.327264956349328,0.32726495634932773659328735610337902,0.32726495634932774793237676383331292
0.946084720009688,0.94608472000968840680226389776422528,0.94608472000968841326879730874065548
0.708693159028896,0.70869315902889550164914139723872329,0.70869315902889552647522891665108053
0.71754286010515,0.71754286010514954419069684972944544,0.71754286010514950907091574461951872
0.525414733416298,0.52541473341629789413987208741523379,0.52541473341629791592967792302761045
0.97397666786452,0.97397666786452029154803100029395844,0.9739766678645203162189198578822724
0.505694271330395,0.50569427133039515128573378058781399,0.50569427133039510605797210848259314
0.954339306885946,0.95433930688594600067065651038302274,0.95433930688594595716418606701083312
0.978174493718595,0.97817449371859524908108851404450027,0.9781744937185952986537877551603258
0.476803564084509,0.47680356408450849024224707019806287,0.47680356408450850563831541443738228
0.540114222464057,0.54011422246405706008480247621820914,0.54011422246405703536205582420178084
0.756138892973549,0.75613889297354933108582610691989637,0.75613889297354927618069939819072816
0.882719379441977,0.88271937944197745404080313554154575,0.8827193794419774260921037983918111
0.795180762113231,0.79518076211323057282744233471523106,0.79518076211323060977715441513301928
0.851223236280962,0.85122323628096208078536412206835363,0.8512232362809620815068931566818313
0.332894283262373,0.33289428326237253856260146241458328,0.33289428326237255441502956776218862
0.935690883057069,0.93569088305706912624389565718222566,0.93569088305706906706608138630490983
0.527528198627245,0.52752819862724527702593321553493927,0.52752819862724524767862546524438751
0.985136418061957,0.98513641806195689697072430430852941,0.98513641806195690022956023278662857
0.924791658937727,0.92479165893772716728538182243372434,0.92479165893772711090699256860116491
0.846277945022662,0.84627794502266167024383156130993563,0.84627794502266167309148583258682288
0.827400374957257,0.82740037495725697788437556429797934,0.82740037495725693722311275543491024
0.326584226838628,0.32658422683862764169590027650416028,0.32658422683862762186042343746815972
0.433066248870093,0.43306624887009288827116045861881601,0.43306624887009285895473346105749455
0.858184585954077,0.85818458595407653394745493337398846,0.85818458595407654559464818098928328
0.862700529433592,0.86270052943359216610247664176182516,0.8627005294335922214103865028014167
0.614674941138355,0.61467494113835529877636830673305035,0.61467494113835530501372473923969314
0.767696852117715,0.76769685211771502481218727290168393,0.76769685211771503173640749816638763
0.973896256844619,0.97389625684461872215004308492881925,0.97389625684461872885259209170849876
0.979572539648691,0.97957253964869091526197128131357497,0.97957253964869087979028139895289731
0.626511454976585,0.626511454976584972040616344319152,0.62651145497658494479288726211903058
0.562643275323766,0.56264327532376607108955384060245825,0.56264327532376605209901574051587947
0.412817619273962,0.41281761927396230176850936388961753,0.41281761927396227462319098802101624
0.9559349485912,0.95593494859119975968440567296337829,0.9559349485911997752886876072195601
0.59541903214674,0.59541903214674028386059391795044008,0.59541903214674031876836677821500868
0.51586100303133,0.51586100303133048804351399270922491,0.51586100303133047216335977069779793
0.89707816392791,0.89707816392791033908601470684679468,0.89707816392791036096303127421811438
0.739935771592783,0.73993577159278345516439593619054413,0.73993577159278345152189423108154678
0.837446592784189,0.83744659278418894417661038767562821,0.83744659278418892872009540135767937
0.502758994962079,0.50275899496207921978419349389286119,0.50275899496207919759660157805639057
0.61957600948799,0.61957600948798965366201103406082781,0.61957600948798965280709591923640038
0.988900866786301,0.98890086678630053289912980583822368,0.98890086678630049799219641310807123
0.705856266381923,0.70585626638192309267606626413229605,0.7058562663819230710008270082671276
0.802855228461628,0.8028552284616277556045436808536395,0.8028552284616277529105954284222007
0.937267190500403,0.93726719050040275005313941181501732,0.9372671905004027440576108481911534
0.920197485810526,0.92019748581052625730380499445968055,0.92019748581052623017476504976464288
0.874684442219943,0.87468444221994351313722844675721083,0.87468444221994349952679389531719827
0.733247247767746,0.7332472477677464462019125598837465,0.73324724776774645019712441793481082
0.754208142697875,0.75420814269787509737157022240883381,0.75420814269787510015793366911795508
0.999773149861528,0.99977314986152791370811898245701123,0.99977314986152795075097963962002541
0.73798274699028,0.73798274699027990078242750467138884,0.73798274699027993258829416640397959
0.329488361219272,0.32948836121927181153624426482124661,0.32948836121927180693167993138947155
0.752737782819766,0.7527377828197663430112847187695955,0.75273778281976632160779770613645412
0.712517474689193,0.71251747468919320815026396774379621,0.71251747468919320966446523425059785
0.974808803553722,0.97480880355372247491904918560995728,0.97480880355372244161751577494195703
0.643834387517762,0.64383438751776203459450041903904868,0.6438343875177620674735211722814558
0.742348556382271,0.74234855638227148927552479204070869,0.74234855638227148072263572334729971
0.516402332751865,0.51640233275186446976060280310198019,0.51640233275186448477778429048915626
0.978658077006827,0.97865807700682676768920346603680814,0.97865807700682679257510409342854544
0.54445563477346,0.54445563477346014653169000063512354,0.54445563477346015528890170265499623
0.355752684695251,0.35575268469525071579708112972729577,0.35575268469525074732560794449819153
0.840276611445594,0.84027661144559427623700364201532907,0.84027661144559430435297920630808093
0.69224029791798,0.69224029791798036668414312709021755,0.69224029791798035895279411368871666
0.795092022830945,0.79509202283094547638791084520668258,0.79509202283094541813242439109837515
0.798081968316836,0.7980819683168358309414129154104888,0.79808196831683581773843424145440425
0.971431993672748,0.97143199367274801274152495882321528,0.97143199367274802243354925319704799
0.495900871500588,0.49590087150058765944436513923110174,0.49590087150058763698436612447099729
0.91356233702859,0.91356233702859033718697413246591593,0.91356233702859037159908927310279437
0.329013543563208,0.32901354356320844998695554383779451,0.32901354356320843749894686336880062
0.380295186229593,0.3802951862295929369548361268174262,0.38029518622959295107556981899284332
0.365597862829986,0.3655978628299861841810598497884261,0.36559786282998618894168152387485971
